{
  "HVIGOR_OHOS_PLUGIN": {
    "MODULES": [
      {
        "MODULE_NAME": "1043bfc77febe75fafec0c4309faccf1",
        "API_TYPE": "stageMode",
        "INCREMENTAL_TASKS": {
          "COMPILE_ARKTS": true
        }
      }
    ],
    "NATIVE_COMPILER": "Default",
    "BUILD_MODE": "debug"
  },
  "HVIGOR": {
    "IS_INCREMENTAL": true,
    "IS_DAEMON": true,
    "IS_PARALLEL": true,
    "IS_HVIGORFILE_TYPE_CHECK": false,
    "TASK_TIME": {
      "1043bfc77febe75fafec0c4309faccf1": {
        "CreateModuleInfo": 600500,
        "ConfigureCmake": 400700,
        "PreCheckSyscap": 745000,
        "ProcessIntegratedHsp": 705300,
        "BuildNativeWithCmake": 628500,
        "SyscapTransform": 2173700,
        "ProcessStartupConfig": 2120300,
        "BuildNativeWithNinja": 592600,
        "BuildJS": 2351400,
        "CompileArkTS": 2052032900,
        "PackageHap": 38986700,
        "SignHap": 205751700,
        "CollectDebugSymbol": 1904600,
        "assembleHap": 424500
      }
    },
    "APIS": [
      "getHvigorConfig",
      "getRootNodeDescriptor",
      "getChildNode",
      "getNodeByName",
      "getAllNodes",
      "getRootNode",
      "getNodeName",
      "getNodePath",
      "subNodes",
      "getExtraOption",
      "getExtParam",
      "getExtParams",
      "getProperty",
      "getProperties",
      "getParameter",
      "getProductName",
      "nodesEvaluated",
      "getCommandEntryTask",
      "getStartParams"
    ],
    "CONFIG_PROPERTIES": {
      "enableSignTask": true,
      "skipNativeIncremental": false,
      "hvigor_keepDependency": true
    },
    "TOTAL_TIME": 2600440400,
    "BUILD_ID": "202509291207165820"
  }
}