{"F:\\DevEcoStudioProject\\ui_project\\AppScope\\app.json5":{"hashValue":"7d887793d30c5dde70465ec84aa8fadd","name":"app.json5","path":"F:\\DevEcoStudioProject\\ui_project\\AppScope\\app.json5","type":"file","isSymbolicLink":false,"fileMetaData":{"size":222,"lastModifiedTime":1759110556885}},"F:\\DevEcoStudioProject\\ui_project\\entry\\src\\main\\module.json5":{"hashValue":"5fb092139015f8094840bd9e52a337b8","name":"module.json5","path":"F:\\DevEcoStudioProject\\ui_project\\entry\\src\\main\\module.json5","type":"file","isSymbolicLink":false,"fileMetaData":{"size":1698,"lastModifiedTime":1759110931084}},"F:\\DevEcoStudioProject\\ui_project\\build-profile.json5":{"hashValue":"654dd851db50ad2ab4f1988b01bf32b1","name":"build-profile.json5","path":"F:\\DevEcoStudioProject\\ui_project\\build-profile.json5","type":"file","isSymbolicLink":false,"fileMetaData":{"size":1592,"lastModifiedTime":1759111112056}},"F:\\DevEcoStudioProject\\ui_project\\entry\\build-profile.json5":{"hashValue":"2d074ce9517079cbb30eb8fcaad9dadf","name":"build-profile.json5","path":"F:\\DevEcoStudioProject\\ui_project\\entry\\build-profile.json5","type":"file","isSymbolicLink":false,"fileMetaData":{"size":449,"lastModifiedTime":1759110556293}},"F:\\DevEcoStudioProject\\ui_project\\entry\\src\\main\\resources\\base\\profile\\main_pages.json":{"hashValue":"aa5c0b4f1c6065d5fef3d7ddd5b5eedc","name":"main_pages.json","path":"F:\\DevEcoStudioProject\\ui_project\\entry\\src\\main\\resources\\base\\profile\\main_pages.json","type":"file","isSymbolicLink":false,"fileMetaData":{"size":37,"lastModifiedTime":1759110552077}},"F:\\DevEcoStudioProject\\ui_project\\hvigor\\hvigor-config.json5":{"hashValue":"ce5d326de609373402ea07fbe59b721d","name":"hvigor-config.json5","path":"F:\\DevEcoStudioProject\\ui_project\\hvigor\\hvigor-config.json5","type":"file","isSymbolicLink":false,"fileMetaData":{"size":1467,"lastModifiedTime":1759110551509}},"F:\\DevEcoStudioProject\\ui_project\\entry\\src\\mock\\mock-config.json5":{"hashValue":"345ebf39f7cca8f4319846c00f86a568","name":"mock-config.json5","path":"F:\\DevEcoStudioProject\\ui_project\\entry\\src\\mock\\mock-config.json5","type":"file","isSymbolicLink":false,"fileMetaData":{"size":3,"lastModifiedTime":1759110551886}},"F:\\DevEcoStudioProject\\ui_project\\entry\\oh-package.json5":{"hashValue":"d89aa9dceb50e275caa428241bf55135","name":"oh-package.json5","path":"F:\\DevEcoStudioProject\\ui_project\\entry\\oh-package.json5","type":"file","isSymbolicLink":false,"fileMetaData":{"size":183,"lastModifiedTime":1759110551707}},"F:\\DevEcoStudioProject\\ui_project\\oh-package.json5":{"hashValue":"8455b45b253f931ec588560b4c2eea69","name":"oh-package.json5","path":"F:\\DevEcoStudioProject\\ui_project\\oh-package.json5","type":"file","isSymbolicLink":false,"fileMetaData":{"size":210,"lastModifiedTime":1759110556260}},"F:\\DevEcoStudioProject\\ui_project\\entry\\build\\default\\intermediates\\hap_metadata\\default\\output_metadata.json":{"hashValue":"00e5c6ddbe92b241d9910a41b04c99c6","name":"output_metadata.json","path":"F:\\DevEcoStudioProject\\ui_project\\entry\\build\\default\\intermediates\\hap_metadata\\default\\output_metadata.json","type":"file","isSymbolicLink":false,"fileMetaData":{"size":130,"lastModifiedTime":1759111136787}},"F:\\DevEcoStudioProject\\ui_project\\entry\\build\\default\\intermediates\\merge_profile\\default\\module.json":{"hashValue":"e3c7a4a08cdd1b465913d92de1eeece5","name":"module.json","path":"F:\\DevEcoStudioProject\\ui_project\\entry\\build\\default\\intermediates\\merge_profile\\default\\module.json","type":"file","isSymbolicLink":false,"fileMetaData":{"size":1860,"lastModifiedTime":1759111136795}},"F:\\DevEcoStudioProject\\ui_project\\entry\\build\\default\\generated\\profile\\default\\BuildProfile.ets":{"hashValue":"efcc15f62815849442fdd6c91359d66d","name":"BuildProfile.ets","path":"F:\\DevEcoStudioProject\\ui_project\\entry\\build\\default\\generated\\profile\\default\\BuildProfile.ets","type":"file","isSymbolicLink":false,"fileMetaData":{"size":865,"lastModifiedTime":1759111136800}},"F:\\DevEcoStudioProject\\ui_project\\entry\\build\\default\\intermediates\\loader\\default\\pkgContextInfo.json":{"hashValue":"3fed6bfb4c16042cec28a869ffb28553","name":"pkgContextInfo.json","path":"F:\\DevEcoStudioProject\\ui_project\\entry\\build\\default\\intermediates\\loader\\default\\pkgContextInfo.json","type":"file","isSymbolicLink":false,"fileMetaData":{"size":444,"lastModifiedTime":1759110944582}},"F:\\DevEcoStudioProject\\ui_project\\entry\\src\\main\\resources\\base\\profile\\backup_config.json":{"hashValue":"5907e2cd9b2be77f0960ca3b8d79b090","name":"backup_config.json","path":"F:\\DevEcoStudioProject\\ui_project\\entry\\src\\main\\resources\\base\\profile\\backup_config.json","type":"file","isSymbolicLink":false,"fileMetaData":{"size":36,"lastModifiedTime":1759110552450}},"F:\\DevEcoStudioProject\\ui_project\\entry\\build\\default\\outputs\\default\\pack.info":{"hashValue":"4bca3c8e0ac1134df173fc1c46c5f2a0","name":"pack.info","path":"F:\\DevEcoStudioProject\\ui_project\\entry\\build\\default\\outputs\\default\\pack.info","type":"file","isSymbolicLink":false,"fileMetaData":{"size":661,"lastModifiedTime":1759111136818}},"F:\\deveco5.1.1\\DevEco Studio\\sdk\\default\\openharmony\\toolchains\\syscap_tool.exe":{"hashValue":"72f59da356c1299d56f80609863f4d9c","name":"syscap_tool.exe","path":"F:\\deveco5.1.1\\DevEco Studio\\sdk\\default\\openharmony\\toolchains\\syscap_tool.exe","type":"file","isSymbolicLink":false,"fileMetaData":{"size":366464,"lastModifiedTime":1754278865000}},"F:\\deveco5.1.1\\DevEco Studio\\sdk\\default\\openharmony\\ets\\api\\device-define":{"hashValue":"28e4727bd0db6b4f6977d7c3eb87ebbd","name":"device-define","path":"F:\\deveco5.1.1\\DevEco Studio\\sdk\\default\\openharmony\\ets\\api\\device-define","type":"directory","isSymbolicLink":false,"children":[{"hashValue":"f53e9918aef4e3ae779ccea206e78553","name":"2in1.json","path":"F:\\deveco5.1.1\\DevEco Studio\\sdk\\default\\openharmony\\ets\\api\\device-define\\2in1.json","type":"file","isSymbolicLink":false,"fileMetaData":{"size":11889,"lastModifiedTime":1754278865000}},{"hashValue":"83eca261c7913ba1e94617a4e43b5eff","name":"default.json","path":"F:\\deveco5.1.1\\DevEco Studio\\sdk\\default\\openharmony\\ets\\api\\device-define\\default.json","type":"file","isSymbolicLink":false,"fileMetaData":{"size":12450,"lastModifiedTime":1754278865000}},{"hashValue":"fcd078b63eb11bb51f312cfa3d34019a","name":"liteWearable.json","path":"F:\\deveco5.1.1\\DevEco Studio\\sdk\\default\\openharmony\\ets\\api\\device-define\\liteWearable.json","type":"file","isSymbolicLink":false,"fileMetaData":{"size":949,"lastModifiedTime":1754278865000}},{"hashValue":"d6169d9fff4335a5d125141789405f16","name":"tablet.json","path":"F:\\deveco5.1.1\\DevEco Studio\\sdk\\default\\openharmony\\ets\\api\\device-define\\tablet.json","type":"file","isSymbolicLink":false,"fileMetaData":{"size":12010,"lastModifiedTime":1754278865000}},{"hashValue":"19c469f286324b7c8a68873810805cfe","name":"tv.json","path":"F:\\deveco5.1.1\\DevEco Studio\\sdk\\default\\openharmony\\ets\\api\\device-define\\tv.json","type":"file","isSymbolicLink":false,"fileMetaData":{"size":10319,"lastModifiedTime":1754278865000}},{"hashValue":"933f9b34647c03281b52a88ce22a7986","name":"wearable.json","path":"F:\\deveco5.1.1\\DevEco Studio\\sdk\\default\\openharmony\\ets\\api\\device-define\\wearable.json","type":"file","isSymbolicLink":false,"fileMetaData":{"size":10720,"lastModifiedTime":1754278865000}}]},"F:\\DevEcoStudioProject\\ui_project\\entry\\build\\default\\intermediates\\process_profile\\default\\module.json":{"hashValue":"492ff29f2af3db6c4d3afecaae0663fa","name":"module.json","path":"F:\\DevEcoStudioProject\\ui_project\\entry\\build\\default\\intermediates\\process_profile\\default\\module.json","type":"file","isSymbolicLink":false,"fileMetaData":{"size":1946,"lastModifiedTime":1759111136947}},"F:\\DevEcoStudioProject\\ui_project\\entry\\build\\default\\intermediates\\router_map\\default\\temp-router-map.json":{"hashValue":"4d169e2c336f0a6a06f9e3bc045da489","name":"temp-router-map.json","path":"F:\\DevEcoStudioProject\\ui_project\\entry\\build\\default\\intermediates\\router_map\\default\\temp-router-map.json","type":"file","isSymbolicLink":false,"fileMetaData":{"size":16,"lastModifiedTime":1759110944835}},"F:\\DevEcoStudioProject\\ui_project\\entry\\build\\default\\intermediates\\router_map\\default\\loader-router-map.json":{"hashValue":"94cb1e8b6ea3dc0ed36f230bc7d50f7f","name":"loader-router-map.json","path":"F:\\DevEcoStudioProject\\ui_project\\entry\\build\\default\\intermediates\\router_map\\default\\loader-router-map.json","type":"file","isSymbolicLink":false,"fileMetaData":{"size":16,"lastModifiedTime":1759110944838}},"F:\\DevEcoStudioProject\\ui_project\\entry\\build\\default\\intermediates\\res\\default\\resConfig.json":{"hashValue":"ec267d856fdca63b4b65bb3cb58d94da","name":"resConfig.json","path":"F:\\DevEcoStudioProject\\ui_project\\entry\\build\\default\\intermediates\\res\\default\\resConfig.json","type":"file","isSymbolicLink":false,"fileMetaData":{"size":1069,"lastModifiedTime":1759110944859}},"F:\\DevEcoStudioProject\\ui_project\\entry\\build\\default\\intermediates\\res\\default\\opt-compression.json":{"hashValue":"8a1ed97788aa831414cbfac9e190d899","name":"opt-compression.json","path":"F:\\DevEcoStudioProject\\ui_project\\entry\\build\\default\\intermediates\\res\\default\\opt-compression.json","type":"file","isSymbolicLink":false,"fileMetaData":{"size":185,"lastModifiedTime":1759110944857}},"F:\\DevEcoStudioProject\\ui_project\\entry\\build\\default\\intermediates\\loader\\default\\loader.json":{"hashValue":"fb2b45b8c2c2a817af96e2bbd09e7599","name":"loader.json","path":"F:\\DevEcoStudioProject\\ui_project\\entry\\build\\default\\intermediates\\loader\\default\\loader.json","type":"file","isSymbolicLink":false,"fileMetaData":{"size":931,"lastModifiedTime":1759110944880}},"F:\\DevEcoStudioProject\\ui_project\\entry\\build\\default\\intermediates\\libs\\default":{"hashValue":"","name":"default","path":"F:\\DevEcoStudioProject\\ui_project\\entry\\build\\default\\intermediates\\libs\\default","type":"directory","isSymbolicLink":false,"children":[]},"F:\\DevEcoStudioProject\\ui_project\\entry\\src\\main\\resources":{"hashValue":"b73197155aa324ac8c2f957dc0cd4c69","name":"resources","path":"F:\\DevEcoStudioProject\\ui_project\\entry\\src\\main\\resources","type":"directory","isSymbolicLink":false,"children":[{"hashValue":"8d3f7f2940b77cdfaaa60efae152e613","name":"base","path":"F:\\DevEcoStudioProject\\ui_project\\entry\\src\\main\\resources\\base","type":"directory","isSymbolicLink":false,"children":[{"hashValue":"ca0700d06415f5c472c20ba9c31ba58d","name":"element","path":"F:\\DevEcoStudioProject\\ui_project\\entry\\src\\main\\resources\\base\\element","type":"directory","isSymbolicLink":false,"children":[{"hashValue":"ad93fab25b3d2e117a48f900e6faa281","name":"color.json","path":"F:\\DevEcoStudioProject\\ui_project\\entry\\src\\main\\resources\\base\\element\\color.json","type":"file","isSymbolicLink":false,"fileMetaData":{"size":105,"lastModifiedTime":1759110551957}},{"hashValue":"8b243cd3dad9b97824cef39577355b46","name":"float.json","path":"F:\\DevEcoStudioProject\\ui_project\\entry\\src\\main\\resources\\base\\element\\float.json","type":"file","isSymbolicLink":false,"fileMetaData":{"size":100,"lastModifiedTime":1759110552007}},{"hashValue":"c5589e1ae486d65c7e7b76fd89ec134d","name":"string.json","path":"F:\\DevEcoStudioProject\\ui_project\\entry\\src\\main\\resources\\base\\element\\string.json","type":"file","isSymbolicLink":false,"fileMetaData":{"size":763,"lastModifiedTime":1759110678254}}]},{"hashValue":"3c2fcbbc204c13d73318d0341b0ab52e","name":"media","path":"F:\\DevEcoStudioProject\\ui_project\\entry\\src\\main\\resources\\base\\media","type":"directory","isSymbolicLink":false,"children":[{"hashValue":"a7b2562c5271551b6f44eb5b36068db6","name":"background.png","path":"F:\\DevEcoStudioProject\\ui_project\\entry\\src\\main\\resources\\base\\media\\background.png","type":"file","isSymbolicLink":false,"fileMetaData":{"size":91942,"lastModifiedTime":1756892613308}},{"hashValue":"20b25a28943576c57b062d3bc70229b7","name":"car.png","path":"F:\\DevEcoStudioProject\\ui_project\\entry\\src\\main\\resources\\base\\media\\car.png","type":"file","isSymbolicLink":false,"fileMetaData":{"size":4938,"lastModifiedTime":1757505661599}},{"hashValue":"58269bf2f68521dab0cc95205d8f201d","name":"img_1.png","path":"F:\\DevEcoStudioProject\\ui_project\\entry\\src\\main\\resources\\base\\media\\img_1.png","type":"file","isSymbolicLink":false,"fileMetaData":{"size":196584,"lastModifiedTime":1759065780768}},{"hashValue":"034f89f235be89b276cba2272eb39b12","name":"img_2.png","path":"F:\\DevEcoStudioProject\\ui_project\\entry\\src\\main\\resources\\base\\media\\img_2.png","type":"file","isSymbolicLink":false,"fileMetaData":{"size":122317,"lastModifiedTime":1759065828888}},{"hashValue":"bde7d716e308a0ebae50941d400a4e5e","name":"img.png","path":"F:\\DevEcoStudioProject\\ui_project\\entry\\src\\main\\resources\\base\\media\\img.png","type":"file","isSymbolicLink":false,"fileMetaData":{"size":193278,"lastModifiedTime":1759065879617}},{"hashValue":"1994c4e4f4147b43de02da55fc9bc769","name":"layered_image.json","path":"F:\\DevEcoStudioProject\\ui_project\\entry\\src\\main\\resources\\base\\media\\layered_image.json","type":"file","isSymbolicLink":false,"fileMetaData":{"size":109,"lastModifiedTime":1756892613323}},{"hashValue":"ea6043f78c381db90fff70eb0be9948e","name":"startIcon.png","path":"F:\\DevEcoStudioProject\\ui_project\\entry\\src\\main\\resources\\base\\media\\startIcon.png","type":"file","isSymbolicLink":false,"fileMetaData":{"size":20093,"lastModifiedTime":1756892613367}}]},{"hashValue":"021c582a4106933a417d3f5f42a4fe10","name":"profile","path":"F:\\DevEcoStudioProject\\ui_project\\entry\\src\\main\\resources\\base\\profile","type":"directory","isSymbolicLink":false,"children":[{"hashValue":"5907e2cd9b2be77f0960ca3b8d79b090","name":"backup_config.json","path":"F:\\DevEcoStudioProject\\ui_project\\entry\\src\\main\\resources\\base\\profile\\backup_config.json","type":"file","isSymbolicLink":false,"fileMetaData":{"size":36,"lastModifiedTime":1759110552450}},{"hashValue":"aa5c0b4f1c6065d5fef3d7ddd5b5eedc","name":"main_pages.json","path":"F:\\DevEcoStudioProject\\ui_project\\entry\\src\\main\\resources\\base\\profile\\main_pages.json","type":"file","isSymbolicLink":false,"fileMetaData":{"size":37,"lastModifiedTime":1759110552077}}]}]},{"hashValue":"13c420894ed45c25d55d2a9eecf9e399","name":"dark","path":"F:\\DevEcoStudioProject\\ui_project\\entry\\src\\main\\resources\\dark","type":"directory","isSymbolicLink":false,"children":[{"hashValue":"9ed991171b6bc0c05f342c450986dae9","name":"element","path":"F:\\DevEcoStudioProject\\ui_project\\entry\\src\\main\\resources\\dark\\element","type":"directory","isSymbolicLink":false,"children":[{"hashValue":"e1e80576cf51bcef9b0ee4ff043b34eb","name":"color.json","path":"F:\\DevEcoStudioProject\\ui_project\\entry\\src\\main\\resources\\dark\\element\\color.json","type":"file","isSymbolicLink":false,"fileMetaData":{"size":105,"lastModifiedTime":1759110552357}}]}]},{"hashValue":"","name":"rawfile","path":"F:\\DevEcoStudioProject\\ui_project\\entry\\src\\main\\resources\\rawfile","type":"directory","isSymbolicLink":false,"children":[]}]},"F:\\DevEcoStudioProject\\ui_project\\AppScope\\resources":{"hashValue":"70dc4e7e58ac0318d795a935222d29fa","name":"resources","path":"F:\\DevEcoStudioProject\\ui_project\\AppScope\\resources","type":"directory","isSymbolicLink":false,"children":[{"hashValue":"414ddfb8ed3be6ac0f3a55da38819714","name":"base","path":"F:\\DevEcoStudioProject\\ui_project\\AppScope\\resources\\base","type":"directory","isSymbolicLink":false,"children":[{"hashValue":"a12e74d144d8954d6efcb95cb7aadebc","name":"element","path":"F:\\DevEcoStudioProject\\ui_project\\AppScope\\resources\\base\\element","type":"directory","isSymbolicLink":false,"children":[{"hashValue":"5a1dfe8b6e808ab72bc60fd18fc32bd0","name":"string.json","path":"F:\\DevEcoStudioProject\\ui_project\\AppScope\\resources\\base\\element\\string.json","type":"file","isSymbolicLink":false,"fileMetaData":{"size":96,"lastModifiedTime":1759110551624}}]},{"hashValue":"08cf6cb33df0c983c32a7a408ec7d561","name":"media","path":"F:\\DevEcoStudioProject\\ui_project\\AppScope\\resources\\base\\media","type":"directory","isSymbolicLink":false,"children":[{"hashValue":"49c567aa97e606cb7f40d8774b20ddf8","name":"background.png","path":"F:\\DevEcoStudioProject\\ui_project\\AppScope\\resources\\base\\media\\background.png","type":"file","isSymbolicLink":false,"fileMetaData":{"size":91942,"lastModifiedTime":1759110551566}},{"hashValue":"daa24d8534d1d969cd327a51f3e24738","name":"foreground.png","path":"F:\\DevEcoStudioProject\\ui_project\\AppScope\\resources\\base\\media\\foreground.png","type":"file","isSymbolicLink":false,"fileMetaData":{"size":15325,"lastModifiedTime":1759110551574}},{"hashValue":"6854d27396ee4e5fe5bcebb8c7642dc5","name":"layered_image.json","path":"F:\\DevEcoStudioProject\\ui_project\\AppScope\\resources\\base\\media\\layered_image.json","type":"file","isSymbolicLink":false,"fileMetaData":{"size":109,"lastModifiedTime":1759110551581}}]}]}]},"F:\\DevEcoStudioProject\\ui_project\\entry\\build\\default\\intermediates\\res\\default":{"hashValue":"e28157f31ac0e7edd1ce7993757efa9b","name":"default","path":"F:\\DevEcoStudioProject\\ui_project\\entry\\build\\default\\intermediates\\res\\default","type":"directory","isSymbolicLink":false,"children":[{"hashValue":"d581b4071c0fa641a8407539eb392d37","name":".caches","path":"F:\\DevEcoStudioProject\\ui_project\\entry\\build\\default\\intermediates\\res\\default\\.caches","type":"directory","isSymbolicLink":false,"children":[{"hashValue":"a70645ca20f2c6a4d09c45f30b110810","name":"base","path":"F:\\DevEcoStudioProject\\ui_project\\entry\\build\\default\\intermediates\\res\\default\\.caches\\base","type":"directory","isSymbolicLink":false,"children":[{"hashValue":"9c6ea2939533977f5a046168807ec103","name":"media","path":"F:\\DevEcoStudioProject\\ui_project\\entry\\build\\default\\intermediates\\res\\default\\.caches\\base\\media","type":"directory","isSymbolicLink":false,"children":[{"hashValue":"43580c36f79b3b3574f6c9dfe8f2d8d9","name":"background.png","path":"F:\\DevEcoStudioProject\\ui_project\\entry\\build\\default\\intermediates\\res\\default\\.caches\\base\\media\\background.png","type":"file","isSymbolicLink":false,"fileMetaData":{"size":70283,"lastModifiedTime":1759111137267}},{"hashValue":"d544f05757524424fa3bf90fc936fb77","name":"foreground.png","path":"F:\\DevEcoStudioProject\\ui_project\\entry\\build\\default\\intermediates\\res\\default\\.caches\\base\\media\\foreground.png","type":"file","isSymbolicLink":false,"fileMetaData":{"size":13086,"lastModifiedTime":1759111137308}}]}]}]},{"hashValue":"1c06b892d6a2f398253fb926404e93bf","name":"ark_module.json","path":"F:\\DevEcoStudioProject\\ui_project\\entry\\build\\default\\intermediates\\res\\default\\ark_module.json","type":"file","isSymbolicLink":false,"fileMetaData":{"size":1518,"lastModifiedTime":1759111136947}},{"hashValue":"4778fece8d167fda102a6a0dc968fe00","name":"ids_map","path":"F:\\DevEcoStudioProject\\ui_project\\entry\\build\\default\\intermediates\\res\\default\\ids_map","type":"directory","isSymbolicLink":false,"children":[{"hashValue":"57687d4e3a827c1f3cd7099c00035cc5","name":"id_defined.json","path":"F:\\DevEcoStudioProject\\ui_project\\entry\\build\\default\\intermediates\\res\\default\\ids_map\\id_defined.json","type":"file","isSymbolicLink":false,"fileMetaData":{"size":1667,"lastModifiedTime":1759111137310}}]},{"hashValue":"3422cc6bf25eaecd1291ce88e3048842","name":"module.json","path":"F:\\DevEcoStudioProject\\ui_project\\entry\\build\\default\\intermediates\\res\\default\\module.json","type":"file","isSymbolicLink":false,"fileMetaData":{"size":2126,"lastModifiedTime":1759111137219}},{"hashValue":"8a1ed97788aa831414cbfac9e190d899","name":"opt-compression.json","path":"F:\\DevEcoStudioProject\\ui_project\\entry\\build\\default\\intermediates\\res\\default\\opt-compression.json","type":"file","isSymbolicLink":false,"fileMetaData":{"size":185,"lastModifiedTime":1759110944857}},{"hashValue":"ec267d856fdca63b4b65bb3cb58d94da","name":"resConfig.json","path":"F:\\DevEcoStudioProject\\ui_project\\entry\\build\\default\\intermediates\\res\\default\\resConfig.json","type":"file","isSymbolicLink":false,"fileMetaData":{"size":1069,"lastModifiedTime":1759110944859}},{"hashValue":"4d0c125405ea19e4fc975a3b5bcffc74","name":"resources","path":"F:\\DevEcoStudioProject\\ui_project\\entry\\build\\default\\intermediates\\res\\default\\resources","type":"directory","isSymbolicLink":false,"children":[{"hashValue":"3079e37a980e816d430000335c2ffd57","name":"base","path":"F:\\DevEcoStudioProject\\ui_project\\entry\\build\\default\\intermediates\\res\\default\\resources\\base","type":"directory","isSymbolicLink":false,"children":[{"hashValue":"a651f6f75c0d5bf23d862bb247e9c54e","name":"media","path":"F:\\DevEcoStudioProject\\ui_project\\entry\\build\\default\\intermediates\\res\\default\\resources\\base\\media","type":"directory","isSymbolicLink":false,"children":[{"hashValue":"43580c36f79b3b3574f6c9dfe8f2d8d9","name":"background.png","path":"F:\\DevEcoStudioProject\\ui_project\\entry\\build\\default\\intermediates\\res\\default\\resources\\base\\media\\background.png","type":"file","isSymbolicLink":false,"fileMetaData":{"size":70283,"lastModifiedTime":1759111137267}},{"hashValue":"20b25a28943576c57b062d3bc70229b7","name":"car.png","path":"F:\\DevEcoStudioProject\\ui_project\\entry\\build\\default\\intermediates\\res\\default\\resources\\base\\media\\car.png","type":"file","isSymbolicLink":false,"fileMetaData":{"size":4938,"lastModifiedTime":1757505661599}},{"hashValue":"d544f05757524424fa3bf90fc936fb77","name":"foreground.png","path":"F:\\DevEcoStudioProject\\ui_project\\entry\\build\\default\\intermediates\\res\\default\\resources\\base\\media\\foreground.png","type":"file","isSymbolicLink":false,"fileMetaData":{"size":13086,"lastModifiedTime":1759111137308}},{"hashValue":"58269bf2f68521dab0cc95205d8f201d","name":"img_1.png","path":"F:\\DevEcoStudioProject\\ui_project\\entry\\build\\default\\intermediates\\res\\default\\resources\\base\\media\\img_1.png","type":"file","isSymbolicLink":false,"fileMetaData":{"size":196584,"lastModifiedTime":1759065780768}},{"hashValue":"034f89f235be89b276cba2272eb39b12","name":"img_2.png","path":"F:\\DevEcoStudioProject\\ui_project\\entry\\build\\default\\intermediates\\res\\default\\resources\\base\\media\\img_2.png","type":"file","isSymbolicLink":false,"fileMetaData":{"size":122317,"lastModifiedTime":1759065828888}},{"hashValue":"bde7d716e308a0ebae50941d400a4e5e","name":"img.png","path":"F:\\DevEcoStudioProject\\ui_project\\entry\\build\\default\\intermediates\\res\\default\\resources\\base\\media\\img.png","type":"file","isSymbolicLink":false,"fileMetaData":{"size":193278,"lastModifiedTime":1759065879617}},{"hashValue":"2290441bed98f3cb0baf6c43b082c218","name":"layered_image.json","path":"F:\\DevEcoStudioProject\\ui_project\\entry\\build\\default\\intermediates\\res\\default\\resources\\base\\media\\layered_image.json","type":"file","isSymbolicLink":false,"fileMetaData":{"size":95,"lastModifiedTime":1759111137216}},{"hashValue":"ea6043f78c381db90fff70eb0be9948e","name":"startIcon.png","path":"F:\\DevEcoStudioProject\\ui_project\\entry\\build\\default\\intermediates\\res\\default\\resources\\base\\media\\startIcon.png","type":"file","isSymbolicLink":false,"fileMetaData":{"size":20093,"lastModifiedTime":1756892613367}}]},{"hashValue":"021c582a4106933a417d3f5f42a4fe10","name":"profile","path":"F:\\DevEcoStudioProject\\ui_project\\entry\\build\\default\\intermediates\\res\\default\\resources\\base\\profile","type":"directory","isSymbolicLink":false,"children":[{"hashValue":"5907e2cd9b2be77f0960ca3b8d79b090","name":"backup_config.json","path":"F:\\DevEcoStudioProject\\ui_project\\entry\\build\\default\\intermediates\\res\\default\\resources\\base\\profile\\backup_config.json","type":"file","isSymbolicLink":false,"fileMetaData":{"size":36,"lastModifiedTime":1759110552450}},{"hashValue":"aa5c0b4f1c6065d5fef3d7ddd5b5eedc","name":"main_pages.json","path":"F:\\DevEcoStudioProject\\ui_project\\entry\\build\\default\\intermediates\\res\\default\\resources\\base\\profile\\main_pages.json","type":"file","isSymbolicLink":false,"fileMetaData":{"size":37,"lastModifiedTime":1759110552077}}]}]},{"hashValue":"","name":"rawfile","path":"F:\\DevEcoStudioProject\\ui_project\\entry\\build\\default\\intermediates\\res\\default\\resources\\rawfile","type":"directory","isSymbolicLink":false,"children":[]}]},{"hashValue":"ebe60eda25a218c63f2c721f38fe54e2","name":"resources.index","path":"F:\\DevEcoStudioProject\\ui_project\\entry\\build\\default\\intermediates\\res\\default\\resources.index","type":"file","isSymbolicLink":false,"fileMetaData":{"size":1664,"lastModifiedTime":1759111137310}},{"hashValue":"f6c4e21e3f98ab6a33fd5b84fde817ff","name":"ResourceTable.txt","path":"F:\\DevEcoStudioProject\\ui_project\\entry\\build\\default\\intermediates\\res\\default\\ResourceTable.txt","type":"file","isSymbolicLink":false,"fileMetaData":{"size":639,"lastModifiedTime":1759111137217}}]},"F:\\DevEcoStudioProject\\ui_project\\entry\\build\\default\\generated\\r\\default\\ResourceTable.h":{"hashValue":"a0027f685e29db4ec40145b89ebee358","name":"ResourceTable.h","path":"F:\\DevEcoStudioProject\\ui_project\\entry\\build\\default\\generated\\r\\default\\ResourceTable.h","type":"file","isSymbolicLink":false,"fileMetaData":{"size":1719,"lastModifiedTime":1759111137217}},"F:\\DevEcoStudioProject\\ui_project\\entry\\build\\default\\generated\\r\\default":{"hashValue":"3da43648c332ddc3c5ab75ab1a483df3","name":"default","path":"F:\\DevEcoStudioProject\\ui_project\\entry\\build\\default\\generated\\r\\default","type":"directory","isSymbolicLink":false,"children":[{"hashValue":"a0027f685e29db4ec40145b89ebee358","name":"ResourceTable.h","path":"F:\\DevEcoStudioProject\\ui_project\\entry\\build\\default\\generated\\r\\default\\ResourceTable.h","type":"file","isSymbolicLink":false,"fileMetaData":{"size":1719,"lastModifiedTime":1759111137217}}]},"F:\\DevEcoStudioProject\\ui_project\\entry\\build\\default\\intermediates\\stripped_native_libs\\default":{"hashValue":"","name":"default","path":"F:\\DevEcoStudioProject\\ui_project\\entry\\build\\default\\intermediates\\stripped_native_libs\\default","type":"directory","isSymbolicLink":false,"children":[]},"F:\\DevEcoStudioProject\\ui_project\\entry\\build\\default\\intermediates\\loader\\default":{"hashValue":"1318986b57bc73aa6d5737b270a942e7","name":"default","path":"F:\\DevEcoStudioProject\\ui_project\\entry\\build\\default\\intermediates\\loader\\default","type":"directory","isSymbolicLink":false,"children":[{"hashValue":"fb2b45b8c2c2a817af96e2bbd09e7599","name":"loader.json","path":"F:\\DevEcoStudioProject\\ui_project\\entry\\build\\default\\intermediates\\loader\\default\\loader.json","type":"file","isSymbolicLink":false,"fileMetaData":{"size":931,"lastModifiedTime":1759110944880}},{"hashValue":"3fed6bfb4c16042cec28a869ffb28553","name":"pkgContextInfo.json","path":"F:\\DevEcoStudioProject\\ui_project\\entry\\build\\default\\intermediates\\loader\\default\\pkgContextInfo.json","type":"file","isSymbolicLink":false,"fileMetaData":{"size":444,"lastModifiedTime":1759110944582}}]},"F:\\DevEcoStudioProject\\ui_project\\entry\\build\\default\\intermediates\\res\\default\\resources\\rawfile":{"hashValue":"","name":"rawfile","path":"F:\\DevEcoStudioProject\\ui_project\\entry\\build\\default\\intermediates\\res\\default\\resources\\rawfile","type":"directory","isSymbolicLink":false,"children":[]},"F:\\DevEcoStudioProject\\ui_project\\entry\\build\\default\\intermediates\\res\\default\\ResourceTable.txt":{"hashValue":"f6c4e21e3f98ab6a33fd5b84fde817ff","name":"ResourceTable.txt","path":"F:\\DevEcoStudioProject\\ui_project\\entry\\build\\default\\intermediates\\res\\default\\ResourceTable.txt","type":"file","isSymbolicLink":false,"fileMetaData":{"size":639,"lastModifiedTime":1759111137217}},"F:\\DevEcoStudioProject\\ui_project\\entry\\build\\default\\intermediates\\res\\default\\ark_module.json":{"hashValue":"1c06b892d6a2f398253fb926404e93bf","name":"ark_module.json","path":"F:\\DevEcoStudioProject\\ui_project\\entry\\build\\default\\intermediates\\res\\default\\ark_module.json","type":"file","isSymbolicLink":false,"fileMetaData":{"size":1518,"lastModifiedTime":1759111136947}},"F:\\DevEcoStudioProject\\ui_project\\entry\\build\\default\\intermediates\\res\\default\\resources\\base\\profile":{"hashValue":"021c582a4106933a417d3f5f42a4fe10","name":"profile","path":"F:\\DevEcoStudioProject\\ui_project\\entry\\build\\default\\intermediates\\res\\default\\resources\\base\\profile","type":"directory","isSymbolicLink":false,"children":[{"hashValue":"5907e2cd9b2be77f0960ca3b8d79b090","name":"backup_config.json","path":"F:\\DevEcoStudioProject\\ui_project\\entry\\build\\default\\intermediates\\res\\default\\resources\\base\\profile\\backup_config.json","type":"file","isSymbolicLink":false,"fileMetaData":{"size":36,"lastModifiedTime":1759110552450}},{"hashValue":"aa5c0b4f1c6065d5fef3d7ddd5b5eedc","name":"main_pages.json","path":"F:\\DevEcoStudioProject\\ui_project\\entry\\build\\default\\intermediates\\res\\default\\resources\\base\\profile\\main_pages.json","type":"file","isSymbolicLink":false,"fileMetaData":{"size":37,"lastModifiedTime":1759110552077}}]},"F:\\DevEcoStudioProject\\ui_project\\entry\\src\\main\\ets":{"hashValue":"620a4cfdb2b2089d662ac4253e15062e","name":"ets","path":"F:\\DevEcoStudioProject\\ui_project\\entry\\src\\main\\ets","type":"directory","isSymbolicLink":false,"children":[{"hashValue":"f2fa8809c8461419090af33302905341","name":"entryability","path":"F:\\DevEcoStudioProject\\ui_project\\entry\\src\\main\\ets\\entryability","type":"directory","isSymbolicLink":false,"children":[{"hashValue":"1d309929e27530e000d09b800a94afc3","name":"EntryAbility.ets","path":"F:\\DevEcoStudioProject\\ui_project\\entry\\src\\main\\ets\\entryability\\EntryAbility.ets","type":"file","isSymbolicLink":false,"fileMetaData":{"size":1623,"lastModifiedTime":1759110552099}}]},{"hashValue":"9ca1a2bf87b64fe2d997849a9927362e","name":"entrybackupability","path":"F:\\DevEcoStudioProject\\ui_project\\entry\\src\\main\\ets\\entrybackupability","type":"directory","isSymbolicLink":false,"children":[{"hashValue":"fb2d15f3ccd647b0430abb48b32620a8","name":"EntryBackupAbility.ets","path":"F:\\DevEcoStudioProject\\ui_project\\entry\\src\\main\\ets\\entrybackupability\\EntryBackupAbility.ets","type":"file","isSymbolicLink":false,"fileMetaData":{"size":522,"lastModifiedTime":1759110556826}}]},{"hashValue":"0ca924c76a168d3f2f5b56445b0689de","name":"pages","path":"F:\\DevEcoStudioProject\\ui_project\\entry\\src\\main\\ets\\pages","type":"directory","isSymbolicLink":false,"children":[{"hashValue":"bed35cbbb4633122cb51d10c5b755d31","name":"Index.ets","path":"F:\\DevEcoStudioProject\\ui_project\\entry\\src\\main\\ets\\pages\\Index.ets","type":"file","isSymbolicLink":false,"fileMetaData":{"size":34305,"lastModifiedTime":1759118836334}}]}]},"F:\\DevEcoStudioProject\\ui_project\\entry\\build\\default\\intermediates\\loader_out\\default\\ets":{"hashValue":"24d9946f1829bd0d2a49bd4a601afcde","name":"ets","path":"F:\\DevEcoStudioProject\\ui_project\\entry\\build\\default\\intermediates\\loader_out\\default\\ets","type":"directory","isSymbolicLink":false,"children":[{"hashValue":"f233db26cd4dfd32c75b094b9e03a450","name":"modules.abc","path":"F:\\DevEcoStudioProject\\ui_project\\entry\\build\\default\\intermediates\\loader_out\\default\\ets\\modules.abc","type":"file","isSymbolicLink":false,"fileMetaData":{"size":92784,"lastModifiedTime":1759118838907}},{"hashValue":"00b1687e8fcfd3e0361bdc8528e6529b","name":"sourceMaps.map","path":"F:\\DevEcoStudioProject\\ui_project\\entry\\build\\default\\intermediates\\loader_out\\default\\ets\\sourceMaps.map","type":"file","isSymbolicLink":false,"fileMetaData":{"size":34347,"lastModifiedTime":1759118838794}}]},"F:\\DevEcoStudioProject\\ui_project\\entry\\build\\default\\intermediates\\patch\\default\\base_native_libs.json":{"hashValue":"5df6ec2b7f51f2d01fcfd6b93162c6e5","name":"base_native_libs.json","path":"F:\\DevEcoStudioProject\\ui_project\\entry\\build\\default\\intermediates\\patch\\default\\base_native_libs.json","type":"file","isSymbolicLink":false,"fileMetaData":{"size":25,"lastModifiedTime":1759110946744}},"F:\\DevEcoStudioProject\\ui_project\\entry\\build\\default\\intermediates\\res\\default\\module.json":{"hashValue":"3422cc6bf25eaecd1291ce88e3048842","name":"module.json","path":"F:\\DevEcoStudioProject\\ui_project\\entry\\build\\default\\intermediates\\res\\default\\module.json","type":"file","isSymbolicLink":false,"fileMetaData":{"size":2126,"lastModifiedTime":1759111137219}},"F:\\DevEcoStudioProject\\ui_project\\entry\\build\\default\\intermediates\\package\\default\\module.json":{"hashValue":"3422cc6bf25eaecd1291ce88e3048842","name":"module.json","path":"F:\\DevEcoStudioProject\\ui_project\\entry\\build\\default\\intermediates\\package\\default\\module.json","type":"file","isSymbolicLink":false,"fileMetaData":{"size":2126,"lastModifiedTime":1759111137219}},"F:\\DevEcoStudioProject\\ui_project\\entry\\build\\default\\intermediates\\res\\default\\resources":{"hashValue":"4d0c125405ea19e4fc975a3b5bcffc74","name":"resources","path":"F:\\DevEcoStudioProject\\ui_project\\entry\\build\\default\\intermediates\\res\\default\\resources","type":"directory","isSymbolicLink":false,"children":[{"hashValue":"3079e37a980e816d430000335c2ffd57","name":"base","path":"F:\\DevEcoStudioProject\\ui_project\\entry\\build\\default\\intermediates\\res\\default\\resources\\base","type":"directory","isSymbolicLink":false,"children":[{"hashValue":"a651f6f75c0d5bf23d862bb247e9c54e","name":"media","path":"F:\\DevEcoStudioProject\\ui_project\\entry\\build\\default\\intermediates\\res\\default\\resources\\base\\media","type":"directory","isSymbolicLink":false,"children":[{"hashValue":"43580c36f79b3b3574f6c9dfe8f2d8d9","name":"background.png","path":"F:\\DevEcoStudioProject\\ui_project\\entry\\build\\default\\intermediates\\res\\default\\resources\\base\\media\\background.png","type":"file","isSymbolicLink":false,"fileMetaData":{"size":70283,"lastModifiedTime":1759111137267}},{"hashValue":"20b25a28943576c57b062d3bc70229b7","name":"car.png","path":"F:\\DevEcoStudioProject\\ui_project\\entry\\build\\default\\intermediates\\res\\default\\resources\\base\\media\\car.png","type":"file","isSymbolicLink":false,"fileMetaData":{"size":4938,"lastModifiedTime":1757505661599}},{"hashValue":"d544f05757524424fa3bf90fc936fb77","name":"foreground.png","path":"F:\\DevEcoStudioProject\\ui_project\\entry\\build\\default\\intermediates\\res\\default\\resources\\base\\media\\foreground.png","type":"file","isSymbolicLink":false,"fileMetaData":{"size":13086,"lastModifiedTime":1759111137308}},{"hashValue":"58269bf2f68521dab0cc95205d8f201d","name":"img_1.png","path":"F:\\DevEcoStudioProject\\ui_project\\entry\\build\\default\\intermediates\\res\\default\\resources\\base\\media\\img_1.png","type":"file","isSymbolicLink":false,"fileMetaData":{"size":196584,"lastModifiedTime":1759065780768}},{"hashValue":"034f89f235be89b276cba2272eb39b12","name":"img_2.png","path":"F:\\DevEcoStudioProject\\ui_project\\entry\\build\\default\\intermediates\\res\\default\\resources\\base\\media\\img_2.png","type":"file","isSymbolicLink":false,"fileMetaData":{"size":122317,"lastModifiedTime":1759065828888}},{"hashValue":"bde7d716e308a0ebae50941d400a4e5e","name":"img.png","path":"F:\\DevEcoStudioProject\\ui_project\\entry\\build\\default\\intermediates\\res\\default\\resources\\base\\media\\img.png","type":"file","isSymbolicLink":false,"fileMetaData":{"size":193278,"lastModifiedTime":1759065879617}},{"hashValue":"2290441bed98f3cb0baf6c43b082c218","name":"layered_image.json","path":"F:\\DevEcoStudioProject\\ui_project\\entry\\build\\default\\intermediates\\res\\default\\resources\\base\\media\\layered_image.json","type":"file","isSymbolicLink":false,"fileMetaData":{"size":95,"lastModifiedTime":1759111137216}},{"hashValue":"ea6043f78c381db90fff70eb0be9948e","name":"startIcon.png","path":"F:\\DevEcoStudioProject\\ui_project\\entry\\build\\default\\intermediates\\res\\default\\resources\\base\\media\\startIcon.png","type":"file","isSymbolicLink":false,"fileMetaData":{"size":20093,"lastModifiedTime":1756892613367}}]},{"hashValue":"021c582a4106933a417d3f5f42a4fe10","name":"profile","path":"F:\\DevEcoStudioProject\\ui_project\\entry\\build\\default\\intermediates\\res\\default\\resources\\base\\profile","type":"directory","isSymbolicLink":false,"children":[{"hashValue":"5907e2cd9b2be77f0960ca3b8d79b090","name":"backup_config.json","path":"F:\\DevEcoStudioProject\\ui_project\\entry\\build\\default\\intermediates\\res\\default\\resources\\base\\profile\\backup_config.json","type":"file","isSymbolicLink":false,"fileMetaData":{"size":36,"lastModifiedTime":1759110552450}},{"hashValue":"aa5c0b4f1c6065d5fef3d7ddd5b5eedc","name":"main_pages.json","path":"F:\\DevEcoStudioProject\\ui_project\\entry\\build\\default\\intermediates\\res\\default\\resources\\base\\profile\\main_pages.json","type":"file","isSymbolicLink":false,"fileMetaData":{"size":37,"lastModifiedTime":1759110552077}}]}]},{"hashValue":"","name":"rawfile","path":"F:\\DevEcoStudioProject\\ui_project\\entry\\build\\default\\intermediates\\res\\default\\resources\\rawfile","type":"directory","isSymbolicLink":false,"children":[]}]},"F:\\DevEcoStudioProject\\ui_project\\entry\\build\\default\\intermediates\\res\\default\\resources.index":{"hashValue":"ebe60eda25a218c63f2c721f38fe54e2","name":"resources.index","path":"F:\\DevEcoStudioProject\\ui_project\\entry\\build\\default\\intermediates\\res\\default\\resources.index","type":"file","isSymbolicLink":false,"fileMetaData":{"size":1664,"lastModifiedTime":1759111137310}},"F:\\DevEcoStudioProject\\ui_project\\entry\\build\\default\\intermediates\\loader_out\\default\\ets\\sourceMaps.map":{"hashValue":"00b1687e8fcfd3e0361bdc8528e6529b","name":"sourceMaps.map","path":"F:\\DevEcoStudioProject\\ui_project\\entry\\build\\default\\intermediates\\loader_out\\default\\ets\\sourceMaps.map","type":"file","isSymbolicLink":false,"fileMetaData":{"size":34347,"lastModifiedTime":1759118838794}},"F:\\DevEcoStudioProject\\ui_project\\entry\\build\\default\\outputs\\default\\entry-default-unsigned.hap":{"hashValue":"1e312c1f4f0814eb337635b095ff0087","name":"entry-default-unsigned.hap","path":"F:\\DevEcoStudioProject\\ui_project\\entry\\build\\default\\outputs\\default\\entry-default-unsigned.hap","type":"file","isSymbolicLink":false,"fileMetaData":{"size":754448,"lastModifiedTime":1759118838948}},"F:\\DevEcoStudioProject\\ui_project\\entry\\build\\default\\intermediates\\source_map\\default\\sourceMaps.map":{"hashValue":"00b1687e8fcfd3e0361bdc8528e6529b","name":"sourceMaps.map","path":"F:\\DevEcoStudioProject\\ui_project\\entry\\build\\default\\intermediates\\source_map\\default\\sourceMaps.map","type":"file","isSymbolicLink":false,"fileMetaData":{"size":34347,"lastModifiedTime":1759118838794}},"F:\\DevEcoStudioProject\\ui_project\\entry\\build\\default\\outputs\\default\\mapping\\sourceMaps.map":{"hashValue":"00b1687e8fcfd3e0361bdc8528e6529b","name":"sourceMaps.map","path":"F:\\DevEcoStudioProject\\ui_project\\entry\\build\\default\\outputs\\default\\mapping\\sourceMaps.map","type":"file","isSymbolicLink":false,"fileMetaData":{"size":34347,"lastModifiedTime":1759118838794}},"C:\\Users\\u\\.ohos\\config\\default_ui_project_7usJg6hLQig5yjUh8txC9b4f3y1FFMbBqwK3DFDxSEI=.cer":{"hashValue":"600fd8580fa193a1df7577763a340a1d","name":"default_ui_project_7usJg6hLQig5yjUh8txC9b4f3y1FFMbBqwK3DFDxSEI=.cer","path":"C:\\Users\\u\\.ohos\\config\\default_ui_project_7usJg6hLQig5yjUh8txC9b4f3y1FFMbBqwK3DFDxSEI=.cer","type":"file","isSymbolicLink":false,"fileMetaData":{"size":2914,"lastModifiedTime":1759111091166}},"C:\\Users\\u\\.ohos\\config\\default_ui_project_7usJg6hLQig5yjUh8txC9b4f3y1FFMbBqwK3DFDxSEI=.p7b":{"hashValue":"3f19335df4840e37683658750b1e778f","name":"default_ui_project_7usJg6hLQig5yjUh8txC9b4f3y1FFMbBqwK3DFDxSEI=.p7b","path":"C:\\Users\\u\\.ohos\\config\\default_ui_project_7usJg6hLQig5yjUh8txC9b4f3y1FFMbBqwK3DFDxSEI=.p7b","type":"file","isSymbolicLink":false,"fileMetaData":{"size":4683,"lastModifiedTime":1759111092271}},"C:\\Users\\u\\.ohos\\config\\default_ui_project_7usJg6hLQig5yjUh8txC9b4f3y1FFMbBqwK3DFDxSEI=.p12":{"hashValue":"921a901b44d3cdea244533e2fa176561","name":"default_ui_project_7usJg6hLQig5yjUh8txC9b4f3y1FFMbBqwK3DFDxSEI=.p12","path":"C:\\Users\\u\\.ohos\\config\\default_ui_project_7usJg6hLQig5yjUh8txC9b4f3y1FFMbBqwK3DFDxSEI=.p12","type":"file","isSymbolicLink":false,"fileMetaData":{"size":1128,"lastModifiedTime":1759111089288}},"F:\\DevEcoStudioProject\\ui_project\\entry\\build\\default\\outputs\\default\\entry-default-signed.hap":{"hashValue":"437dfa0e87c54eb94eed30a6a9249b43","name":"entry-default-signed.hap","path":"F:\\DevEcoStudioProject\\ui_project\\entry\\build\\default\\outputs\\default\\entry-default-signed.hap","type":"file","isSymbolicLink":false,"fileMetaData":{"size":793135,"lastModifiedTime":1759118839152}},"F:\\DevEcoStudioProject\\ui_project\\entry\\build\\default\\generated\\profile\\default\\ModuleInfo.ts":{"hashValue":"","name":"emptyroot","path":"","type":"unknown","isSymbolicLink":false,"children":[]},"F:\\DevEcoStudioProject\\ui_project\\build\\cache\\default\\integrated_hsp\\integratedHspCache.json":{"hashValue":"","name":"emptyroot","path":"","type":"unknown","isSymbolicLink":false,"children":[]},"F:\\DevEcoStudioProject\\ui_project\\entry\\build\\default\\intermediates\\syscap\\default\\rpcid.sc":{"hashValue":"","name":"emptyroot","path":"","type":"unknown","isSymbolicLink":false,"children":[]},"F:\\DevEcoStudioProject\\ui_project\\entry\\build\\default\\intermediates\\startup\\default\\startup_config.json":{"hashValue":"","name":"emptyroot","path":"","type":"unknown","isSymbolicLink":false,"children":[]},"F:\\DevEcoStudioProject\\ui_project\\entry\\build\\default\\intermediates\\loader_out\\default\\js":{"hashValue":"","name":"emptyroot","path":"","type":"unknown","isSymbolicLink":false,"children":[]},"F:\\DevEcoStudioProject\\ui_project\\entry\\build\\default\\outputs\\default\\symbol":{"hashValue":"","name":"emptyroot","path":"","type":"unknown","isSymbolicLink":false,"children":[]}}