{":ui_project:entry:default@PreBuild":{"_inputs":[{"dataType":"ValueEntry","value":"{\"_name\":\"BUILTIN_TASK_COMMAND\",\"_value\":\"\",\"_valueType\":\"string\",\"_hash\":\"0b5d05294fdf4e78e8482ef53eb64ac0\"}"},{"dataType":"ValueEntry","value":"{\"_name\":\"BUILTIN_TASK_ENV\",\"_value\":\"\",\"_valueType\":\"string\",\"_hash\":\"cdcdc2ec8062ca9ec1de46dbf2bbc053\"}"},{"dataType":"ValueEntry","value":"{\"_name\":\"BUILTIN_TASK_TOOLCHAIN\",\"_value\":\"\",\"_valueType\":\"string\",\"_hash\":\"e7f94a9422a8bc317a7d90b58efcb5f6\"}"},{"dataType":"ValueEntry","value":"{\"_name\":\"apiType\",\"_value\":\"stageMode\",\"_valueType\":\"string\",\"_hash\":\"699c7565645ea3ea8c88551a4926a3d5\"}"},{"dataType":"ValueEntry","value":"{\"_name\":\"byteCodeHar\",\"_value\":false,\"_valueType\":\"boolean\",\"_hash\":\"1918a3ccb645ccacd0aedd84fc6cf8a4\"}"},{"dataType":"ValueEntry","value":"{\"_name\":\"codeType\",\"_value\":true,\"_valueType\":\"boolean\",\"_hash\":\"d6dcf21a9f078b661283507536e57ce8\"}"},{"dataType":"ValueEntry","value":"{\"_name\":\"compatibleApiVersion\",\"_value\":13,\"_valueType\":\"number\",\"_hash\":\"285c7007704e8c3a7d2dba4f9a0b160b\"}"},{"dataType":"ValueEntry","value":"{\"_name\":\"compileApiVersion\",\"_value\":19,\"_valueType\":\"number\",\"_hash\":\"567aaa33725055ef7398e5c2f3a65c4e\"}"},{"dataType":"ValueEntry","value":"{\"_name\":\"configuration\",\"_value\":\"\",\"_valueType\":\"string\",\"_hash\":\"d12f0038691f8f34d654391bbcee2f8e\"}"},{"dataType":"ValueEntry","value":"{\"_name\":\"configurationFileJson\",\"_value\":\"\",\"_valueType\":\"string\",\"_hash\":\"2b55287f40f7e8896b21bab4028e156b\"}"},{"dataType":"ValueEntry","value":"{\"_name\":\"customTypes\",\"_value\":\"\",\"_valueType\":\"string\",\"_hash\":\"970a2695bffac1c5a4fa283dc36050e3\"}"},{"dataType":"ValueEntry","value":"{\"_name\":\"deviceType\",\"_value\":[\"phone\",\"tablet\",\"2in1\",\"wearable\"],\"_valueType\":\"object\",\"_hash\":\"2a02a9fc164effd075c368c4afb92acd\"}"},{"dataType":"ValueEntry","value":"{\"_name\":\"integrated_hsp\",\"_value\":false,\"_valueType\":\"boolean\",\"_hash\":\"2538281751f182d9123d2ab28efaf9be\"}"},{"dataType":"ValueEntry","value":"{\"_name\":\"isSupportOhpmProj\",\"_value\":true,\"_valueType\":\"boolean\",\"_hash\":\"f3a249d7e3f751316e931b8a08b074b4\"}"},{"dataType":"ValueEntry","value":"{\"_name\":\"mockConfigSources\",\"_value\":\"\",\"_valueType\":\"string\",\"_hash\":\"c489be8273867a50afbc86c53d938c92\"}"},{"dataType":"ValueEntry","value":"{\"_name\":\"moduleJsonOpt\",\"_value\":\"{\\\"jsonFilePath\\\":\\\"F:\\\\\\\\DevEcoStudioProject\\\\\\\\ui_project\\\\\\\\entry\\\\\\\\src\\\\\\\\main\\\\\\\\module.json5\\\",\\\"profile\\\":{\\\"module\\\":{\\\"name\\\":\\\"entry\\\",\\\"type\\\":\\\"entry\\\",\\\"description\\\":\\\"$string:module_desc\\\",\\\"mainElement\\\":\\\"EntryAbility\\\",\\\"deviceTypes\\\":[\\\"phone\\\",\\\"tablet\\\",\\\"2in1\\\",\\\"wearable\\\"],\\\"deliveryWithInstall\\\":true,\\\"installationFree\\\":false,\\\"pages\\\":\\\"$profile:main_pages\\\",\\\"requestPermissions\\\":[{\\\"name\\\":\\\"ohos.permission.GET_WIFI_INFO\\\",\\\"reason\\\":\\\"$string:reason\\\",\\\"usedScene\\\":{\\\"abilities\\\":[\\\"EntryAbility\\\"],\\\"when\\\":\\\"inuse\\\"}},{\\\"name\\\":\\\"ohos.permission.INTERNET\\\"}],\\\"abilities\\\":[{\\\"name\\\":\\\"EntryAbility\\\",\\\"srcEntry\\\":\\\"./ets/entryability/EntryAbility.ets\\\",\\\"description\\\":\\\"$string:EntryAbility_desc\\\",\\\"icon\\\":\\\"$media:layered_image\\\",\\\"label\\\":\\\"$string:EntryAbility_label\\\",\\\"startWindowIcon\\\":\\\"$media:startIcon\\\",\\\"startWindowBackground\\\":\\\"$color:start_window_background\\\",\\\"exported\\\":true,\\\"skills\\\":[{\\\"entities\\\":[\\\"entity.system.home\\\"],\\\"actions\\\":[\\\"ohos.want.action.home\\\"]}]}],\\\"extensionAbilities\\\":[{\\\"name\\\":\\\"EntryBackupAbility\\\",\\\"srcEntry\\\":\\\"./ets/entrybackupability/EntryBackupAbility.ets\\\",\\\"type\\\":\\\"backup\\\",\\\"exported\\\":false,\\\"metadata\\\":[{\\\"name\\\":\\\"ohos.extension.backup\\\",\\\"resource\\\":\\\"$profile:backup_config\\\"}]}]}},\\\"deviceTypes\\\":[\\\"phone\\\",\\\"tablet\\\",\\\"2in1\\\",\\\"wearable\\\"],\\\"deviceConfig\\\":\\\"deviceTypes\\\",\\\"configurationProfile\\\":\\\"module.json5\\\"}\",\"_valueType\":\"string\",\"_hash\":\"2a5b648d0fb370510c83ca3554a36bf8\"}"},{"dataType":"ValueEntry","value":"{\"_name\":\"profileModuleName\",\"_value\":\"entry\",\"_valueType\":\"string\",\"_hash\":\"b174ea6ff5824844dde5ad92f6b3ef2b\"}"},{"dataType":"ValueEntry","value":"{\"_name\":\"removePermissions\",\"_valueType\":\"undefined\",\"_hash\":\"0703cfc523a152c6195a8fd1935503e5\"}"},{"dataType":"ValueEntry","value":"{\"_name\":\"sdkToolchainsComponentVersion\",\"_value\":\"5.1.1.208\",\"_valueType\":\"string\",\"_hash\":\"c3ed3e75b1db1ee27763e07ae376f848\"}"},{"dataType":"ValueEntry","value":"{\"_name\":\"sourceRoots\",\"_value\":true,\"_valueType\":\"boolean\",\"_hash\":\"a369c115d2c4122f3819759804ec9d35\"}"},{"dataType":"ValueEntry","value":"{\"_name\":\"targetStatusCode\",\"_value\":2,\"_valueType\":\"number\",\"_hash\":\"5a9255c0f4ee50904a9349ebafca8369\"}"},{"dataType":"ValueEntry","value":"{\"_name\":\"transformLib\",\"_value\":\"\",\"_valueType\":\"string\",\"_hash\":\"7d270d0ce7ae5c6e2e32760cb396ea5a\"}"},{"dataType":"ValueEntry","value":"{\"_name\":\"useNormalizedOHMUrl\",\"_value\":true,\"_valueType\":\"boolean\",\"_hash\":\"05eabcf12e6fe230e579e0fd37679db6\"}"}],"_successful":true,"_projectName":"ui_project","_moduleName":"entry","_taskName":"default@PreBuild","_key":":ui_project:entry:default@PreBuild","_executionId":":ui_project:entry:default@PreBuild:1759111136764","_inputFiles":{"dataType":"Map","value":[["F:\\DevEcoStudioProject\\ui_project\\AppScope\\app.json5",{"isDirectory":false,"fileSnapShotHashValue":"7d887793d30c5dde70465ec84aa8fadd"}],["F:\\DevEcoStudioProject\\ui_project\\entry\\src\\main\\module.json5",{"isDirectory":false,"fileSnapShotHashValue":"5fb092139015f8094840bd9e52a337b8"}],["F:\\DevEcoStudioProject\\ui_project\\build-profile.json5",{"fileSnapShotHashValue":"654dd851db50ad2ab4f1988b01bf32b1"}],["F:\\DevEcoStudioProject\\ui_project\\entry\\build-profile.json5",{"fileSnapShotHashValue":"2d074ce9517079cbb30eb8fcaad9dadf"}],["F:\\DevEcoStudioProject\\ui_project\\entry\\src\\main\\resources\\base\\profile\\main_pages.json",{"fileSnapShotHashValue":"aa5c0b4f1c6065d5fef3d7ddd5b5eedc"}],["F:\\DevEcoStudioProject\\ui_project\\hvigor\\hvigor-config.json5",{"isDirectory":true,"fileSnapShotHashValue":"ce5d326de609373402ea07fbe59b721d"}],["F:\\DevEcoStudioProject\\ui_project\\entry\\src\\mock\\mock-config.json5",{"isDirectory":false,"fileSnapShotHashValue":"345ebf39f7cca8f4319846c00f86a568"}],["F:\\DevEcoStudioProject\\ui_project\\entry\\oh-package.json5",{"fileSnapShotHashValue":"d89aa9dceb50e275caa428241bf55135"}],["F:\\DevEcoStudioProject\\ui_project\\oh-package.json5",{"fileSnapShotHashValue":"8455b45b253f931ec588560b4c2eea69"}]]},"_outputFiles":{"dataType":"Map","value":[]}},":ui_project:entry:default@CreateModuleInfo":{"_inputs":[{"dataType":"ValueEntry","value":"{\"_name\":\"ohosUiTransformOptimization\",\"_value\":false,\"_valueType\":\"boolean\"}"},{"dataType":"ValueEntry","value":"{\"_name\":\"BUILTIN_TASK_COMMAND\",\"_value\":\"\",\"_valueType\":\"string\"}"},{"dataType":"ValueEntry","value":"{\"_name\":\"BUILTIN_TASK_TOOLCHAIN\",\"_value\":\"\",\"_valueType\":\"string\"}"},{"dataType":"ValueEntry","value":"{\"_name\":\"BUILTIN_TASK_ENV\",\"_value\":\"\",\"_valueType\":\"string\"}"}],"_successful":false,"_projectName":"ui_project","_moduleName":"entry","_taskName":"default@CreateModuleInfo","_key":":ui_project:entry:default@CreateModuleInfo","_executionId":":ui_project:entry:default@CreateModuleInfo:1759118836749","_inputFiles":{"dataType":"Map","value":[]},"_outputFiles":{"dataType":"Map","value":[["F:\\DevEcoStudioProject\\ui_project\\entry\\build\\default\\generated\\profile\\default\\ModuleInfo.ts",{"isDirectory":false,"fileSnapShotHashValue":""}]]}},":ui_project:entry:default@GenerateMetadata":{"_inputs":[{"dataType":"ValueEntry","value":"{\"_name\":\"BUILTIN_TASK_COMMAND\",\"_value\":\"\",\"_valueType\":\"string\",\"_hash\":\"0b5d05294fdf4e78e8482ef53eb64ac0\"}"},{"dataType":"ValueEntry","value":"{\"_name\":\"BUILTIN_TASK_ENV\",\"_value\":\"\",\"_valueType\":\"string\",\"_hash\":\"cdcdc2ec8062ca9ec1de46dbf2bbc053\"}"},{"dataType":"ValueEntry","value":"{\"_name\":\"BUILTIN_TASK_TOOLCHAIN\",\"_value\":\"\",\"_valueType\":\"string\",\"_hash\":\"e7f94a9422a8bc317a7d90b58efcb5f6\"}"},{"dataType":"ValueEntry","value":"{\"_name\":\"artifactName\",\"_value\":\"\",\"_valueType\":\"string\",\"_hash\":\"7f42b9cbe0181813f8dc60881bf90988\"}"},{"dataType":"ValueEntry","value":"{\"_name\":\"isSigned\",\"_value\":true,\"_valueType\":\"boolean\",\"_hash\":\"64af347b4db9779050781c231d4eec1b\"}"},{"dataType":"ValueEntry","value":"{\"_name\":\"relatedEntryModules\",\"_value\":\"\",\"_valueType\":\"string\",\"_hash\":\"85b4d1fa598cae3838191eb99a09f4dd\"}"},{"dataType":"ValueEntry","value":"{\"_name\":\"remoteHspMetaData\",\"_value\":[],\"_valueType\":\"object\",\"_hash\":\"fbb8220e0c8d7b6197c24bdb06eb568c\"}"},{"dataType":"ValueEntry","value":"{\"_name\":\"targetDeviceType\",\"_value\":[\"phone\",\"tablet\",\"2in1\",\"wearable\"],\"_valueType\":\"object\",\"_hash\":\"509bd04329f75c5c9ab97886cb4ed3bf\"}"}],"_successful":true,"_projectName":"ui_project","_moduleName":"entry","_taskName":"default@GenerateMetadata","_key":":ui_project:entry:default@GenerateMetadata","_executionId":":ui_project:entry:default@GenerateMetadata:1759111136785","_inputFiles":{"dataType":"Map","value":[["F:\\DevEcoStudioProject\\ui_project\\entry\\src\\main\\module.json5",{"fileSnapShotHashValue":"5fb092139015f8094840bd9e52a337b8"}]]},"_outputFiles":{"dataType":"Map","value":[["F:\\DevEcoStudioProject\\ui_project\\entry\\build\\default\\intermediates\\hap_metadata\\default\\output_metadata.json",{"fileSnapShotHashValue":"00e5c6ddbe92b241d9910a41b04c99c6"}]]}},":ui_project:entry:default@MergeProfile":{"_inputs":[{"dataType":"ValueEntry","value":"{\"_name\":\"BUILTIN_TASK_COMMAND\",\"_value\":\"\",\"_valueType\":\"string\",\"_hash\":\"0b5d05294fdf4e78e8482ef53eb64ac0\"}"},{"dataType":"ValueEntry","value":"{\"_name\":\"BUILTIN_TASK_ENV\",\"_value\":\"\",\"_valueType\":\"string\",\"_hash\":\"cdcdc2ec8062ca9ec1de46dbf2bbc053\"}"},{"dataType":"ValueEntry","value":"{\"_name\":\"BUILTIN_TASK_TOOLCHAIN\",\"_value\":\"\",\"_valueType\":\"string\",\"_hash\":\"e7f94a9422a8bc317a7d90b58efcb5f6\"}"},{"dataType":"ValueEntry","value":"{\"_name\":\"appJsonOpt\",\"_value\":\"{\\\"app\\\":{\\\"bundleName\\\":\\\"com.example.ui_project\\\",\\\"vendor\\\":\\\"example\\\",\\\"versionCode\\\":1000000,\\\"versionName\\\":\\\"1.0.0\\\",\\\"icon\\\":\\\"$media:layered_image\\\",\\\"label\\\":\\\"$string:app_name\\\"}}\",\"_valueType\":\"string\",\"_hash\":\"7e1d941c0a6320b5f6b59c68d3066973\"}"},{"dataType":"ValueEntry","value":"{\"_name\":\"asanEnable\",\"_value\":false,\"_valueType\":\"boolean\",\"_hash\":\"bc2129ba20a21b7e5234139ede1b4d7b\"}"},{"dataType":"ValueEntry","value":"{\"_name\":\"buildProfileAbilities\",\"_valueType\":\"undefined\",\"_hash\":\"40d5093f345351dd6d67ce5d6a209345\"}"},{"dataType":"ValueEntry","value":"{\"_name\":\"buildRoot\",\"_value\":\"build\",\"_valueType\":\"string\",\"_hash\":\"4c2dd7bb7507f74001ec27f2936db7f9\"}"},{"dataType":"ValueEntry","value":"{\"_name\":\"compatibleSdkVersion\",\"_value\":13,\"_valueType\":\"number\",\"_hash\":\"2877122447c9f3e8e65200a7fb40d519\"}"},{"dataType":"ValueEntry","value":"{\"_name\":\"hwasanEnable\",\"_value\":false,\"_valueType\":\"boolean\",\"_hash\":\"d35c8440e915c3a94c482ddd6f7af075\"}"},{"dataType":"ValueEntry","value":"{\"_name\":\"integratedHsp\",\"_value\":false,\"_valueType\":\"boolean\",\"_hash\":\"e67900c25b1f9fb70cc779de77dc6912\"}"},{"dataType":"ValueEntry","value":"{\"_name\":\"isBundledDependencies\",\"_value\":false,\"_valueType\":\"boolean\",\"_hash\":\"a69aa552317c7a6e087cb84a5722e050\"}"},{"dataType":"ValueEntry","value":"{\"_name\":\"isDebug\",\"_value\":true,\"_valueType\":\"boolean\",\"_hash\":\"edbf05a2d2be2c385e75d9565a48d419\"}"},{"dataType":"ValueEntry","value":"{\"_name\":\"isHarModule\",\"_value\":false,\"_valueType\":\"boolean\",\"_hash\":\"a15b7a3ed818faa99a4a10d67f52cb72\"}"},{"dataType":"ValueEntry","value":"{\"_name\":\"moduleJsonOpt\",\"_value\":\"{\\\"module\\\":{\\\"name\\\":\\\"entry\\\",\\\"type\\\":\\\"entry\\\",\\\"description\\\":\\\"$string:module_desc\\\",\\\"mainElement\\\":\\\"EntryAbility\\\",\\\"deviceTypes\\\":[\\\"phone\\\",\\\"tablet\\\",\\\"2in1\\\",\\\"wearable\\\"],\\\"deliveryWithInstall\\\":true,\\\"installationFree\\\":false,\\\"pages\\\":\\\"$profile:main_pages\\\",\\\"requestPermissions\\\":[{\\\"name\\\":\\\"ohos.permission.GET_WIFI_INFO\\\",\\\"reason\\\":\\\"$string:reason\\\",\\\"usedScene\\\":{\\\"abilities\\\":[\\\"EntryAbility\\\"],\\\"when\\\":\\\"inuse\\\"}},{\\\"name\\\":\\\"ohos.permission.INTERNET\\\"}],\\\"abilities\\\":[{\\\"name\\\":\\\"EntryAbility\\\",\\\"srcEntry\\\":\\\"./ets/entryability/EntryAbility.ets\\\",\\\"description\\\":\\\"$string:EntryAbility_desc\\\",\\\"icon\\\":\\\"$media:layered_image\\\",\\\"label\\\":\\\"$string:EntryAbility_label\\\",\\\"startWindowIcon\\\":\\\"$media:startIcon\\\",\\\"startWindowBackground\\\":\\\"$color:start_window_background\\\",\\\"exported\\\":true,\\\"skills\\\":[{\\\"entities\\\":[\\\"entity.system.home\\\"],\\\"actions\\\":[\\\"ohos.want.action.home\\\"]}]}],\\\"extensionAbilities\\\":[{\\\"name\\\":\\\"EntryBackupAbility\\\",\\\"srcEntry\\\":\\\"./ets/entrybackupability/EntryBackupAbility.ets\\\",\\\"type\\\":\\\"backup\\\",\\\"exported\\\":false,\\\"metadata\\\":[{\\\"name\\\":\\\"ohos.extension.backup\\\",\\\"resource\\\":\\\"$profile:backup_config\\\"}]}]}}\",\"_valueType\":\"string\",\"_hash\":\"746b432741c4332bcba4598085122c3e\"}"},{"dataType":"ValueEntry","value":"{\"_name\":\"multiProjects\",\"_value\":false,\"_valueType\":\"boolean\",\"_hash\":\"555604752defc243b4e4c55d1549fc06\"}"},{"dataType":"ValueEntry","value":"{\"_name\":\"ohLibs\",\"_value\":[],\"_valueType\":\"object\",\"_hash\":\"2925e1c2cb4c5cb62380d4f68b21377c\"}"},{"dataType":"ValueEntry","value":"{\"_name\":\"packageName\",\"_value\":\"entry\",\"_valueType\":\"string\",\"_hash\":\"a754c30e6c7696d34a7f9aca5e67d70a\"}"},{"dataType":"ValueEntry","value":"{\"_name\":\"projectConfigAppOpt\",\"_valueType\":\"undefined\",\"_hash\":\"b52997704fa206ed96a13a1f2e464a85\"}"},{"dataType":"ValueEntry","value":"{\"_name\":\"releaseType\",\"_value\":\"Release\",\"_valueType\":\"string\",\"_hash\":\"bbcabdda034e97584f8c36f85b3ec517\"}"},{"dataType":"ValueEntry","value":"{\"_name\":\"removePermissions\",\"_valueType\":\"undefined\",\"_hash\":\"0703cfc523a152c6195a8fd1935503e5\"}"},{"dataType":"ValueEntry","value":"{\"_name\":\"targetSdkVersion\",\"_value\":19,\"_valueType\":\"number\",\"_hash\":\"94ea607557d20e114ddba9209dfed573\"}"},{"dataType":"ValueEntry","value":"{\"_name\":\"tsanEnable\",\"_value\":false,\"_valueType\":\"boolean\",\"_hash\":\"086cac69f102cdd9ee25e54982ad7b76\"}"},{"dataType":"ValueEntry","value":"{\"_name\":\"ubsanEnable\",\"_value\":false,\"_valueType\":\"boolean\",\"_hash\":\"3b15da42c5f4b695fbd1d0b43191764a\"}"}],"_successful":true,"_projectName":"ui_project","_moduleName":"entry","_taskName":"default@MergeProfile","_key":":ui_project:entry:default@MergeProfile","_executionId":":ui_project:entry:default@MergeProfile:1759111136792","_inputFiles":{"dataType":"Map","value":[["F:\\DevEcoStudioProject\\ui_project\\AppScope\\app.json5",{"fileSnapShotHashValue":"7d887793d30c5dde70465ec84aa8fadd"}],["F:\\DevEcoStudioProject\\ui_project\\build-profile.json5",{"fileSnapShotHashValue":"654dd851db50ad2ab4f1988b01bf32b1"}],["F:\\DevEcoStudioProject\\ui_project\\entry\\src\\main\\module.json5",{"fileSnapShotHashValue":"5fb092139015f8094840bd9e52a337b8"}]]},"_outputFiles":{"dataType":"Map","value":[["F:\\DevEcoStudioProject\\ui_project\\entry\\build\\default\\intermediates\\merge_profile\\default\\module.json",{"fileSnapShotHashValue":"e3c7a4a08cdd1b465913d92de1eeece5"}]]}},":ui_project:entry:default@CreateBuildProfile":{"_inputs":[{"dataType":"ValueEntry","value":"{\"_name\":\"BUILTIN_TASK_COMMAND\",\"_value\":\"\",\"_valueType\":\"string\",\"_hash\":\"0b5d05294fdf4e78e8482ef53eb64ac0\"}"},{"dataType":"ValueEntry","value":"{\"_name\":\"BUILTIN_TASK_ENV\",\"_value\":\"\",\"_valueType\":\"string\",\"_hash\":\"cdcdc2ec8062ca9ec1de46dbf2bbc053\"}"},{"dataType":"ValueEntry","value":"{\"_name\":\"BUILTIN_TASK_TOOLCHAIN\",\"_value\":\"\",\"_valueType\":\"string\",\"_hash\":\"e7f94a9422a8bc317a7d90b58efcb5f6\"}"},{"dataType":"ValueEntry","value":"{\"_name\":\"buildMode\",\"_value\":\"Debug\",\"_valueType\":\"string\",\"_hash\":\"8120d22ada0d6de22b101e1f4ea16e81\"}"},{"dataType":"ValueEntry","value":"{\"_name\":\"buildModeName\",\"_value\":\"debug\",\"_valueType\":\"string\",\"_hash\":\"3f0246ea410fd9efa9fc7196cca045e3\"}"},{"dataType":"ValueEntry","value":"{\"_name\":\"buildProfileFields\",\"_value\":\"\",\"_valueType\":\"string\",\"_hash\":\"21090e125326cef17357e44b789a1ab5\"}"},{"dataType":"ValueEntry","value":"{\"_name\":\"projectOhosConfigAppOpt\",\"_value\":\"\",\"_valueType\":\"string\",\"_hash\":\"7613f1b2cb16d78bb723d12882b0d923\"}"}],"_successful":true,"_projectName":"ui_project","_moduleName":"entry","_taskName":"default@CreateBuildProfile","_key":":ui_project:entry:default@CreateBuildProfile","_executionId":":ui_project:entry:default@CreateBuildProfile:1759111136798","_inputFiles":{"dataType":"Map","value":[["F:\\DevEcoStudioProject\\ui_project\\AppScope\\app.json5",{"fileSnapShotHashValue":"7d887793d30c5dde70465ec84aa8fadd"}],["F:\\DevEcoStudioProject\\ui_project\\build-profile.json5",{"fileSnapShotHashValue":"654dd851db50ad2ab4f1988b01bf32b1"}]]},"_outputFiles":{"dataType":"Map","value":[["F:\\DevEcoStudioProject\\ui_project\\entry\\build\\default\\generated\\profile\\default\\BuildProfile.ets",{"fileSnapShotHashValue":"efcc15f62815849442fdd6c91359d66d"}]]}},":ui_project:entry:default@GeneratePkgContextInfo":{"_inputs":[{"dataType":"ValueEntry","value":"{\"_name\":\"BUILTIN_TASK_COMMAND\",\"_value\":\"\",\"_valueType\":\"string\",\"_hash\":\"0b5d05294fdf4e78e8482ef53eb64ac0\"}"},{"dataType":"ValueEntry","value":"{\"_name\":\"BUILTIN_TASK_ENV\",\"_value\":\"\",\"_valueType\":\"string\",\"_hash\":\"cdcdc2ec8062ca9ec1de46dbf2bbc053\"}"},{"dataType":"ValueEntry","value":"{\"_name\":\"BUILTIN_TASK_TOOLCHAIN\",\"_value\":\"\",\"_valueType\":\"string\",\"_hash\":\"e7f94a9422a8bc317a7d90b58efcb5f6\"}"},{"dataType":"ValueEntry","value":"{\"_name\":\"pkgContextInfoMap\",\"_value\":\"{\\\"@ohos/hypium\\\":{\\\"packageName\\\":\\\"@ohos/hypium\\\",\\\"bundleName\\\":\\\"\\\",\\\"moduleName\\\":\\\"\\\",\\\"version\\\":\\\"1.0.21\\\",\\\"entryPath\\\":\\\"index.js\\\",\\\"isSO\\\":false,\\\"dependencyAlias\\\":\\\"\\\"},\\\"@ohos/hamock\\\":{\\\"packageName\\\":\\\"@ohos/hamock\\\",\\\"bundleName\\\":\\\"\\\",\\\"moduleName\\\":\\\"\\\",\\\"version\\\":\\\"1.0.0\\\",\\\"entryPath\\\":\\\"index.ets\\\",\\\"isSO\\\":false,\\\"dependencyAlias\\\":\\\"\\\"},\\\"entry\\\":{\\\"packageName\\\":\\\"entry\\\",\\\"bundleName\\\":\\\"\\\",\\\"moduleName\\\":\\\"\\\",\\\"version\\\":\\\"\\\",\\\"entryPath\\\":\\\"src/main/\\\",\\\"isSO\\\":false,\\\"dependencyAlias\\\":\\\"\\\"}}\",\"_valueType\":\"string\",\"_hash\":\"35afdacc65f4c84a98ad0cdbe6729d36\"}"},{"dataType":"ValueEntry","value":"{\"_name\":\"useNormalizedOHMUrl\",\"_value\":true,\"_valueType\":\"boolean\",\"_hash\":\"05eabcf12e6fe230e579e0fd37679db6\"}"}],"_successful":true,"_projectName":"ui_project","_moduleName":"entry","_taskName":"default@GeneratePkgContextInfo","_key":":ui_project:entry:default@GeneratePkgContextInfo","_executionId":":ui_project:entry:default@GeneratePkgContextInfo:1759110944573","_inputFiles":{"dataType":"Map","value":[]},"_outputFiles":{"dataType":"Map","value":[["F:\\DevEcoStudioProject\\ui_project\\entry\\build\\default\\intermediates\\loader\\default\\pkgContextInfo.json",{"isDirectory":false,"fileSnapShotHashValue":"3fed6bfb4c16042cec28a869ffb28553"}]]}},":ui_project:entry:default@ProcessIntegratedHsp":{"_inputs":[{"dataType":"ValueEntry","value":"{\"_name\":\"bundleName\",\"_value\":\"com.example.ui_project\",\"_valueType\":\"string\"}"},{"dataType":"ValueEntry","value":"{\"_name\":\"versionCode\",\"_value\":1000000,\"_valueType\":\"number\"}"},{"dataType":"ValueEntry","value":"{\"_name\":\"BUILTIN_TASK_COMMAND\",\"_value\":\"\",\"_valueType\":\"string\"}"},{"dataType":"ValueEntry","value":"{\"_name\":\"BUILTIN_TASK_TOOLCHAIN\",\"_value\":\"\",\"_valueType\":\"string\"}"},{"dataType":"ValueEntry","value":"{\"_name\":\"BUILTIN_TASK_ENV\",\"_value\":\"\",\"_valueType\":\"string\"}"}],"_successful":true,"_projectName":"ui_project","_moduleName":"entry","_taskName":"default@ProcessIntegratedHsp","_key":":ui_project:entry:default@ProcessIntegratedHsp","_executionId":":ui_project:entry:default@ProcessIntegratedHsp:1759118836773","_inputFiles":{"dataType":"Map","value":[]},"_outputFiles":{"dataType":"Map","value":[["F:\\DevEcoStudioProject\\ui_project\\build\\cache\\default\\integrated_hsp\\integratedHspCache.json",{"isDirectory":false,"fileSnapShotHashValue":""}]]}},":ui_project:entry:default@MakePackInfo":{"_inputs":[{"dataType":"ValueEntry","value":"{\"_name\":\"BUILTIN_TASK_COMMAND\",\"_value\":\"\",\"_valueType\":\"string\",\"_hash\":\"0b5d05294fdf4e78e8482ef53eb64ac0\"}"},{"dataType":"ValueEntry","value":"{\"_name\":\"BUILTIN_TASK_ENV\",\"_value\":\"\",\"_valueType\":\"string\",\"_hash\":\"cdcdc2ec8062ca9ec1de46dbf2bbc053\"}"},{"dataType":"ValueEntry","value":"{\"_name\":\"BUILTIN_TASK_TOOLCHAIN\",\"_value\":\"\",\"_valueType\":\"string\",\"_hash\":\"e7f94a9422a8bc317a7d90b58efcb5f6\"}"},{"dataType":"ValueEntry","value":"{\"_name\":\"appResOpt\",\"_value\":\"{\\\"app\\\":{\\\"bundleName\\\":\\\"com.example.ui_project\\\",\\\"vendor\\\":\\\"example\\\",\\\"versionCode\\\":1000000,\\\"versionName\\\":\\\"1.0.0\\\",\\\"icon\\\":\\\"$media:layered_image\\\",\\\"label\\\":\\\"$string:app_name\\\"}}\",\"_valueType\":\"string\",\"_hash\":\"dc942a775ac2c0397c344efa11406bfd\"}"},{"dataType":"ValueEntry","value":"{\"_name\":\"compatibleSdkVersion\",\"_value\":13,\"_valueType\":\"number\",\"_hash\":\"2877122447c9f3e8e65200a7fb40d519\"}"},{"dataType":"ValueEntry","value":"{\"_name\":\"compileSdkVersion\",\"_value\":19,\"_valueType\":\"number\",\"_hash\":\"1071c8ec4836bccba6ad2b058f4d05f3\"}"},{"dataType":"ValueEntry","value":"{\"_name\":\"deviceTypes\",\"_value\":[\"phone\",\"tablet\",\"2in1\",\"wearable\"],\"_valueType\":\"object\",\"_hash\":\"e8f6c18e64840f6af7ccc7d958f721a6\"}"},{"dataType":"ValueEntry","value":"{\"_name\":\"integratedHsp\",\"_value\":false,\"_valueType\":\"boolean\",\"_hash\":\"e67900c25b1f9fb70cc779de77dc6912\"}"},{"dataType":"ValueEntry","value":"{\"_name\":\"moduleJsonOpt\",\"_value\":\"{\\\"module\\\":{\\\"name\\\":\\\"entry\\\",\\\"type\\\":\\\"entry\\\",\\\"description\\\":\\\"$string:module_desc\\\",\\\"mainElement\\\":\\\"EntryAbility\\\",\\\"deviceTypes\\\":[\\\"phone\\\",\\\"tablet\\\",\\\"2in1\\\",\\\"wearable\\\"],\\\"deliveryWithInstall\\\":true,\\\"pages\\\":\\\"$profile:main_pages\\\",\\\"requestPermissions\\\":[{\\\"name\\\":\\\"ohos.permission.GET_WIFI_INFO\\\",\\\"reason\\\":\\\"$string:reason\\\",\\\"usedScene\\\":{\\\"abilities\\\":[\\\"EntryAbility\\\"],\\\"when\\\":\\\"inuse\\\"}},{\\\"name\\\":\\\"ohos.permission.INTERNET\\\"}],\\\"abilities\\\":[{\\\"name\\\":\\\"EntryAbility\\\",\\\"srcEntry\\\":\\\"./ets/entryability/EntryAbility.ets\\\",\\\"description\\\":\\\"$string:EntryAbility_desc\\\",\\\"icon\\\":\\\"$media:layered_image\\\",\\\"label\\\":\\\"$string:EntryAbility_label\\\",\\\"startWindowIcon\\\":\\\"$media:startIcon\\\",\\\"startWindowBackground\\\":\\\"$color:start_window_background\\\",\\\"exported\\\":true,\\\"skills\\\":[{\\\"entities\\\":[\\\"entity.system.home\\\"],\\\"actions\\\":[\\\"ohos.want.action.home\\\"]}]}],\\\"extensionAbilities\\\":[{\\\"name\\\":\\\"EntryBackupAbility\\\",\\\"srcEntry\\\":\\\"./ets/entrybackupability/EntryBackupAbility.ets\\\",\\\"type\\\":\\\"backup\\\",\\\"exported\\\":false,\\\"metadata\\\":[{\\\"name\\\":\\\"ohos.extension.backup\\\",\\\"resource\\\":\\\"$profile:backup_config\\\"}]}]}}\",\"_valueType\":\"string\",\"_hash\":\"b55aa1970e4f00dd771e624c6b38d3d6\"}"},{"dataType":"ValueEntry","value":"{\"_name\":\"projectConfigAppOpt\",\"_valueType\":\"undefined\",\"_hash\":\"b52997704fa206ed96a13a1f2e464a85\"}"},{"dataType":"ValueEntry","value":"{\"_name\":\"releaseType\",\"_value\":\"Release\",\"_valueType\":\"string\",\"_hash\":\"bbcabdda034e97584f8c36f85b3ec517\"}"}],"_successful":true,"_projectName":"ui_project","_moduleName":"entry","_taskName":"default@MakePackInfo","_key":":ui_project:entry:default@MakePackInfo","_executionId":":ui_project:entry:default@MakePackInfo:1759111136816","_inputFiles":{"dataType":"Map","value":[["F:\\DevEcoStudioProject\\ui_project\\AppScope\\app.json5",{"fileSnapShotHashValue":"7d887793d30c5dde70465ec84aa8fadd"}],["F:\\DevEcoStudioProject\\ui_project\\entry\\src\\main\\module.json5",{"fileSnapShotHashValue":"5fb092139015f8094840bd9e52a337b8"}],["F:\\DevEcoStudioProject\\ui_project\\build-profile.json5",{"fileSnapShotHashValue":"654dd851db50ad2ab4f1988b01bf32b1"}],["F:\\DevEcoStudioProject\\ui_project\\entry\\src\\main\\resources\\base\\profile\\backup_config.json",{"fileSnapShotHashValue":"5907e2cd9b2be77f0960ca3b8d79b090"}]]},"_outputFiles":{"dataType":"Map","value":[["F:\\DevEcoStudioProject\\ui_project\\entry\\build\\default\\outputs\\default\\pack.info",{"fileSnapShotHashValue":"4bca3c8e0ac1134df173fc1c46c5f2a0"}]]}},":ui_project:entry:default@SyscapTransform":{"_inputs":[{"dataType":"ValueEntry","value":"{\"_name\":\"deviceTypes\",\"_value\":[\"phone\",\"tablet\",\"2in1\",\"wearable\"],\"_valueType\":\"object\"}"},{"dataType":"ValueEntry","value":"{\"_name\":\"BUILTIN_TASK_COMMAND\",\"_value\":\"\",\"_valueType\":\"string\"}"},{"dataType":"ValueEntry","value":"{\"_name\":\"BUILTIN_TASK_TOOLCHAIN\",\"_value\":\"\",\"_valueType\":\"string\"}"},{"dataType":"ValueEntry","value":"{\"_name\":\"BUILTIN_TASK_ENV\",\"_value\":\"\",\"_valueType\":\"string\"}"}],"_successful":true,"_projectName":"ui_project","_moduleName":"entry","_taskName":"default@SyscapTransform","_key":":ui_project:entry:default@SyscapTransform","_executionId":":ui_project:entry:default@SyscapTransform:1759118836780","_inputFiles":{"dataType":"Map","value":[["F:\\deveco5.1.1\\DevEco Studio\\sdk\\default\\openharmony\\toolchains\\syscap_tool.exe",{"fileSnapShotHashValue":"72f59da356c1299d56f80609863f4d9c"}],["F:\\deveco5.1.1\\DevEco Studio\\sdk\\default\\openharmony\\ets\\api\\device-define",{"fileSnapShotHashValue":"28e4727bd0db6b4f6977d7c3eb87ebbd"}]]},"_outputFiles":{"dataType":"Map","value":[["F:\\DevEcoStudioProject\\ui_project\\entry\\build\\default\\intermediates\\syscap\\default\\rpcid.sc",{"fileSnapShotHashValue":""}]]}},":ui_project:entry:default@ProcessProfile":{"_inputs":[{"dataType":"ValueEntry","value":"{\"_name\":\"BUILTIN_TASK_COMMAND\",\"_value\":\"\",\"_valueType\":\"string\",\"_hash\":\"0b5d05294fdf4e78e8482ef53eb64ac0\"}"},{"dataType":"ValueEntry","value":"{\"_name\":\"BUILTIN_TASK_ENV\",\"_value\":\"\",\"_valueType\":\"string\",\"_hash\":\"cdcdc2ec8062ca9ec1de46dbf2bbc053\"}"},{"dataType":"ValueEntry","value":"{\"_name\":\"BUILTIN_TASK_TOOLCHAIN\",\"_value\":\"\",\"_valueType\":\"string\",\"_hash\":\"e7f94a9422a8bc317a7d90b58efcb5f6\"}"},{"dataType":"ValueEntry","value":"{\"_name\":\"arkEnable\",\"_value\":true,\"_valueType\":\"boolean\",\"_hash\":\"750b4bda198545a67903dfb3f6a00a95\"}"},{"dataType":"ValueEntry","value":"{\"_name\":\"compatibleSdkVersionStage\",\"_value\":\"\",\"_valueType\":\"string\",\"_hash\":\"713e499a13beffe12f1dfb936f957a2a\"}"},{"dataType":"ValueEntry","value":"{\"_name\":\"compileMode\",\"_value\":\"esmodule\",\"_valueType\":\"string\",\"_hash\":\"dacafc8e0b77a950178a0b4d142dc32c\"}"},{"dataType":"ValueEntry","value":"{\"_name\":\"dependency\",\"_value\":\"[]\",\"_valueType\":\"string\",\"_hash\":\"ac54f3d4ced2d4c1d666d40e4f7c454a\"}"},{"dataType":"ValueEntry","value":"{\"_name\":\"deviceTypes\",\"_value\":[\"phone\",\"tablet\",\"2in1\",\"wearable\"],\"_valueType\":\"object\",\"_hash\":\"e8f6c18e64840f6af7ccc7d958f721a6\"}"},{"dataType":"ValueEntry","value":"{\"_name\":\"harExcludeHSPDependencies\",\"_valueType\":\"undefined\",\"_hash\":\"441c7ca15ef24eb05ff0b3f48a2c455e\"}"}],"_successful":true,"_projectName":"ui_project","_moduleName":"entry","_taskName":"default@ProcessProfile","_key":":ui_project:entry:default@ProcessProfile","_executionId":":ui_project:entry:default@ProcessProfile:1759111136825","_inputFiles":{"dataType":"Map","value":[["F:\\DevEcoStudioProject\\ui_project\\entry\\build\\default\\intermediates\\merge_profile\\default\\module.json",{"fileSnapShotHashValue":"e3c7a4a08cdd1b465913d92de1eeece5"}]]},"_outputFiles":{"dataType":"Map","value":[["F:\\DevEcoStudioProject\\ui_project\\entry\\build\\default\\intermediates\\process_profile\\default\\module.json",{"fileSnapShotHashValue":"492ff29f2af3db6c4d3afecaae0663fa"}]]}},":ui_project:entry:default@ProcessRouterMap":{"_inputs":[{"dataType":"ValueEntry","value":"{\"_name\":\"BUILTIN_TASK_COMMAND\",\"_value\":\"\",\"_valueType\":\"string\",\"_hash\":\"0b5d05294fdf4e78e8482ef53eb64ac0\"}"},{"dataType":"ValueEntry","value":"{\"_name\":\"BUILTIN_TASK_ENV\",\"_value\":\"\",\"_valueType\":\"string\",\"_hash\":\"cdcdc2ec8062ca9ec1de46dbf2bbc053\"}"},{"dataType":"ValueEntry","value":"{\"_name\":\"BUILTIN_TASK_TOOLCHAIN\",\"_value\":\"\",\"_valueType\":\"string\",\"_hash\":\"e7f94a9422a8bc317a7d90b58efcb5f6\"}"},{"dataType":"ValueEntry","value":"{\"_name\":\"byteCodeHar\",\"_value\":false,\"_valueType\":\"boolean\",\"_hash\":\"1918a3ccb645ccacd0aedd84fc6cf8a4\"}"},{"dataType":"ValueEntry","value":"{\"_name\":\"obfuscated\",\"_value\":true,\"_valueType\":\"boolean\",\"_hash\":\"a69c27b9cf01a6710d3662cfe180239f\"}"},{"dataType":"ValueEntry","value":"{\"_name\":\"useNormalizedOHMUrl\",\"_value\":true,\"_valueType\":\"boolean\",\"_hash\":\"05eabcf12e6fe230e579e0fd37679db6\"}"}],"_successful":true,"_projectName":"ui_project","_moduleName":"entry","_taskName":"default@ProcessRouterMap","_key":":ui_project:entry:default@ProcessRouterMap","_executionId":":ui_project:entry:default@ProcessRouterMap:1759110944825","_inputFiles":{"dataType":"Map","value":[["F:\\DevEcoStudioProject\\ui_project\\entry\\oh-package.json5",{"fileSnapShotHashValue":"d89aa9dceb50e275caa428241bf55135"}],["F:\\DevEcoStudioProject\\ui_project\\oh-package.json5",{"fileSnapShotHashValue":"8455b45b253f931ec588560b4c2eea69"}],["F:\\DevEcoStudioProject\\ui_project\\entry\\src\\main\\module.json5",{"fileSnapShotHashValue":"5fb092139015f8094840bd9e52a337b8"}],["F:\\DevEcoStudioProject\\ui_project\\entry\\build\\default\\intermediates\\loader\\default\\pkgContextInfo.json",{"fileSnapShotHashValue":"3fed6bfb4c16042cec28a869ffb28553"}]]},"_outputFiles":{"dataType":"Map","value":[["F:\\DevEcoStudioProject\\ui_project\\entry\\build\\default\\intermediates\\router_map\\default\\temp-router-map.json",{"fileSnapShotHashValue":"4d169e2c336f0a6a06f9e3bc045da489"}],["F:\\DevEcoStudioProject\\ui_project\\entry\\build\\default\\intermediates\\router_map\\default\\loader-router-map.json",{"fileSnapShotHashValue":"94cb1e8b6ea3dc0ed36f230bc7d50f7f"}]]}},":ui_project:entry:default@ProcessStartupConfig":{"_inputs":[{"dataType":"ValueEntry","value":"{\"_name\":\"appStartupFileName\",\"_value\":\"\",\"_valueType\":\"string\"}"},{"dataType":"ValueEntry","value":"{\"_name\":\"useNormalizedOHMUrl\",\"_value\":true,\"_valueType\":\"boolean\"}"},{"dataType":"ValueEntry","value":"{\"_name\":\"BUILTIN_TASK_COMMAND\",\"_value\":\"\",\"_valueType\":\"string\"}"},{"dataType":"ValueEntry","value":"{\"_name\":\"BUILTIN_TASK_TOOLCHAIN\",\"_value\":\"\",\"_valueType\":\"string\"}"},{"dataType":"ValueEntry","value":"{\"_name\":\"BUILTIN_TASK_ENV\",\"_value\":\"\",\"_valueType\":\"string\"}"}],"_successful":true,"_projectName":"ui_project","_moduleName":"entry","_taskName":"default@ProcessStartupConfig","_key":":ui_project:entry:default@ProcessStartupConfig","_executionId":":ui_project:entry:default@ProcessStartupConfig:1759118836824","_inputFiles":{"dataType":"Map","value":[["F:\\DevEcoStudioProject\\ui_project\\entry\\build\\default\\intermediates\\loader\\default\\pkgContextInfo.json",{"fileSnapShotHashValue":"3fed6bfb4c16042cec28a869ffb28553"}]]},"_outputFiles":{"dataType":"Map","value":[["F:\\DevEcoStudioProject\\ui_project\\entry\\build\\default\\intermediates\\startup\\default\\startup_config.json",{"fileSnapShotHashValue":""}]]}},":ui_project:entry:default@ProcessResource":{"_inputs":[{"dataType":"ValueEntry","value":"{\"_name\":\"BUILTIN_TASK_COMMAND\",\"_value\":\"\",\"_valueType\":\"string\",\"_hash\":\"0b5d05294fdf4e78e8482ef53eb64ac0\"}"},{"dataType":"ValueEntry","value":"{\"_name\":\"BUILTIN_TASK_ENV\",\"_value\":\"\",\"_valueType\":\"string\",\"_hash\":\"cdcdc2ec8062ca9ec1de46dbf2bbc053\"}"},{"dataType":"ValueEntry","value":"{\"_name\":\"BUILTIN_TASK_TOOLCHAIN\",\"_value\":\"\",\"_valueType\":\"string\",\"_hash\":\"e7f94a9422a8bc317a7d90b58efcb5f6\"}"},{"dataType":"ValueEntry","value":"{\"_name\":\"F:\\\\DevEcoStudioProject\\\\ui_project\\\\entry\\\\build\\\\default\\\\intermediates\\\\res\\\\default\\\\opt-compression.json\",\"_value\":\"{\\\"context\\\":{\\\"extensionPath\\\":\\\"F:\\\\\\\\deveco5.1.1\\\\\\\\DevEco Studio\\\\\\\\sdk\\\\\\\\default\\\\\\\\hms\\\\\\\\toolchains\\\\\\\\lib\\\\\\\\libimage_transcoder_shared.dll\\\"},\\\"compression\\\":{\\\"media\\\":{\\\"enable\\\":false},\\\"filters\\\":[]}}\",\"_valueType\":\"string\",\"_hash\":\"fc53af509877ff1798cbc0e902829282\"}"},{"dataType":"ValueEntry","value":"{\"_name\":\"ignoreResourcePattern\",\"_value\":\"\",\"_valueType\":\"string\",\"_hash\":\"91136ea01258d75c095a4d97cb3ef218\"}"},{"dataType":"ValueEntry","value":"{\"_name\":\"resConfigJsonContent\",\"_value\":\"{\\\"configPath\\\":\\\"F:\\\\\\\\DevEcoStudioProject\\\\\\\\ui_project\\\\\\\\entry\\\\\\\\build\\\\\\\\default\\\\\\\\intermediates\\\\\\\\process_profile\\\\\\\\default\\\\\\\\module.json\\\",\\\"packageName\\\":\\\"com.example.ui_project\\\",\\\"output\\\":\\\"F:\\\\\\\\DevEcoStudioProject\\\\\\\\ui_project\\\\\\\\entry\\\\\\\\build\\\\\\\\default\\\\\\\\intermediates\\\\\\\\res\\\\\\\\default\\\",\\\"moduleNames\\\":\\\"entry\\\",\\\"ResourceTable\\\":[\\\"F:\\\\\\\\DevEcoStudioProject\\\\\\\\ui_project\\\\\\\\entry\\\\\\\\build\\\\\\\\default\\\\\\\\generated\\\\\\\\r\\\\\\\\default\\\\\\\\ResourceTable.h\\\"],\\\"applicationResource\\\":\\\"F:\\\\\\\\DevEcoStudioProject\\\\\\\\ui_project\\\\\\\\AppScope\\\\\\\\resources\\\",\\\"moduleResources\\\":[\\\"F:\\\\\\\\DevEcoStudioProject\\\\\\\\ui_project\\\\\\\\entry\\\\\\\\src\\\\\\\\main\\\\\\\\resources\\\"],\\\"dependencies\\\":[],\\\"iconCheck\\\":true,\\\"ids\\\":\\\"F:\\\\\\\\DevEcoStudioProject\\\\\\\\ui_project\\\\\\\\entry\\\\\\\\build\\\\\\\\default\\\\\\\\intermediates\\\\\\\\res\\\\\\\\default\\\\\\\\ids_map\\\",\\\"definedIds\\\":\\\"F:\\\\\\\\DevEcoStudioProject\\\\\\\\ui_project\\\\\\\\entry\\\\\\\\build\\\\\\\\default\\\\\\\\intermediates\\\\\\\\res\\\\\\\\default\\\\\\\\ids_map\\\\\\\\id_defined.json\\\",\\\"definedSysIds\\\":\\\"F:\\\\\\\\deveco5.1.1\\\\\\\\DevEco Studio\\\\\\\\sdk\\\\\\\\default\\\\\\\\hms\\\\\\\\toolchains\\\\\\\\id_defined.json\\\"}\",\"_valueType\":\"string\",\"_hash\":\"89dc56e81ffced286c9961139cf58a9f\"}"},{"dataType":"ValueEntry","value":"{\"_name\":\"resource_str\",\"_value\":false,\"_valueType\":\"boolean\",\"_hash\":\"c59ebe125e2aaa014a4454c9564cf3c6\"}"}],"_successful":true,"_projectName":"ui_project","_moduleName":"entry","_taskName":"default@ProcessResource","_key":":ui_project:entry:default@ProcessResource","_executionId":":ui_project:entry:default@ProcessResource:1759110944854","_inputFiles":{"dataType":"Map","value":[]},"_outputFiles":{"dataType":"Map","value":[["F:\\DevEcoStudioProject\\ui_project\\entry\\build\\default\\intermediates\\res\\default\\resConfig.json",{"isDirectory":false,"fileSnapShotHashValue":"ec267d856fdca63b4b65bb3cb58d94da"}],["F:\\DevEcoStudioProject\\ui_project\\entry\\build\\default\\intermediates\\res\\default\\opt-compression.json",{"isDirectory":false,"fileSnapShotHashValue":"8a1ed97788aa831414cbfac9e190d899"}]]}},":ui_project:entry:default@GenerateLoaderJson":{"_inputs":[{"dataType":"ValueEntry","value":"{\"_name\":\"BUILTIN_TASK_COMMAND\",\"_value\":\"\",\"_valueType\":\"string\",\"_hash\":\"0b5d05294fdf4e78e8482ef53eb64ac0\"}"},{"dataType":"ValueEntry","value":"{\"_name\":\"BUILTIN_TASK_ENV\",\"_value\":\"\",\"_valueType\":\"string\",\"_hash\":\"cdcdc2ec8062ca9ec1de46dbf2bbc053\"}"},{"dataType":"ValueEntry","value":"{\"_name\":\"BUILTIN_TASK_TOOLCHAIN\",\"_value\":\"\",\"_valueType\":\"string\",\"_hash\":\"e7f94a9422a8bc317a7d90b58efcb5f6\"}"},{"dataType":"ValueEntry","value":"{\"_name\":\"anBuildMode\",\"_value\":\"type\",\"_valueType\":\"string\",\"_hash\":\"de241a1eec94a2a622ff1c89f32846a2\"}"},{"dataType":"ValueEntry","value":"{\"_name\":\"apPath\",\"_value\":\"F:\\\\DevEcoStudioProject\\\\ui_project\\\\entry\\\\modules.ap\",\"_valueType\":\"string\",\"_hash\":\"ecc22e7ffd4a445c2e5792d907d98292\"}"},{"dataType":"ValueEntry","value":"{\"_name\":\"appStartupFileName\",\"_value\":\"\",\"_valueType\":\"string\",\"_hash\":\"87d81fdb1c6249048cc0cae16c042f58\"}"},{"dataType":"ValueEntry","value":"{\"_name\":\"compatibleApiVersion\",\"_value\":13,\"_valueType\":\"number\",\"_hash\":\"285c7007704e8c3a7d2dba4f9a0b160b\"}"},{"dataType":"ValueEntry","value":"{\"_name\":\"compileApiVersion\",\"_value\":19,\"_valueType\":\"number\",\"_hash\":\"567aaa33725055ef7398e5c2f3a65c4e\"}"},{"dataType":"ValueEntry","value":"{\"_name\":\"compileMode\",\"_value\":\"esmodule\",\"_valueType\":\"string\",\"_hash\":\"dacafc8e0b77a950178a0b4d142dc32c\"}"},{"dataType":"ValueEntry","value":"{\"_name\":\"fallbackAnBuild\",\"_value\":false,\"_valueType\":\"boolean\",\"_hash\":\"a63e98bb3f368ced6ed4d5579ea7ca39\"}"},{"dataType":"ValueEntry","value":"{\"_name\":\"harNameOhmMap\",\"_value\":\"{}\",\"_valueType\":\"string\",\"_hash\":\"0faf006bccbcdc2c7f04ff2d8c87894f\"}"},{"dataType":"ValueEntry","value":"{\"_name\":\"hspNameOhmMap\",\"_value\":\"{}\",\"_valueType\":\"string\",\"_hash\":\"0e2d87e0c1ed279c66bc3efb8683e5d1\"}"},{"dataType":"ValueEntry","value":"{\"_name\":\"isBundledDependencies\",\"_value\":false,\"_valueType\":\"boolean\",\"_hash\":\"a69aa552317c7a6e087cb84a5722e050\"}"},{"dataType":"ValueEntry","value":"{\"_name\":\"isByteCodeHar\",\"_value\":false,\"_valueType\":\"boolean\",\"_hash\":\"c5f9b9e5cabee4253d52d0d01ca64ba2\"}"},{"dataType":"ValueEntry","value":"{\"_name\":\"isByteCodeHarOptimize\",\"_value\":false,\"_valueType\":\"boolean\",\"_hash\":\"8bead8cfc37204aef1ea61b5629a86a7\"}"},{"dataType":"ValueEntry","value":"{\"_name\":\"isFullCompilationEnabled\",\"_value\":true,\"_valueType\":\"boolean\",\"_hash\":\"98b683d049e4e7fc32ef1be5321fe0b6\"}"},{"dataType":"ValueEntry","value":"{\"_name\":\"isHarWithCoverage\",\"_value\":false,\"_valueType\":\"boolean\",\"_hash\":\"7224a86bd9c5f83cb9a1a61584afcfb4\"}"},{"dataType":"ValueEntry","value":"{\"_name\":\"isOhosTest\",\"_value\":false,\"_valueType\":\"boolean\",\"_hash\":\"d82a43074b4d7726f9a69dbce1ae80d2\"}"},{"dataType":"ValueEntry","value":"{\"_name\":\"modulePathMap\",\"_value\":\"{\\\"entry\\\":\\\"F:\\\\\\\\DevEcoStudioProject\\\\\\\\ui_project\\\\\\\\entry\\\"}\",\"_valueType\":\"string\",\"_hash\":\"9344f1e1ee652c8dc87df6b59f1d0e9b\"}"},{"dataType":"ValueEntry","value":"{\"_name\":\"module_dependencies\",\"_value\":\"{}\",\"_valueType\":\"string\",\"_hash\":\"974757f304b5bfd1c1454ea7a38cd0d5\"}"},{"dataType":"ValueEntry","value":"{\"_name\":\"needSubmitArkTsWidget\",\"_value\":false,\"_valueType\":\"boolean\",\"_hash\":\"dc1ab65720a503a3d9098eab280b7116\"}"},{"dataType":"ValueEntry","value":"{\"_name\":\"nodeModulesPath\",\"_value\":\"F:\\\\DevEcoStudioProject\\\\ui_project\\\\entry\\\\build\\\\default\\\\intermediates\\\\loader_out\\\\default\\\\node_modules\",\"_valueType\":\"string\",\"_hash\":\"3dd12c7138df3be0829dfbb8bdc49be2\"}"},{"dataType":"ValueEntry","value":"{\"_name\":\"overrides\",\"_valueType\":\"undefined\",\"_hash\":\"0e8f66f8eb79c6f33fb153c3fc3942f4\"}"},{"dataType":"ValueEntry","value":"{\"_name\":\"patchConfig\",\"_value\":\"{\\\"changedFileList\\\":\\\"F:\\\\\\\\DevEcoStudioProject\\\\\\\\ui_project\\\\\\\\entry\\\\\\\\build\\\\\\\\default\\\\\\\\intermediates\\\\\\\\patch\\\\\\\\default\\\\\\\\changedFileList.json\\\"}\",\"_valueType\":\"string\",\"_hash\":\"a7bc3d2bac64e3af6b1219d9a638ea25\"}"},{"dataType":"ValueEntry","value":"{\"_name\":\"projectRootPath\",\"_value\":\"F:\\\\DevEcoStudioProject\\\\ui_project\",\"_valueType\":\"string\",\"_hash\":\"7e8c2063b0ed3cb42be76236eeeec5d6\"}"},{"dataType":"ValueEntry","value":"{\"_name\":\"project_dependencies\",\"_value\":\"{}\",\"_valueType\":\"string\",\"_hash\":\"e15496bf1de2273597f444f07f1ca6d5\"}"},{"dataType":"ValueEntry","value":"{\"_name\":\"shouldTreatHarAsHap\",\"_value\":false,\"_valueType\":\"boolean\",\"_hash\":\"24c9a48f68bd9cc73238825ca10c9629\"}"},{"dataType":"ValueEntry","value":"{\"_name\":\"targetConfig\",\"_value\":\"{\\\"name\\\":\\\"default\\\"}\",\"_valueType\":\"string\",\"_hash\":\"44f0c01d44e2bbf4013c5bb1f232e1fe\"}"},{"dataType":"ValueEntry","value":"{\"_name\":\"useNormalizedOHMUrl\",\"_value\":true,\"_valueType\":\"boolean\",\"_hash\":\"05eabcf12e6fe230e579e0fd37679db6\"}"}],"_successful":true,"_projectName":"ui_project","_moduleName":"entry","_taskName":"default@GenerateLoaderJson","_key":":ui_project:entry:default@GenerateLoaderJson","_executionId":":ui_project:entry:default@GenerateLoaderJson:1759110944871","_inputFiles":{"dataType":"Map","value":[["F:\\DevEcoStudioProject\\ui_project\\entry\\src\\mock\\mock-config.json5",{"fileSnapShotHashValue":"345ebf39f7cca8f4319846c00f86a568"}],["F:\\DevEcoStudioProject\\ui_project\\entry\\build\\default\\intermediates\\loader\\default\\pkgContextInfo.json",{"fileSnapShotHashValue":"3fed6bfb4c16042cec28a869ffb28553"}],["F:\\DevEcoStudioProject\\ui_project\\entry\\build\\default\\intermediates\\router_map\\default\\temp-router-map.json",{"fileSnapShotHashValue":"4d169e2c336f0a6a06f9e3bc045da489"}]]},"_outputFiles":{"dataType":"Map","value":[["F:\\DevEcoStudioProject\\ui_project\\entry\\build\\default\\intermediates\\loader\\default\\loader.json",{"isDirectory":false,"fileSnapShotHashValue":"fb2b45b8c2c2a817af96e2bbd09e7599"}]]}},":ui_project:entry:default@ProcessLibs":{"_inputs":[{"dataType":"ValueEntry","value":"{\"_name\":\"BUILTIN_TASK_COMMAND\",\"_value\":\"\",\"_valueType\":\"string\",\"_hash\":\"0b5d05294fdf4e78e8482ef53eb64ac0\"}"},{"dataType":"ValueEntry","value":"{\"_name\":\"BUILTIN_TASK_ENV\",\"_value\":\"\",\"_valueType\":\"string\",\"_hash\":\"cdcdc2ec8062ca9ec1de46dbf2bbc053\"}"},{"dataType":"ValueEntry","value":"{\"_name\":\"BUILTIN_TASK_TOOLCHAIN\",\"_value\":\"\",\"_valueType\":\"string\",\"_hash\":\"e7f94a9422a8bc317a7d90b58efcb5f6\"}"},{"dataType":"ValueEntry","value":"{\"_name\":\"excludeFromHar\",\"_value\":true,\"_valueType\":\"boolean\",\"_hash\":\"c33cbd85982f2e758a878e3aa30a9f01\"}"},{"dataType":"ValueEntry","value":"{\"_name\":\"isBundledDependencies\",\"_value\":false,\"_valueType\":\"boolean\",\"_hash\":\"a69aa552317c7a6e087cb84a5722e050\"}"},{"dataType":"ValueEntry","value":"{\"_name\":\"isByteCodeHar\",\"_value\":false,\"_valueType\":\"boolean\",\"_hash\":\"c5f9b9e5cabee4253d52d0d01ca64ba2\"}"}],"_successful":true,"_projectName":"ui_project","_moduleName":"entry","_taskName":"default@ProcessLibs","_key":":ui_project:entry:default@ProcessLibs","_executionId":":ui_project:entry:default@ProcessLibs:1759111136979","_inputFiles":{"dataType":"Map","value":[["F:\\DevEcoStudioProject\\ui_project\\build-profile.json5",{"fileSnapShotHashValue":"654dd851db50ad2ab4f1988b01bf32b1"}],["F:\\DevEcoStudioProject\\ui_project\\entry\\build-profile.json5",{"fileSnapShotHashValue":"2d074ce9517079cbb30eb8fcaad9dadf"}]]},"_outputFiles":{"dataType":"Map","value":[["F:\\DevEcoStudioProject\\ui_project\\entry\\build\\default\\intermediates\\libs\\default",{"isDirectory":true,"fileSnapShotHashValue":""}]]}},":ui_project:entry:default@CompileResource":{"_inputs":[{"dataType":"ValueEntry","value":"{\"_name\":\"BUILTIN_TASK_COMMAND\",\"_value\":\"F:\\\\deveco5.1.1\\\\DevEco Studio\\\\sdk\\\\default\\\\openharmony\\\\toolchains\\\\restool.exe,-l,F:\\\\DevEcoStudioProject\\\\ui_project\\\\entry\\\\build\\\\default\\\\intermediates\\\\res\\\\default\\\\resConfig.json\",\"_valueType\":\"string\",\"_hash\":\"2acdd1b06d5d1d68ca4f804f8f0ba7ed\"}"},{"dataType":"ValueEntry","value":"{\"_name\":\"BUILTIN_TASK_ENV\",\"_value\":\"\",\"_valueType\":\"string\",\"_hash\":\"cdcdc2ec8062ca9ec1de46dbf2bbc053\"}"},{"dataType":"ValueEntry","value":"{\"_name\":\"BUILTIN_TASK_TOOLCHAIN\",\"_value\":\"F:\\\\deveco5.1.1\\\\DevEco Studio\\\\sdk\\\\default\\\\openharmony\\\\toolchains\\\\restool.exe\",\"_valueType\":\"string\",\"_hash\":\"1989f7597ddc9298785088bc318cb25f\"}"},{"dataType":"ValueEntry","value":"{\"_name\":\"TARGET_CONFIG\",\"_value\":\"{\\\"name\\\":\\\"default\\\"}\",\"_valueType\":\"string\",\"_hash\":\"ebe85c5c20c0e5d9e03bc5dc7135f953\"}"},{"dataType":"ValueEntry","value":"{\"_name\":\"useNormalizedOHMUrl\",\"_value\":true,\"_valueType\":\"boolean\",\"_hash\":\"05eabcf12e6fe230e579e0fd37679db6\"}"}],"_successful":true,"_projectName":"ui_project","_moduleName":"entry","_taskName":"default@CompileResource","_key":":ui_project:entry:default@CompileResource","_executionId":":ui_project:entry:default@CompileResource:1759111136988","_inputFiles":{"dataType":"Map","value":[["F:\\DevEcoStudioProject\\ui_project\\entry\\src\\main\\resources",{"fileSnapShotHashValue":"b73197155aa324ac8c2f957dc0cd4c69"}],["F:\\DevEcoStudioProject\\ui_project\\AppScope\\resources",{"fileSnapShotHashValue":"70dc4e7e58ac0318d795a935222d29fa"}],["F:\\DevEcoStudioProject\\ui_project\\entry\\build\\default\\intermediates\\process_profile\\default\\module.json",{"isDirectory":false,"fileSnapShotHashValue":"492ff29f2af3db6c4d3afecaae0663fa"}],["F:\\DevEcoStudioProject\\ui_project\\entry\\build\\default\\intermediates\\res\\default\\resConfig.json",{"isDirectory":false,"fileSnapShotHashValue":"ec267d856fdca63b4b65bb3cb58d94da"}]]},"_outputFiles":{"dataType":"Map","value":[["F:\\DevEcoStudioProject\\ui_project\\entry\\build\\default\\intermediates\\res\\default",{"isDirectory":true,"fileSnapShotHashValue":"e28157f31ac0e7edd1ce7993757efa9b"}],["F:\\DevEcoStudioProject\\ui_project\\entry\\build\\default\\generated\\r\\default\\ResourceTable.h",{"isDirectory":false,"fileSnapShotHashValue":"a0027f685e29db4ec40145b89ebee358"}],["F:\\DevEcoStudioProject\\ui_project\\entry\\build\\default\\generated\\r\\default",{"isDirectory":true,"fileSnapShotHashValue":"3da43648c332ddc3c5ab75ab1a483df3"}]]}},":ui_project:entry:default@DoNativeStrip":{"_inputs":[{"dataType":"ValueEntry","value":"{\"_name\":\"BUILTIN_TASK_COMMAND\",\"_value\":\"\",\"_valueType\":\"string\",\"_hash\":\"0b5d05294fdf4e78e8482ef53eb64ac0\"}"},{"dataType":"ValueEntry","value":"{\"_name\":\"BUILTIN_TASK_ENV\",\"_value\":\"\",\"_valueType\":\"string\",\"_hash\":\"cdcdc2ec8062ca9ec1de46dbf2bbc053\"}"},{"dataType":"ValueEntry","value":"{\"_name\":\"BUILTIN_TASK_TOOLCHAIN\",\"_value\":\"\",\"_valueType\":\"string\",\"_hash\":\"e7f94a9422a8bc317a7d90b58efcb5f6\"}"},{"dataType":"ValueEntry","value":"{\"_name\":\"debugSymbol\",\"_value\":\"\",\"_valueType\":\"string\",\"_hash\":\"055eeab6818b3f1a4978705cfba272fa\"}"}],"_successful":true,"_projectName":"ui_project","_moduleName":"entry","_taskName":"default@DoNativeStrip","_key":":ui_project:entry:default@DoNativeStrip","_executionId":":ui_project:entry:default@DoNativeStrip:1759110945381","_inputFiles":{"dataType":"Map","value":[["F:\\DevEcoStudioProject\\ui_project\\entry\\build\\default\\intermediates\\libs\\default",{"isDirectory":true,"fileSnapShotHashValue":""}]]},"_outputFiles":{"dataType":"Map","value":[["F:\\DevEcoStudioProject\\ui_project\\entry\\build\\default\\intermediates\\stripped_native_libs\\default",{"isDirectory":true,"fileSnapShotHashValue":""}]]}},":ui_project:entry:default@CompileArkTS":{"_inputs":[{"dataType":"ValueEntry","value":"{\"_name\":\"debuggable\",\"_value\":true,\"_valueType\":\"boolean\"}"},{"dataType":"ValueEntry","value":"{\"_name\":\"isArk\",\"_value\":true,\"_valueType\":\"boolean\"}"},{"dataType":"ValueEntry","value":"{\"_name\":\"needCoverageInsert\",\"_value\":false,\"_valueType\":\"boolean\"}"},{"dataType":"ValueEntry","value":"{\"_name\":\"ark.tsImportSendable\",\"_value\":false,\"_valueType\":\"boolean\"}"},{"dataType":"ValueEntry","value":"{\"_name\":\"customTypes\",\"_value\":\"\",\"_valueType\":\"string\"}"},{"dataType":"ValueEntry","value":"{\"_name\":\"isByteCodeHarOptimize\",\"_value\":false,\"_valueType\":\"boolean\"}"},{"dataType":"ValueEntry","value":"{\"_name\":\"caseSensitiveCheck\",\"_value\":true,\"_valueType\":\"boolean\"}"},{"dataType":"ValueEntry","value":"{\"_name\":\"useNormalizedOHMUrl\",\"_value\":true,\"_valueType\":\"boolean\"}"},{"dataType":"ValueEntry","value":"{\"_name\":\"transformLib\",\"_value\":\"\",\"_valueType\":\"string\"}"},{"dataType":"ValueEntry","value":"{\"_name\":\"compatibleSdkVersionStage\",\"_value\":\"\",\"_valueType\":\"string\"}"},{"dataType":"ValueEntry","value":"{\"_name\":\"autoLazyImport\",\"_value\":false,\"_valueType\":\"boolean\"}"},{"dataType":"ValueEntry","value":"{\"_name\":\"allowEmptyBundleName\",\"_value\":false,\"_valueType\":\"boolean\"}"},{"dataType":"ValueEntry","value":"{\"_name\":\"reExportCheckMode\",\"_value\":\"noCheck\",\"_valueType\":\"string\"}"},{"dataType":"ValueEntry","value":"{\"_name\":\"executionMode\",\"_value\":\"memory\",\"_valueType\":\"string\"}"},{"dataType":"ValueEntry","value":"{\"_name\":\"arkTsWdiget\",\"_value\":false,\"_valueType\":\"boolean\"}"},{"dataType":"ValueEntry","value":"{\"_name\":\"OBFUSCATION_ENABLE\",\"_value\":\"undefined\",\"_valueType\":\"string\"}"},{"dataType":"ValueEntry","value":"{\"_name\":\"OBFUSCATION_FILES_HASH\",\"_value\":\"\",\"_valueType\":\"string\"}"},{"dataType":"ValueEntry","value":"{\"_name\":\"maxFlowDepth\",\"_value\":\"undefined\",\"_valueType\":\"string\"}"},{"dataType":"ValueEntry","value":"{\"_name\":\"noExternalImportByPath\",\"_value\":true,\"_valueType\":\"boolean\"}"},{"dataType":"ValueEntry","value":"{\"_name\":\"copyCodeResourceEnable\",\"_value\":true,\"_valueType\":\"boolean\"}"},{"dataType":"ValueEntry","value":"{\"_name\":\"copyCodeResourceExcludes\",\"_value\":[],\"_valueType\":\"object\"}"},{"dataType":"ValueEntry","value":"{\"_name\":\"ohos.uiTransform.Optimization\",\"_value\":false,\"_valueType\":\"boolean\"}"},{"dataType":"ValueEntry","value":"{\"_name\":\"BUILTIN_TASK_COMMAND\",\"_value\":\"\",\"_valueType\":\"string\"}"},{"dataType":"ValueEntry","value":"{\"_name\":\"BUILTIN_TASK_TOOLCHAIN\",\"_value\":\"\",\"_valueType\":\"string\"}"},{"dataType":"ValueEntry","value":"{\"_name\":\"BUILTIN_TASK_ENV\",\"_value\":\"\",\"_valueType\":\"string\"}"}],"_successful":true,"_projectName":"ui_project","_moduleName":"entry","_taskName":"default@CompileArkTS","_key":":ui_project:entry:default@CompileArkTS","_executionId":":ui_project:entry:default@CompileArkTS:1759118836866","_inputFiles":{"dataType":"Map","value":[["F:\\DevEcoStudioProject\\ui_project\\entry\\build\\default\\intermediates\\loader\\default",{"isDirectory":true,"fileSnapShotHashValue":"1318986b57bc73aa6d5737b270a942e7"}],["F:\\DevEcoStudioProject\\ui_project\\entry\\build\\default\\intermediates\\res\\default\\resources\\rawfile",{"isDirectory":true,"fileSnapShotHashValue":""}],["F:\\DevEcoStudioProject\\ui_project\\entry\\build\\default\\intermediates\\res\\default\\ResourceTable.txt",{"fileSnapShotHashValue":"f6c4e21e3f98ab6a33fd5b84fde817ff"}],["F:\\DevEcoStudioProject\\ui_project\\entry\\build\\default\\intermediates\\res\\default\\ark_module.json",{"fileSnapShotHashValue":"1c06b892d6a2f398253fb926404e93bf"}],["F:\\DevEcoStudioProject\\ui_project\\entry\\build\\default\\intermediates\\res\\default\\resources\\base\\profile",{"isDirectory":true,"fileSnapShotHashValue":"021c582a4106933a417d3f5f42a4fe10"}],["F:\\DevEcoStudioProject\\ui_project\\entry\\src\\main\\ets",{"isDirectory":true,"fileSnapShotHashValue":"620a4cfdb2b2089d662ac4253e15062e"}],["F:\\DevEcoStudioProject\\ui_project\\entry\\build\\default\\intermediates\\loader\\default\\pkgContextInfo.json",{"fileSnapShotHashValue":"3fed6bfb4c16042cec28a869ffb28553"}],["F:\\DevEcoStudioProject\\ui_project\\entry\\build\\default\\generated\\profile\\default\\BuildProfile.ets",{"fileSnapShotHashValue":"efcc15f62815849442fdd6c91359d66d"}],["F:\\DevEcoStudioProject\\ui_project\\entry\\src\\mock\\mock-config.json5",{"isDirectory":false,"fileSnapShotHashValue":"345ebf39f7cca8f4319846c00f86a568"}]]},"_outputFiles":{"dataType":"Map","value":[["F:\\DevEcoStudioProject\\ui_project\\entry\\build\\default\\intermediates\\loader_out\\default\\ets",{"isDirectory":true,"fileSnapShotHashValue":"24d9946f1829bd0d2a49bd4a601afcde"}]]}},":ui_project:entry:default@BuildJS":{"_inputs":[{"dataType":"ValueEntry","value":"{\"_name\":\"debuggable\",\"_value\":true,\"_valueType\":\"boolean\"}"},{"dataType":"ValueEntry","value":"{\"_name\":\"isArk\",\"_value\":true,\"_valueType\":\"boolean\"}"},{"dataType":"ValueEntry","value":"{\"_name\":\"needCoverageInsert\",\"_value\":false,\"_valueType\":\"boolean\"}"},{"dataType":"ValueEntry","value":"{\"_name\":\"ark.tsImportSendable\",\"_value\":false,\"_valueType\":\"boolean\"}"},{"dataType":"ValueEntry","value":"{\"_name\":\"customTypes\",\"_value\":\"\",\"_valueType\":\"string\"}"},{"dataType":"ValueEntry","value":"{\"_name\":\"isByteCodeHarOptimize\",\"_value\":false,\"_valueType\":\"boolean\"}"},{"dataType":"ValueEntry","value":"{\"_name\":\"caseSensitiveCheck\",\"_value\":true,\"_valueType\":\"boolean\"}"},{"dataType":"ValueEntry","value":"{\"_name\":\"useNormalizedOHMUrl\",\"_value\":true,\"_valueType\":\"boolean\"}"},{"dataType":"ValueEntry","value":"{\"_name\":\"transformLib\",\"_value\":\"\",\"_valueType\":\"string\"}"},{"dataType":"ValueEntry","value":"{\"_name\":\"compatibleSdkVersionStage\",\"_value\":\"\",\"_valueType\":\"string\"}"},{"dataType":"ValueEntry","value":"{\"_name\":\"autoLazyImport\",\"_value\":false,\"_valueType\":\"boolean\"}"},{"dataType":"ValueEntry","value":"{\"_name\":\"allowEmptyBundleName\",\"_value\":false,\"_valueType\":\"boolean\"}"},{"dataType":"ValueEntry","value":"{\"_name\":\"reExportCheckMode\",\"_value\":\"noCheck\",\"_valueType\":\"string\"}"},{"dataType":"ValueEntry","value":"{\"_name\":\"executionMode\",\"_value\":\"memory\",\"_valueType\":\"string\"}"},{"dataType":"ValueEntry","value":"{\"_name\":\"BUILTIN_TASK_COMMAND\",\"_value\":\"\",\"_valueType\":\"string\"}"},{"dataType":"ValueEntry","value":"{\"_name\":\"BUILTIN_TASK_TOOLCHAIN\",\"_value\":\"\",\"_valueType\":\"string\"}"},{"dataType":"ValueEntry","value":"{\"_name\":\"BUILTIN_TASK_ENV\",\"_value\":\"\",\"_valueType\":\"string\"}"}],"_successful":false,"_projectName":"ui_project","_moduleName":"entry","_taskName":"default@BuildJS","_key":":ui_project:entry:default@BuildJS","_executionId":":ui_project:entry:default@BuildJS:1759118836888","_inputFiles":{"dataType":"Map","value":[["F:\\DevEcoStudioProject\\ui_project\\entry\\build\\default\\intermediates\\loader\\default",{"isDirectory":true,"fileSnapShotHashValue":"1318986b57bc73aa6d5737b270a942e7"}],["F:\\DevEcoStudioProject\\ui_project\\entry\\build\\default\\intermediates\\res\\default\\resources\\rawfile",{"isDirectory":true,"fileSnapShotHashValue":""}],["F:\\DevEcoStudioProject\\ui_project\\entry\\build\\default\\intermediates\\res\\default\\ResourceTable.txt",{"fileSnapShotHashValue":"f6c4e21e3f98ab6a33fd5b84fde817ff"}],["F:\\DevEcoStudioProject\\ui_project\\entry\\build\\default\\intermediates\\res\\default\\ark_module.json",{"fileSnapShotHashValue":"1c06b892d6a2f398253fb926404e93bf"}],["F:\\DevEcoStudioProject\\ui_project\\entry\\build\\default\\intermediates\\res\\default\\resources\\base\\profile",{"isDirectory":true,"fileSnapShotHashValue":"021c582a4106933a417d3f5f42a4fe10"}],["F:\\DevEcoStudioProject\\ui_project\\entry\\build\\default\\intermediates\\loader\\default\\pkgContextInfo.json",{"fileSnapShotHashValue":"3fed6bfb4c16042cec28a869ffb28553"}]]},"_outputFiles":{"dataType":"Map","value":[["F:\\DevEcoStudioProject\\ui_project\\entry\\build\\default\\intermediates\\loader_out\\default\\js",{"isDirectory":true,"fileSnapShotHashValue":""}]]}},":ui_project:entry:default@CacheNativeLibs":{"_inputs":[{"dataType":"ValueEntry","value":"{\"_name\":\"BUILTIN_TASK_COMMAND\",\"_value\":\"\",\"_valueType\":\"string\",\"_hash\":\"0b5d05294fdf4e78e8482ef53eb64ac0\"}"},{"dataType":"ValueEntry","value":"{\"_name\":\"BUILTIN_TASK_ENV\",\"_value\":\"\",\"_valueType\":\"string\",\"_hash\":\"cdcdc2ec8062ca9ec1de46dbf2bbc053\"}"},{"dataType":"ValueEntry","value":"{\"_name\":\"BUILTIN_TASK_TOOLCHAIN\",\"_value\":\"\",\"_valueType\":\"string\",\"_hash\":\"e7f94a9422a8bc317a7d90b58efcb5f6\"}"},{"dataType":"ValueEntry","value":"{\"_name\":\"debugSymbol\",\"_value\":\"\",\"_valueType\":\"string\",\"_hash\":\"055eeab6818b3f1a4978705cfba272fa\"}"}],"_successful":true,"_projectName":"ui_project","_moduleName":"entry","_taskName":"default@CacheNativeLibs","_key":":ui_project:entry:default@CacheNativeLibs","_executionId":":ui_project:entry:default@CacheNativeLibs:1759110945424","_inputFiles":{"dataType":"Map","value":[["F:\\DevEcoStudioProject\\ui_project\\entry\\build\\default\\intermediates\\stripped_native_libs\\default",{"isDirectory":true,"fileSnapShotHashValue":""}],["F:\\DevEcoStudioProject\\ui_project\\entry\\build\\default\\intermediates\\libs\\default",{"isDirectory":true,"fileSnapShotHashValue":""}]]},"_outputFiles":{"dataType":"Map","value":[["F:\\DevEcoStudioProject\\ui_project\\entry\\build\\default\\intermediates\\patch\\default\\base_native_libs.json",{"isDirectory":false,"fileSnapShotHashValue":"5df6ec2b7f51f2d01fcfd6b93162c6e5"}]]}},":ui_project:entry:default@GeneratePkgModuleJson":{"_inputs":[{"dataType":"ValueEntry","value":"{\"_name\":\"BUILTIN_TASK_COMMAND\",\"_value\":\"\",\"_valueType\":\"string\",\"_hash\":\"0b5d05294fdf4e78e8482ef53eb64ac0\"}"},{"dataType":"ValueEntry","value":"{\"_name\":\"BUILTIN_TASK_ENV\",\"_value\":\"\",\"_valueType\":\"string\",\"_hash\":\"cdcdc2ec8062ca9ec1de46dbf2bbc053\"}"},{"dataType":"ValueEntry","value":"{\"_name\":\"BUILTIN_TASK_TOOLCHAIN\",\"_value\":\"\",\"_valueType\":\"string\",\"_hash\":\"e7f94a9422a8bc317a7d90b58efcb5f6\"}"}],"_successful":true,"_projectName":"ui_project","_moduleName":"entry","_taskName":"default@GeneratePkgModuleJson","_key":":ui_project:entry:default@GeneratePkgModuleJson","_executionId":":ui_project:entry:default@GeneratePkgModuleJson:1759111138666","_inputFiles":{"dataType":"Map","value":[["F:\\DevEcoStudioProject\\ui_project\\entry\\build\\default\\intermediates\\res\\default\\module.json",{"fileSnapShotHashValue":"3422cc6bf25eaecd1291ce88e3048842"}]]},"_outputFiles":{"dataType":"Map","value":[["F:\\DevEcoStudioProject\\ui_project\\entry\\build\\default\\intermediates\\package\\default\\module.json",{"fileSnapShotHashValue":"3422cc6bf25eaecd1291ce88e3048842"}]]}},":ui_project:entry:default@PackageHap":{"_inputs":[{"dataType":"ValueEntry","value":"{\"_name\":\"hotReload\",\"_value\":false,\"_valueType\":\"boolean\"}"},{"dataType":"ValueEntry","value":"{\"_name\":\"integrated_hsp\",\"_value\":false,\"_valueType\":\"boolean\"}"},{"dataType":"ValueEntry","value":"{\"_name\":\"projectConfigAppOpt\",\"_valueType\":\"undefined\"}"},{"dataType":"ValueEntry","value":"{\"_name\":\"sourceMapDir\",\"_value\":\"\",\"_valueType\":\"string\"}"},{"dataType":"ValueEntry","value":"{\"_name\":\"bundleType\",\"_value\":\"app\",\"_valueType\":\"string\"}"},{"dataType":"ValueEntry","value":"{\"_name\":\"BUILTIN_TASK_COMMAND\",\"_value\":\"java,-Dfile.encoding=GBK,-jar,F:\\\\deveco5.1.1\\\\DevEco Studio\\\\sdk\\\\default\\\\openharmony\\\\toolchains\\\\lib\\\\app_packing_tool.jar,--mode,hap,--force,true,--lib-path,F:\\\\DevEcoStudioProject\\\\ui_project\\\\entry\\\\build\\\\default\\\\intermediates\\\\stripped_native_libs\\\\default,--json-path,F:\\\\DevEcoStudioProject\\\\ui_project\\\\entry\\\\build\\\\default\\\\intermediates\\\\package\\\\default\\\\module.json,--resources-path,F:\\\\DevEcoStudioProject\\\\ui_project\\\\entry\\\\build\\\\default\\\\intermediates\\\\res\\\\default\\\\resources,--index-path,F:\\\\DevEcoStudioProject\\\\ui_project\\\\entry\\\\build\\\\default\\\\intermediates\\\\res\\\\default\\\\resources.index,--pack-info-path,F:\\\\DevEcoStudioProject\\\\ui_project\\\\entry\\\\build\\\\default\\\\outputs\\\\default\\\\pack.info,--out-path,F:\\\\DevEcoStudioProject\\\\ui_project\\\\entry\\\\build\\\\default\\\\outputs\\\\default\\\\entry-default-unsigned.hap,--ets-path,F:\\\\DevEcoStudioProject\\\\ui_project\\\\entry\\\\build\\\\default\\\\intermediates\\\\loader_out\\\\default\\\\ets,--pkg-context-path,F:\\\\DevEcoStudioProject\\\\ui_project\\\\entry\\\\build\\\\default\\\\intermediates\\\\loader\\\\default\\\\pkgContextInfo.json\",\"_valueType\":\"string\"}"},{"dataType":"ValueEntry","value":"{\"_name\":\"BUILTIN_TASK_TOOLCHAIN\",\"_value\":\"F:\\\\deveco5.1.1\\\\DevEco Studio\\\\sdk\\\\default\\\\openharmony\\\\toolchains\\\\lib\\\\app_packing_tool.jar\",\"_valueType\":\"string\"}"},{"dataType":"ValueEntry","value":"{\"_name\":\"BUILTIN_TASK_ENV\",\"_value\":\"\",\"_valueType\":\"string\"}"}],"_successful":true,"_projectName":"ui_project","_moduleName":"entry","_taskName":"default@PackageHap","_key":":ui_project:entry:default@PackageHap","_executionId":":ui_project:entry:default@PackageHap:1759118838923","_inputFiles":{"dataType":"Map","value":[["F:\\DevEcoStudioProject\\ui_project\\entry\\build\\default\\intermediates\\stripped_native_libs\\default",{"isDirectory":false,"fileSnapShotHashValue":""}],["F:\\DevEcoStudioProject\\ui_project\\entry\\build\\default\\intermediates\\res\\default\\module.json",{"isDirectory":false,"fileSnapShotHashValue":"3422cc6bf25eaecd1291ce88e3048842"}],["F:\\DevEcoStudioProject\\ui_project\\entry\\build\\default\\intermediates\\res\\default\\resources",{"isDirectory":false,"fileSnapShotHashValue":"4d0c125405ea19e4fc975a3b5bcffc74"}],["F:\\DevEcoStudioProject\\ui_project\\entry\\build\\default\\intermediates\\res\\default\\resources.index",{"isDirectory":false,"fileSnapShotHashValue":"ebe60eda25a218c63f2c721f38fe54e2"}],["F:\\DevEcoStudioProject\\ui_project\\entry\\build\\default\\outputs\\default\\pack.info",{"isDirectory":false,"fileSnapShotHashValue":"4bca3c8e0ac1134df173fc1c46c5f2a0"}],["F:\\DevEcoStudioProject\\ui_project\\entry\\build\\default\\intermediates\\loader_out\\default\\ets",{"isDirectory":false,"fileSnapShotHashValue":"24d9946f1829bd0d2a49bd4a601afcde"}],["F:\\DevEcoStudioProject\\ui_project\\entry\\build\\default\\intermediates\\loader\\default\\pkgContextInfo.json",{"isDirectory":false,"fileSnapShotHashValue":"3fed6bfb4c16042cec28a869ffb28553"}],["F:\\DevEcoStudioProject\\ui_project\\entry\\build\\default\\intermediates\\loader_out\\default\\ets\\sourceMaps.map",{"isDirectory":false,"fileSnapShotHashValue":"00b1687e8fcfd3e0361bdc8528e6529b"}],["F:\\DevEcoStudioProject\\ui_project\\entry\\build\\default\\generated\\profile\\default\\BuildProfile.ets",{"fileSnapShotHashValue":"efcc15f62815849442fdd6c91359d66d"}]]},"_outputFiles":{"dataType":"Map","value":[["F:\\DevEcoStudioProject\\ui_project\\entry\\build\\default\\outputs\\default\\entry-default-unsigned.hap",{"isDirectory":false,"fileSnapShotHashValue":"1e312c1f4f0814eb337635b095ff0087"}],["F:\\DevEcoStudioProject\\ui_project\\entry\\build\\default\\intermediates\\source_map\\default\\sourceMaps.map",{"fileSnapShotHashValue":"00b1687e8fcfd3e0361bdc8528e6529b"}],["F:\\DevEcoStudioProject\\ui_project\\entry\\build\\default\\outputs\\default\\mapping\\sourceMaps.map",{"fileSnapShotHashValue":"00b1687e8fcfd3e0361bdc8528e6529b"}]]}},":ui_project:entry:default@SignHap":{"_inputs":[{"dataType":"ValueEntry","value":"{\"_name\":\"enableSignTask\",\"_value\":true,\"_valueType\":\"boolean\"}"},{"dataType":"ValueEntry","value":"{\"_name\":\"sdkToolchainsComponentVersion\",\"_value\":\"5.1.1.208\",\"_valueType\":\"string\"}"},{"dataType":"ValueEntry","value":"{\"_name\":\"existSigningConfig\",\"_value\":true,\"_valueType\":\"boolean\"}"},{"dataType":"ValueEntry","value":"{\"_name\":\"signingConfig_name\",\"_value\":\"default\",\"_valueType\":\"string\"}"},{"dataType":"ValueEntry","value":"{\"_name\":\"signingConfig_type\",\"_value\":\"HarmonyOS\",\"_valueType\":\"string\"}"},{"dataType":"ValueEntry","value":"{\"_name\":\"existMaterial\",\"_value\":true,\"_valueType\":\"boolean\"}"},{"dataType":"ValueEntry","value":"{\"_name\":\"signingConfig_signAlg\",\"_value\":\"SHA256withECDSA\",\"_valueType\":\"string\"}"},{"dataType":"ValueEntry","value":"{\"_name\":\"signingConfig_keyAlias\",\"_value\":\"debugKey\",\"_valueType\":\"string\"}"},{"dataType":"ValueEntry","value":"{\"_name\":\"signingConfig_keyPassword\",\"_value\":\"0000001B14DE5E613C27ACE71F4B1B27F20BDAC94A1452D94C7BADCAEC61537F9A8FF108F44651D29ED2D1\",\"_valueType\":\"string\"}"},{"dataType":"ValueEntry","value":"{\"_name\":\"signingConfig_storePassword\",\"_value\":\"0000001B3560C89522E11D24523B17CA14D563394F5FE1CAB850E4CB98253C834EE16B18A5B24C62F48C6E\",\"_valueType\":\"string\"}"},{"dataType":"ValueEntry","value":"{\"_name\":\"BUILTIN_TASK_COMMAND\",\"_value\":\"\",\"_valueType\":\"string\"}"},{"dataType":"ValueEntry","value":"{\"_name\":\"BUILTIN_TASK_TOOLCHAIN\",\"_value\":\"\",\"_valueType\":\"string\"}"},{"dataType":"ValueEntry","value":"{\"_name\":\"BUILTIN_TASK_ENV\",\"_value\":\"\",\"_valueType\":\"string\"}"}],"_successful":true,"_projectName":"ui_project","_moduleName":"entry","_taskName":"default@SignHap","_key":":ui_project:entry:default@SignHap","_executionId":":ui_project:entry:default@SignHap:1759118838963","_inputFiles":{"dataType":"Map","value":[["C:\\Users\\u\\.ohos\\config\\default_ui_project_7usJg6hLQig5yjUh8txC9b4f3y1FFMbBqwK3DFDxSEI=.cer",{"isDirectory":false,"fileSnapShotHashValue":"600fd8580fa193a1df7577763a340a1d"}],["C:\\Users\\u\\.ohos\\config\\default_ui_project_7usJg6hLQig5yjUh8txC9b4f3y1FFMbBqwK3DFDxSEI=.p7b",{"isDirectory":false,"fileSnapShotHashValue":"3f19335df4840e37683658750b1e778f"}],["C:\\Users\\u\\.ohos\\config\\default_ui_project_7usJg6hLQig5yjUh8txC9b4f3y1FFMbBqwK3DFDxSEI=.p12",{"isDirectory":false,"fileSnapShotHashValue":"921a901b44d3cdea244533e2fa176561"}],["F:\\DevEcoStudioProject\\ui_project\\entry\\build\\default\\outputs\\default\\entry-default-unsigned.hap",{"isDirectory":false,"fileSnapShotHashValue":"1e312c1f4f0814eb337635b095ff0087"}]]},"_outputFiles":{"dataType":"Map","value":[["F:\\DevEcoStudioProject\\ui_project\\entry\\build\\default\\outputs\\default\\entry-default-signed.hap",{"isDirectory":false,"fileSnapShotHashValue":"437dfa0e87c54eb94eed30a6a9249b43"}]]}},":ui_project:entry:default@CollectDebugSymbol":{"_inputs":[{"dataType":"ValueEntry","value":"{\"_name\":\"BUILTIN_TASK_COMMAND\",\"_value\":\"\",\"_valueType\":\"string\"}"},{"dataType":"ValueEntry","value":"{\"_name\":\"BUILTIN_TASK_TOOLCHAIN\",\"_value\":\"\",\"_valueType\":\"string\"}"},{"dataType":"ValueEntry","value":"{\"_name\":\"BUILTIN_TASK_ENV\",\"_value\":\"\",\"_valueType\":\"string\"}"}],"_successful":false,"_projectName":"ui_project","_moduleName":"entry","_taskName":"default@CollectDebugSymbol","_key":":ui_project:entry:default@CollectDebugSymbol","_executionId":":ui_project:entry:default@CollectDebugSymbol:1759118839174","_inputFiles":{"dataType":"Map","value":[["F:\\DevEcoStudioProject\\ui_project\\entry\\build\\default\\intermediates\\loader_out\\default\\ets\\sourceMaps.map",{"fileSnapShotHashValue":"00b1687e8fcfd3e0361bdc8528e6529b"}],["F:\\DevEcoStudioProject\\ui_project\\entry\\build\\default\\intermediates\\libs\\default",{"isDirectory":true,"fileSnapShotHashValue":""}]]},"_outputFiles":{"dataType":"Map","value":[["F:\\DevEcoStudioProject\\ui_project\\entry\\build\\default\\outputs\\default\\symbol",{"isDirectory":true,"fileSnapShotHashValue":""}]]}}}