{
  "string": [
    {
      "name": "module_desc",
      "value": "module description"
    },
    {
      "name": "EntryAbility_desc",
      "value": "description"
    },
    {
      "name": "EntryAbility_label",
      "value": "网联车控制程序"
    },
    {
      "name": "request",
      "value": "请求"
    },
    {
      "name": "address",
      "value": "网址"
    },
    {
      "name": "network_error",
      "value": "请求错误，请检查网络连接是否正常。"
    },
    {
      "name": "connecting",
      "value": "连接中..."
    },
    {
      "name": "disconnect",
      "value": "断开连接"
    },
    {
      "name": "reason",
      "value": "Allow applications to access web pages using the Internet network."
    }
  ]
}