{
  "version": "2.0",
  "ppid": 6308,
  "events": [
    {
      "head": {
        "id": "9129b9d4-f554-41b2-9b04-0cc5b3cbe416",
        "name": "hvigor build process will be closed.",
        "description": "",
        "type": "log"
      },
      "body": {
        "pid": 9272,
        "tid": "Main Thread",
        "startTime": 43881122461800
      },
      "additional": {
        "logType": "debug",
        "children": []
      }
    },
    {
      "head": {
        "id": "d7f62302-3b19-460d-aade-7ae6a5b3a87d",
        "name": "watch worker: worker id should be larger than 0. Nothing will be sent to any worker thread.",
        "description": "",
        "type": "log"
      },
      "body": {
        "pid": 9272,
        "tid": "Main Thread",
        "startTime": 43881172783000
      },
      "additional": {
        "logType": "debug",
        "children": []
      }
    },
    {
      "head": {
        "id": "3ee78156-e9c4-47e7-8969-71f500b34474",
        "name": "watch worker: worker id should be larger than 0. Nothing will be sent to any worker thread.",
        "description": "",
        "type": "log"
      },
      "body": {
        "pid": 9272,
        "tid": "Main Thread",
        "startTime": 43881173170800
      },
      "additional": {
        "logType": "debug",
        "children": []
      }
    },
    {
      "head": {
        "id": "a64e4a15-897f-4636-bbfb-be25030198d3",
        "name": "watch worker: worker id should be larger than 0. Nothing will be sent to any worker thread.",
        "description": "",
        "type": "log"
      },
      "body": {
        "pid": 9272,
        "tid": "Main Thread",
        "startTime": 43884284495200
      },
      "additional": {
        "logType": "debug",
        "children": []
      }
    },
    {
      "head": {
        "id": "feca7f50-4b3e-4b28-8a57-60f5f2d2e54a",
        "name": "init",
        "description": "Initialize and build task graph.",
        "type": "duration"
      },
      "body": {
        "pid": 9272,
        "tid": "Main Thread",
        "startTime": 43884287945200,
        "endTime": 43884456508600
      },
      "additional": {
        "children": [
          "3745aa5c-a262-4e26-89c2-4f9bc4301ed2",
          "5b4ed649-8258-4be3-bf4b-279eb85391ea",
          "135c0c8d-3371-412f-9e8b-98aa7f9b6d0c",
          "5b537df2-ee7c-4a1f-bec9-f4eea0204b9e",
          "11f04c4d-5faf-47b6-89ae-639db7dfdd72",
          "b8a92532-0169-4ebc-9df0-099ace9a1aaf",
          "f87dc08e-9c15-4981-a514-1feef1cf78a8"
        ],
        "state": "success",
        "targetName": "",
        "moduleName": "",
        "category": "Init",
        "taskRunReasons": [],
        "logId": "af426a45-51ad-4b94-9ee1-09d4e73ab927"
      },
      "log": {
        "_logger": {
          "category": "DurationEvent",
          "context": {},
          "callStackSkipIndex": 0
        },
        "_filelogger": {
          "category": "debug-file",
          "context": {},
          "callStackSkipIndex": 0
        },
        "anonymizeFileLogger": {
          "fileLogger": {
            "category": "debug-file",
            "context": {},
            "callStackSkipIndex": 0
          }
        }
      }
    },
    {
      "head": {
        "id": "3745aa5c-a262-4e26-89c2-4f9bc4301ed2",
        "name": "create hvigor project model",
        "description": "Initialize hvigor project model.",
        "type": "duration"
      },
      "body": {
        "pid": 9272,
        "tid": "Main Thread",
        "startTime": 43884287945700,
        "endTime": 43884298628000
      },
      "additional": {
        "children": [],
        "state": "success",
        "targetName": "",
        "moduleName": "",
        "category": "",
        "taskRunReasons": [],
        "parent": "feca7f50-4b3e-4b28-8a57-60f5f2d2e54a",
        "logId": "0b64470d-54b3-4595-a1e6-b505f2129534"
      },
      "log": {
        "_logger": {
          "category": "DurationEvent",
          "context": {},
          "callStackSkipIndex": 0
        },
        "_filelogger": {
          "category": "debug-file",
          "context": {},
          "callStackSkipIndex": 0
        },
        "anonymizeFileLogger": {
          "fileLogger": {
            "category": "debug-file",
            "context": {},
            "callStackSkipIndex": 0
          }
        }
      }
    },
    {
      "head": {
        "id": "5b4ed649-8258-4be3-bf4b-279eb85391ea",
        "name": "configure hvigor plugin",
        "description": "Configure hvigor plugin.",
        "type": "duration"
      },
      "body": {
        "pid": 9272,
        "tid": "Main Thread",
        "startTime": 43884298650000,
        "endTime": 43884455956200
      },
      "additional": {
        "children": [
          "5468ae4b-e184-4451-b1a6-e9da5e1abea3",
          "f04e4505-e3b0-4fcf-9a8e-8cb685a957c2",
          "a9800f29-7a5e-4598-9da3-a8990d6bd647",
          "f7874de7-6e9f-411b-926a-0f85e096c480",
          "3fb64e71-b06e-460e-a5c6-d06a59992da8",
          "ad9f9829-036b-4689-a11d-eccbaf82e730",
          "caba5c7f-30b4-432d-ba03-6a3b47fed5a3",
          "d29fe9cb-10d6-4aac-8bf1-dfdeb0d291f1",
          "8d95ed9a-f3d1-407b-baf1-f96824161d59"
        ],
        "state": "success",
        "targetName": "",
        "moduleName": "",
        "category": "",
        "taskRunReasons": [],
        "parent": "feca7f50-4b3e-4b28-8a57-60f5f2d2e54a",
        "logId": "fbd7ca80-52ad-4a63-a0c7-543974c6aed8"
      },
      "log": {
        "_logger": {
          "category": "DurationEvent",
          "context": {},
          "callStackSkipIndex": 0
        },
        "_filelogger": {
          "category": "debug-file",
          "context": {},
          "callStackSkipIndex": 0
        },
        "anonymizeFileLogger": {
          "fileLogger": {
            "category": "debug-file",
            "context": {},
            "callStackSkipIndex": 0
          }
        }
      }
    },
    {
      "head": {
        "id": "135c0c8d-3371-412f-9e8b-98aa7f9b6d0c",
        "name": "build task graph",
        "description": "Build task graph.",
        "type": "duration"
      },
      "body": {
        "pid": 9272,
        "tid": "Main Thread",
        "startTime": 43884455996400,
        "endTime": 43884456492000
      },
      "additional": {
        "children": [],
        "state": "success",
        "targetName": "",
        "moduleName": "",
        "category": "",
        "taskRunReasons": [],
        "parent": "feca7f50-4b3e-4b28-8a57-60f5f2d2e54a",
        "logId": "c43660de-83c7-49fc-be5d-c4e0cd21bc95"
      },
      "log": {
        "_logger": {
          "category": "DurationEvent",
          "context": {},
          "callStackSkipIndex": 0
        },
        "_filelogger": {
          "category": "debug-file",
          "context": {},
          "callStackSkipIndex": 0
        },
        "anonymizeFileLogger": {
          "fileLogger": {
            "category": "debug-file",
            "context": {},
            "callStackSkipIndex": 0
          }
        }
      }
    },
    {
      "head": {
        "id": "5b537df2-ee7c-4a1f-bec9-f4eea0204b9e",
        "name": "init task execution option",
        "description": "Init task execution option.",
        "type": "duration"
      },
      "body": {
        "pid": 9272,
        "tid": "Main Thread",
        "startTime": 43884456497600,
        "endTime": 43884456503800
      },
      "additional": {
        "children": [],
        "state": "success",
        "targetName": "",
        "moduleName": "",
        "category": "",
        "taskRunReasons": [],
        "parent": "feca7f50-4b3e-4b28-8a57-60f5f2d2e54a",
        "logId": "15a3b3c3-6743-445d-8ba0-ed9b13ed44d6"
      },
      "log": {
        "_logger": {
          "category": "DurationEvent",
          "context": {},
          "callStackSkipIndex": 0
        },
        "_filelogger": {
          "category": "debug-file",
          "context": {},
          "callStackSkipIndex": 0
        },
        "anonymizeFileLogger": {
          "fileLogger": {
            "category": "debug-file",
            "context": {},
            "callStackSkipIndex": 0
          }
        }
      }
    },
    {
      "head": {
        "id": "11f04c4d-5faf-47b6-89ae-639db7dfdd72",
        "name": "\"configEvaluated\" hook function",
        "description": "",
        "type": "duration"
      },
      "body": {
        "pid": 9272,
        "tid": "Main Thread",
        "startTime": 43884291434200,
        "endTime": 43884291471200
      },
      "additional": {
        "children": [],
        "state": "success",
        "targetName": "",
        "moduleName": "",
        "category": "",
        "taskRunReasons": [],
        "parent": "feca7f50-4b3e-4b28-8a57-60f5f2d2e54a",
        "logId": "e3e6a5d3-da22-497d-859d-e74ca52b300e"
      },
      "log": {
        "_logger": {
          "category": "DurationEvent",
          "context": {},
          "callStackSkipIndex": 0
        },
        "_filelogger": {
          "category": "debug-file",
          "context": {},
          "callStackSkipIndex": 0
        },
        "anonymizeFileLogger": {
          "fileLogger": {
            "category": "debug-file",
            "context": {},
            "callStackSkipIndex": 0
          }
        }
      }
    },
    {
      "head": {
        "id": "e3e6a5d3-da22-497d-859d-e74ca52b300e",
        "name": "\"configEvaluated\" hook function",
        "description": "",
        "type": "log"
      },
      "body": {
        "pid": 9272,
        "tid": "Main Thread",
        "startTime": 43884291434200,
        "endTime": 43884291471200
      },
      "additional": {
        "logType": "info",
        "children": [],
        "durationId": "11f04c4d-5faf-47b6-89ae-639db7dfdd72",
        "parent": "af426a45-51ad-4b94-9ee1-09d4e73ab927"
      }
    },
    {
      "head": {
        "id": "b8a92532-0169-4ebc-9df0-099ace9a1aaf",
        "name": "\"nodesInitialized\" hook function",
        "description": "",
        "type": "duration"
      },
      "body": {
        "pid": 9272,
        "tid": "Main Thread",
        "startTime": 43884292418900,
        "endTime": 43884292436800
      },
      "additional": {
        "children": [],
        "state": "success",
        "targetName": "",
        "moduleName": "",
        "category": "",
        "taskRunReasons": [],
        "parent": "feca7f50-4b3e-4b28-8a57-60f5f2d2e54a",
        "logId": "3651d4e2-3bf8-4055-9706-150dd75ff993"
      },
      "log": {
        "_logger": {
          "category": "DurationEvent",
          "context": {},
          "callStackSkipIndex": 0
        },
        "_filelogger": {
          "category": "debug-file",
          "context": {},
          "callStackSkipIndex": 0
        },
        "anonymizeFileLogger": {
          "fileLogger": {
            "category": "debug-file",
            "context": {},
            "callStackSkipIndex": 0
          }
        }
      }
    },
    {
      "head": {
        "id": "3651d4e2-3bf8-4055-9706-150dd75ff993",
        "name": "\"nodesInitialized\" hook function",
        "description": "",
        "type": "log"
      },
      "body": {
        "pid": 9272,
        "tid": "Main Thread",
        "startTime": 43884292418900,
        "endTime": 43884292436800
      },
      "additional": {
        "logType": "info",
        "children": [],
        "durationId": "b8a92532-0169-4ebc-9df0-099ace9a1aaf",
        "parent": "af426a45-51ad-4b94-9ee1-09d4e73ab927"
      }
    },
    {
      "head": {
        "id": "50a048ac-4b5a-4500-ab2b-1fa206541947",
        "name": "Hvigor init with startParameters:{\n  hvigorfileTypeCheck: false,\n  parallelExecution: true,\n  incrementalExecution: true,\n  printStackTrace: false,\n  daemon: true,\n  analyze: 0,\n  logLevel: Level { level: 20000, levelStr: 'INFO', colour: 'green' },\n  optimizationStrategy: 'memory',\n  hotCompile: undefined,\n  hotReloadBuild: undefined\n}",
        "description": "",
        "type": "log"
      },
      "body": {
        "pid": 9272,
        "tid": "Main Thread",
        "startTime": 43884292504200
      },
      "additional": {
        "logType": "debug",
        "children": []
      }
    },
    {
      "head": {
        "id": "1bee15f6-8537-4bf7-9fe6-0a025b188f0c",
        "name": "Cache service initialization finished in 6 ms ",
        "description": "",
        "type": "log"
      },
      "body": {
        "pid": 9272,
        "tid": "Main Thread",
        "startTime": 43884298453700
      },
      "additional": {
        "logType": "debug",
        "children": []
      }
    },
    {
      "head": {
        "id": "0b64470d-54b3-4595-a1e6-b505f2129534",
        "name": "create hvigor project model",
        "description": "",
        "type": "log"
      },
      "body": {
        "pid": 9272,
        "tid": "Main Thread",
        "startTime": 43884287945700,
        "endTime": 43884298628000
      },
      "additional": {
        "logType": "info",
        "children": [],
        "durationId": "3745aa5c-a262-4e26-89c2-4f9bc4301ed2",
        "parent": "af426a45-51ad-4b94-9ee1-09d4e73ab927"
      }
    },
    {
      "head": {
        "id": "5468ae4b-e184-4451-b1a6-e9da5e1abea3",
        "name": "init configuration",
        "description": "Initialize configuration.",
        "type": "duration"
      },
      "body": {
        "pid": 9272,
        "tid": "Main Thread",
        "startTime": 43884298724500,
        "endTime": 43884298736100
      },
      "additional": {
        "children": [],
        "state": "success",
        "targetName": "",
        "moduleName": "",
        "category": "",
        "taskRunReasons": [],
        "parent": "5b4ed649-8258-4be3-bf4b-279eb85391ea",
        "logId": "8320f774-6666-4bde-b952-16f4797cff76"
      },
      "log": {
        "_logger": {
          "category": "DurationEvent",
          "context": {},
          "callStackSkipIndex": 0
        },
        "_filelogger": {
          "category": "debug-file",
          "context": {},
          "callStackSkipIndex": 0
        },
        "anonymizeFileLogger": {
          "fileLogger": {
            "category": "debug-file",
            "context": {},
            "callStackSkipIndex": 0
          }
        }
      }
    },
    {
      "head": {
        "id": "f04e4505-e3b0-4fcf-9a8e-8cb685a957c2",
        "name": "configure project task",
        "description": "Configure project task.",
        "type": "duration"
      },
      "body": {
        "pid": 9272,
        "tid": "Main Thread",
        "startTime": 43884298743300,
        "endTime": 43884299205100
      },
      "additional": {
        "children": [],
        "state": "success",
        "targetName": "",
        "moduleName": "",
        "category": "",
        "taskRunReasons": [],
        "parent": "5b4ed649-8258-4be3-bf4b-279eb85391ea",
        "logId": "dbf56ec5-8d33-42ca-a405-885262d7bbcd"
      },
      "log": {
        "_logger": {
          "category": "DurationEvent",
          "context": {},
          "callStackSkipIndex": 0
        },
        "_filelogger": {
          "category": "debug-file",
          "context": {},
          "callStackSkipIndex": 0
        },
        "anonymizeFileLogger": {
          "fileLogger": {
            "category": "debug-file",
            "context": {},
            "callStackSkipIndex": 0
          }
        }
      }
    },
    {
      "head": {
        "id": "a9800f29-7a5e-4598-9da3-a8990d6bd647",
        "name": "eval project",
        "description": "Evaluate project.",
        "type": "duration"
      },
      "body": {
        "pid": 9272,
        "tid": "Main Thread",
        "startTime": 43884299215900,
        "endTime": 43884386098400
      },
      "additional": {
        "children": [
          "134e426e-3a71-4a34-867e-5bdb9ac966b1",
          "ededa904-eba6-4938-a442-650ae393c7ef",
          "5fc9428b-68ff-4e18-b653-0045f36cd55a"
        ],
        "state": "success",
        "targetName": "",
        "moduleName": "",
        "category": "",
        "taskRunReasons": [],
        "parent": "5b4ed649-8258-4be3-bf4b-279eb85391ea",
        "logId": "d88b5f8d-b370-41a8-87c9-d28222126c0c"
      },
      "log": {
        "_logger": {
          "category": "DurationEvent",
          "context": {},
          "callStackSkipIndex": 0
        },
        "_filelogger": {
          "category": "debug-file",
          "context": {},
          "callStackSkipIndex": 0
        },
        "anonymizeFileLogger": {
          "fileLogger": {
            "category": "debug-file",
            "context": {},
            "callStackSkipIndex": 0
          }
        }
      }
    },
    {
      "head": {
        "id": "f7874de7-6e9f-411b-926a-0f85e096c480",
        "name": "eval modules",
        "description": "Evaluate modules.",
        "type": "duration"
      },
      "body": {
        "pid": 9272,
        "tid": "Main Thread",
        "startTime": 43884386111700,
        "endTime": 43884408729000
      },
      "additional": {
        "children": [
          "082cc7f7-7963-454e-bf54-cdb20db5a2fe"
        ],
        "state": "success",
        "targetName": "",
        "moduleName": "",
        "category": "",
        "taskRunReasons": [],
        "parent": "5b4ed649-8258-4be3-bf4b-279eb85391ea",
        "logId": "594d1d83-c3a5-4bcd-b038-b17d01459a2a"
      },
      "log": {
        "_logger": {
          "category": "DurationEvent",
          "context": {},
          "callStackSkipIndex": 0
        },
        "_filelogger": {
          "category": "debug-file",
          "context": {},
          "callStackSkipIndex": 0
        },
        "anonymizeFileLogger": {
          "fileLogger": {
            "category": "debug-file",
            "context": {},
            "callStackSkipIndex": 0
          }
        }
      }
    },
    {
      "head": {
        "id": "3fb64e71-b06e-460e-a5c6-d06a59992da8",
        "name": "add config dependencies",
        "description": "Add configuration dependencies.",
        "type": "duration"
      },
      "body": {
        "pid": 9272,
        "tid": "Main Thread",
        "startTime": 43884408737900,
        "endTime": 43884433432200
      },
      "additional": {
        "children": [],
        "state": "success",
        "targetName": "",
        "moduleName": "",
        "category": "",
        "taskRunReasons": [],
        "parent": "5b4ed649-8258-4be3-bf4b-279eb85391ea",
        "logId": "e7c142c0-1cab-4b43-bca6-825ea9bd7fc5"
      },
      "log": {
        "_logger": {
          "category": "DurationEvent",
          "context": {},
          "callStackSkipIndex": 0
        },
        "_filelogger": {
          "category": "debug-file",
          "context": {},
          "callStackSkipIndex": 0
        },
        "anonymizeFileLogger": {
          "fileLogger": {
            "category": "debug-file",
            "context": {},
            "callStackSkipIndex": 0
          }
        }
      }
    },
    {
      "head": {
        "id": "ad9f9829-036b-4689-a11d-eccbaf82e730",
        "name": "ohpm install",
        "description": "Ohpm install event.",
        "type": "duration"
      },
      "body": {
        "pid": 9272,
        "tid": "Main Thread",
        "startTime": 43884433686000,
        "endTime": 43884443666900
      },
      "additional": {
        "children": [],
        "state": "success",
        "targetName": "",
        "moduleName": "",
        "category": "",
        "taskRunReasons": [],
        "parent": "5b4ed649-8258-4be3-bf4b-279eb85391ea",
        "logId": "0d4c7142-6c82-42e1-a82e-5b8ca206345e"
      },
      "log": {
        "_logger": {
          "category": "DurationEvent",
          "context": {},
          "callStackSkipIndex": 0
        },
        "_filelogger": {
          "category": "debug-file",
          "context": {},
          "callStackSkipIndex": 0
        },
        "anonymizeFileLogger": {
          "fileLogger": {
            "category": "debug-file",
            "context": {},
            "callStackSkipIndex": 0
          }
        }
      }
    },
    {
      "head": {
        "id": "caba5c7f-30b4-432d-ba03-6a3b47fed5a3",
        "name": "eval hook",
        "description": "EvaluateEvent hook.",
        "type": "duration"
      },
      "body": {
        "pid": 9272,
        "tid": "Main Thread",
        "startTime": 43884443695900,
        "endTime": 43884455745700
      },
      "additional": {
        "children": [],
        "state": "success",
        "targetName": "",
        "moduleName": "",
        "category": "",
        "taskRunReasons": [],
        "parent": "5b4ed649-8258-4be3-bf4b-279eb85391ea",
        "logId": "8a2c8d2a-24a1-4f30-a502-dedb1d25a9a4"
      },
      "log": {
        "_logger": {
          "category": "DurationEvent",
          "context": {},
          "callStackSkipIndex": 0
        },
        "_filelogger": {
          "category": "debug-file",
          "context": {},
          "callStackSkipIndex": 0
        },
        "anonymizeFileLogger": {
          "fileLogger": {
            "category": "debug-file",
            "context": {},
            "callStackSkipIndex": 0
          }
        }
      }
    },
    {
      "head": {
        "id": "d29fe9cb-10d6-4aac-8bf1-dfdeb0d291f1",
        "name": "fin configuration",
        "description": "Finish configuration.",
        "type": "duration"
      },
      "body": {
        "pid": 9272,
        "tid": "Main Thread",
        "startTime": 43884455792200,
        "endTime": 43884455945200
      },
      "additional": {
        "children": [],
        "state": "success",
        "targetName": "",
        "moduleName": "",
        "category": "",
        "taskRunReasons": [],
        "parent": "5b4ed649-8258-4be3-bf4b-279eb85391ea",
        "logId": "34fd7414-4798-49d9-857a-cde80e3422b9"
      },
      "log": {
        "_logger": {
          "category": "DurationEvent",
          "context": {},
          "callStackSkipIndex": 0
        },
        "_filelogger": {
          "category": "debug-file",
          "context": {},
          "callStackSkipIndex": 0
        },
        "anonymizeFileLogger": {
          "fileLogger": {
            "category": "debug-file",
            "context": {},
            "callStackSkipIndex": 0
          }
        }
      }
    },
    {
      "head": {
        "id": "8320f774-6666-4bde-b952-16f4797cff76",
        "name": "init configuration",
        "description": "",
        "type": "log"
      },
      "body": {
        "pid": 9272,
        "tid": "Main Thread",
        "startTime": 43884298724500,
        "endTime": 43884298736100
      },
      "additional": {
        "logType": "info",
        "children": [],
        "durationId": "5468ae4b-e184-4451-b1a6-e9da5e1abea3",
        "parent": "fbd7ca80-52ad-4a63-a0c7-543974c6aed8"
      }
    },
    {
      "head": {
        "id": "dbf56ec5-8d33-42ca-a405-885262d7bbcd",
        "name": "configure project task",
        "description": "",
        "type": "log"
      },
      "body": {
        "pid": 9272,
        "tid": "Main Thread",
        "startTime": 43884298743300,
        "endTime": 43884299205100
      },
      "additional": {
        "logType": "info",
        "children": [],
        "durationId": "f04e4505-e3b0-4fcf-9a8e-8cb685a957c2",
        "parent": "fbd7ca80-52ad-4a63-a0c7-543974c6aed8"
      }
    },
    {
      "head": {
        "id": "134e426e-3a71-4a34-867e-5bdb9ac966b1",
        "name": "\"beforeNodeEvaluate\" hook function",
        "description": "",
        "type": "duration"
      },
      "body": {
        "pid": 9272,
        "tid": "Main Thread",
        "startTime": 43884299470400,
        "endTime": 43884299487700
      },
      "additional": {
        "children": [],
        "state": "success",
        "targetName": "",
        "moduleName": "",
        "category": "",
        "taskRunReasons": [],
        "parent": "a9800f29-7a5e-4598-9da3-a8990d6bd647",
        "logId": "b1bb2cbe-3499-40cd-a897-247f79829b53"
      },
      "log": {
        "_logger": {
          "category": "DurationEvent",
          "context": {},
          "callStackSkipIndex": 0
        },
        "_filelogger": {
          "category": "debug-file",
          "context": {},
          "callStackSkipIndex": 0
        },
        "anonymizeFileLogger": {
          "fileLogger": {
            "category": "debug-file",
            "context": {},
            "callStackSkipIndex": 0
          }
        }
      }
    },
    {
      "head": {
        "id": "b1bb2cbe-3499-40cd-a897-247f79829b53",
        "name": "\"beforeNodeEvaluate\" hook function",
        "description": "",
        "type": "log"
      },
      "body": {
        "pid": 9272,
        "tid": "Main Thread",
        "startTime": 43884299470400,
        "endTime": 43884299487700
      },
      "additional": {
        "logType": "info",
        "children": [],
        "durationId": "134e426e-3a71-4a34-867e-5bdb9ac966b1",
        "parent": "d88b5f8d-b370-41a8-87c9-d28222126c0c"
      }
    },
    {
      "head": {
        "id": "ededa904-eba6-4938-a442-650ae393c7ef",
        "name": "eval hvigorfile",
        "description": "Evaluate hvigorfile.",
        "type": "duration"
      },
      "body": {
        "pid": 9272,
        "tid": "Main Thread",
        "startTime": 43884299791800,
        "endTime": 43884386027800
      },
      "additional": {
        "children": [
          "40f9ebad-63e7-43e0-b5c7-3e90267d51c8",
          "a08d65b8-900f-4603-8a90-d03f85d34794"
        ],
        "state": "success",
        "targetName": "",
        "moduleName": "",
        "category": "",
        "taskRunReasons": [],
        "parent": "a9800f29-7a5e-4598-9da3-a8990d6bd647",
        "logId": "8ee034f1-03b2-432b-b546-5448f8b08a0f"
      },
      "log": {
        "_logger": {
          "category": "DurationEvent",
          "context": {},
          "callStackSkipIndex": 0
        },
        "_filelogger": {
          "category": "debug-file",
          "context": {},
          "callStackSkipIndex": 0
        },
        "anonymizeFileLogger": {
          "fileLogger": {
            "category": "debug-file",
            "context": {},
            "callStackSkipIndex": 0
          }
        }
      }
    },
    {
      "head": {
        "id": "40f9ebad-63e7-43e0-b5c7-3e90267d51c8",
        "name": "require hvigorfile",
        "description": "Require hvigorfile.",
        "type": "duration"
      },
      "body": {
        "pid": 9272,
        "tid": "Main Thread",
        "startTime": 43884299792200,
        "endTime": 43884309413100
      },
      "additional": {
        "children": [],
        "state": "success",
        "targetName": "",
        "moduleName": "",
        "category": "",
        "taskRunReasons": [],
        "parent": "ededa904-eba6-4938-a442-650ae393c7ef",
        "logId": "cbea1f9a-6d52-4cc9-97e6-3f819b852cc5"
      },
      "log": {
        "_logger": {
          "category": "DurationEvent",
          "context": {},
          "callStackSkipIndex": 0
        },
        "_filelogger": {
          "category": "debug-file",
          "context": {},
          "callStackSkipIndex": 0
        },
        "anonymizeFileLogger": {
          "fileLogger": {
            "category": "debug-file",
            "context": {},
            "callStackSkipIndex": 0
          }
        }
      }
    },
    {
      "head": {
        "id": "a08d65b8-900f-4603-8a90-d03f85d34794",
        "name": "bind plugins",
        "description": "Bind plugins.",
        "type": "duration"
      },
      "body": {
        "pid": 9272,
        "tid": "Main Thread",
        "startTime": 43884309445100,
        "endTime": 43884385994100
      },
      "additional": {
        "children": [],
        "state": "success",
        "targetName": "",
        "moduleName": "",
        "category": "",
        "taskRunReasons": [],
        "parent": "ededa904-eba6-4938-a442-650ae393c7ef",
        "logId": "70dba77a-626b-4a92-9c3f-ed56d82c7abb"
      },
      "log": {
        "_logger": {
          "category": "DurationEvent",
          "context": {},
          "callStackSkipIndex": 0
        },
        "_filelogger": {
          "category": "debug-file",
          "context": {},
          "callStackSkipIndex": 0
        },
        "anonymizeFileLogger": {
          "fileLogger": {
            "category": "debug-file",
            "context": {},
            "callStackSkipIndex": 0
          }
        }
      }
    },
    {
      "head": {
        "id": "bd6e5d61-43f4-41a7-b460-b088098733ea",
        "name": "hvigorfile, resolving F:\\DevEcoStudioProject\\ui_project\\hvigorfile.ts",
        "description": "",
        "type": "log"
      },
      "body": {
        "pid": 9272,
        "tid": "Main Thread",
        "startTime": 43884299797900
      },
      "additional": {
        "logType": "debug",
        "children": []
      }
    },
    {
      "head": {
        "id": "5f43fe6e-53b4-435f-a307-0cb275bf93a6",
        "name": "hvigorfile, require result:  { default: { system: [Function: appTasks], plugins: [] } }",
        "description": "",
        "type": "log"
      },
      "body": {
        "pid": 9272,
        "tid": "Main Thread",
        "startTime": 43884309155400
      },
      "additional": {
        "logType": "debug",
        "children": []
      }
    },
    {
      "head": {
        "id": "cbea1f9a-6d52-4cc9-97e6-3f819b852cc5",
        "name": "require hvigorfile",
        "description": "",
        "type": "log"
      },
      "body": {
        "pid": 9272,
        "tid": "Main Thread",
        "startTime": 43884299792200,
        "endTime": 43884309413100
      },
      "additional": {
        "logType": "info",
        "children": [],
        "durationId": "40f9ebad-63e7-43e0-b5c7-3e90267d51c8",
        "parent": "8ee034f1-03b2-432b-b546-5448f8b08a0f"
      }
    },
    {
      "head": {
        "id": "25ef04bc-b58f-4992-a221-25a71063e993",
        "name": "hvigorfile, binding system plugins [Function: appTasks]",
        "description": "",
        "type": "log"
      },
      "body": {
        "pid": 9272,
        "tid": "Main Thread",
        "startTime": 43884309476000
      },
      "additional": {
        "logType": "debug",
        "children": []
      }
    },
    {
      "head": {
        "id": "42f7950b-076b-4bd7-86c4-edc953d19623",
        "name": "Start initialize project's product build option map with build mode debug.",
        "description": "",
        "type": "log"
      },
      "body": {
        "pid": 9272,
        "tid": "Main Thread",
        "startTime": 43884315944100
      },
      "additional": {
        "logType": "debug",
        "children": []
      }
    },
    {
      "head": {
        "id": "c3e531b5-d01c-414c-96ae-b1d848a44264",
        "name": "Picking option from product 'default' with build mode 'debug'.",
        "description": "",
        "type": "log"
      },
      "body": {
        "pid": 9272,
        "tid": "Main Thread",
        "startTime": 43884316685000
      },
      "additional": {
        "logType": "debug",
        "children": []
      }
    },
    {
      "head": {
        "id": "9324247e-9d22-4237-992d-f8e9f3dffdb1",
        "name": "Product 'default' build option initialized",
        "description": "",
        "type": "log"
      },
      "body": {
        "pid": 9272,
        "tid": "Main Thread",
        "startTime": 43884317616100
      },
      "additional": {
        "logType": "debug",
        "children": []
      }
    },
    {
      "head": {
        "id": "1e76c4f9-0fee-4d36-bf17-b3595aeb9882",
        "name": "End initialize project's product build option map with build mode 'debug'.",
        "description": "",
        "type": "log"
      },
      "body": {
        "pid": 9272,
        "tid": "Main Thread",
        "startTime": 43884317873700
      },
      "additional": {
        "logType": "debug",
        "children": []
      }
    },
    {
      "head": {
        "id": "892dcbea-9842-47e7-b588-e4dc7e20ced6",
        "name": "Obtain build option for product 'default'in this build.",
        "description": "",
        "type": "log"
      },
      "body": {
        "pid": 9272,
        "tid": "Main Thread",
        "startTime": 43884318790300
      },
      "additional": {
        "logType": "debug",
        "children": []
      }
    },
    {
      "head": {
        "id": "a19dd18f-58e5-42ee-9109-0608fca11130",
        "name": "No signingConfig found, initRemoteHspCache failed.",
        "description": "",
        "type": "log"
      },
      "body": {
        "pid": 9272,
        "tid": "Main Thread",
        "startTime": 43884322920000
      },
      "additional": {
        "logType": "debug",
        "children": []
      }
    },
    {
      "head": {
        "id": "0fa4322e-21de-4275-8137-d25c28fef741",
        "name": "Start recording SDK configuration permission data.",
        "description": "",
        "type": "log"
      },
      "body": {
        "pid": 9272,
        "tid": "Main Thread",
        "startTime": 43884326469400
      },
      "additional": {
        "logType": "debug",
        "children": []
      }
    },
    {
      "head": {
        "id": "dd761d0d-8b71-4df1-bad0-98769624735b",
        "name": "Sdk init in 41 ms ",
        "description": "",
        "type": "log"
      },
      "body": {
        "pid": 9272,
        "tid": "Main Thread",
        "startTime": 43884364625800
      },
      "additional": {
        "logType": "debug",
        "children": []
      }
    },
    {
      "head": {
        "id": "76926273-6a51-48f2-9708-fa6e5a89ff03",
        "name": "sdkVersion",
        "description": "5.1.1.208",
        "type": "mark"
      },
      "body": {
        "pid": 9272,
        "tid": "Main Thread",
        "startTime": 43884365118600
      },
      "additional": {
        "time": {
          "year": 2025,
          "month": 9,
          "day": 29,
          "hour": 9,
          "minute": 54,
          "second": 9
        },
        "markType": "other"
      }
    },
    {
      "head": {
        "id": "409a98c7-244e-4e52-9919-3ac59d747cb0",
        "name": "caseSensitiveCheckOn",
        "description": "caseSensitiveCheck check is on",
        "type": "mark"
      },
      "body": {
        "pid": 9272,
        "tid": "Main Thread",
        "startTime": 43884366181000
      },
      "additional": {
        "time": {
          "year": 2025,
          "month": 9,
          "day": 29,
          "hour": 9,
          "minute": 54,
          "second": 9
        },
        "markType": "other"
      }
    },
    {
      "head": {
        "id": "046bd88b-1e00-4156-a092-00f2775e7b76",
        "name": "Project task initialization takes 12 ms ",
        "description": "",
        "type": "log"
      },
      "body": {
        "pid": 9272,
        "tid": "Main Thread",
        "startTime": 43884378399800
      },
      "additional": {
        "logType": "debug",
        "children": []
      }
    },
    {
      "head": {
        "id": "c7850ebb-7112-48e5-97be-ab3d40633067",
        "name": "hvigorfile, binding custom plugins []",
        "description": "",
        "type": "log"
      },
      "body": {
        "pid": 9272,
        "tid": "Main Thread",
        "startTime": 43884379566300
      },
      "additional": {
        "logType": "debug",
        "children": []
      }
    },
    {
      "head": {
        "id": "d7f5f758-fd2f-4c86-afa4-673c38aa0222",
        "name": "hvigorfile, no custom plugins were found in F:\\DevEcoStudioProject\\ui_project\\hvigorfile.ts",
        "description": "",
        "type": "log"
      },
      "body": {
        "pid": 9272,
        "tid": "Main Thread",
        "startTime": 43884383158100
      },
      "additional": {
        "logType": "debug",
        "children": []
      }
    },
    {
      "head": {
        "id": "b4107bf8-621e-4462-8263-44ded84133a2",
        "name": "hvigorfile, resolve finished F:\\DevEcoStudioProject\\ui_project\\hvigorfile.ts",
        "description": "",
        "type": "log"
      },
      "body": {
        "pid": 9272,
        "tid": "Main Thread",
        "startTime": 43884383646700
      },
      "additional": {
        "logType": "debug",
        "children": []
      }
    },
    {
      "head": {
        "id": "70dba77a-626b-4a92-9c3f-ed56d82c7abb",
        "name": "bind plugins",
        "description": "",
        "type": "log"
      },
      "body": {
        "pid": 9272,
        "tid": "Main Thread",
        "startTime": 43884309445100,
        "endTime": 43884385994100
      },
      "additional": {
        "logType": "info",
        "children": [],
        "durationId": "a08d65b8-900f-4603-8a90-d03f85d34794",
        "parent": "8ee034f1-03b2-432b-b546-5448f8b08a0f"
      }
    },
    {
      "head": {
        "id": "8ee034f1-03b2-432b-b546-5448f8b08a0f",
        "name": "eval hvigorfile",
        "description": "",
        "type": "log"
      },
      "body": {
        "pid": 9272,
        "tid": "Main Thread",
        "startTime": 43884299791800,
        "endTime": 43884386027800
      },
      "additional": {
        "logType": "info",
        "children": [
          "cbea1f9a-6d52-4cc9-97e6-3f819b852cc5",
          "70dba77a-626b-4a92-9c3f-ed56d82c7abb"
        ],
        "durationId": "ededa904-eba6-4938-a442-650ae393c7ef",
        "parent": "d88b5f8d-b370-41a8-87c9-d28222126c0c"
      }
    },
    {
      "head": {
        "id": "5fc9428b-68ff-4e18-b653-0045f36cd55a",
        "name": "\"afterNodeEvaluate\" hook function",
        "description": "",
        "type": "duration"
      },
      "body": {
        "pid": 9272,
        "tid": "Main Thread",
        "startTime": 43884386072400,
        "endTime": 43884386086600
      },
      "additional": {
        "children": [],
        "state": "success",
        "targetName": "",
        "moduleName": "",
        "category": "",
        "taskRunReasons": [],
        "parent": "a9800f29-7a5e-4598-9da3-a8990d6bd647",
        "logId": "0c3f1fbf-8d1f-4071-9d7b-b3395901864a"
      },
      "log": {
        "_logger": {
          "category": "DurationEvent",
          "context": {},
          "callStackSkipIndex": 0
        },
        "_filelogger": {
          "category": "debug-file",
          "context": {},
          "callStackSkipIndex": 0
        },
        "anonymizeFileLogger": {
          "fileLogger": {
            "category": "debug-file",
            "context": {},
            "callStackSkipIndex": 0
          }
        }
      }
    },
    {
      "head": {
        "id": "0c3f1fbf-8d1f-4071-9d7b-b3395901864a",
        "name": "\"afterNodeEvaluate\" hook function",
        "description": "",
        "type": "log"
      },
      "body": {
        "pid": 9272,
        "tid": "Main Thread",
        "startTime": 43884386072400,
        "endTime": 43884386086600
      },
      "additional": {
        "logType": "info",
        "children": [],
        "durationId": "5fc9428b-68ff-4e18-b653-0045f36cd55a",
        "parent": "d88b5f8d-b370-41a8-87c9-d28222126c0c"
      }
    },
    {
      "head": {
        "id": "d88b5f8d-b370-41a8-87c9-d28222126c0c",
        "name": "eval project",
        "description": "",
        "type": "log"
      },
      "body": {
        "pid": 9272,
        "tid": "Main Thread",
        "startTime": 43884299215900,
        "endTime": 43884386098400
      },
      "additional": {
        "logType": "info",
        "children": [
          "b1bb2cbe-3499-40cd-a897-247f79829b53",
          "8ee034f1-03b2-432b-b546-5448f8b08a0f",
          "0c3f1fbf-8d1f-4071-9d7b-b3395901864a"
        ],
        "durationId": "a9800f29-7a5e-4598-9da3-a8990d6bd647",
        "parent": "fbd7ca80-52ad-4a63-a0c7-543974c6aed8"
      }
    },
    {
      "head": {
        "id": "082cc7f7-7963-454e-bf54-cdb20db5a2fe",
        "name": "eval submodule",
        "description": "Evaluate submodule.",
        "type": "duration"
      },
      "body": {
        "pid": 9272,
        "tid": "Main Thread",
        "startTime": 43884386122400,
        "endTime": 43884408715100
      },
      "additional": {
        "children": [
          "6b230542-1fd3-4986-9107-093245a5417a",
          "f38faa61-0e64-4591-8ebb-b3b7ae04941d",
          "e8c69ea9-c81b-4178-a7d8-3443dc236c6a"
        ],
        "state": "success",
        "targetName": "",
        "moduleName": "",
        "category": "",
        "taskRunReasons": [],
        "parent": "f7874de7-6e9f-411b-926a-0f85e096c480",
        "logId": "1a2560ec-5ddc-4d4a-b485-891eb49be0a6"
      },
      "log": {
        "_logger": {
          "category": "DurationEvent",
          "context": {},
          "callStackSkipIndex": 0
        },
        "_filelogger": {
          "category": "debug-file",
          "context": {},
          "callStackSkipIndex": 0
        },
        "anonymizeFileLogger": {
          "fileLogger": {
            "category": "debug-file",
            "context": {},
            "callStackSkipIndex": 0
          }
        }
      }
    },
    {
      "head": {
        "id": "6b230542-1fd3-4986-9107-093245a5417a",
        "name": "\"beforeNodeEvaluate\" hook function",
        "description": "",
        "type": "duration"
      },
      "body": {
        "pid": 9272,
        "tid": "Main Thread",
        "startTime": 43884386328800,
        "endTime": 43884386347400
      },
      "additional": {
        "children": [],
        "state": "success",
        "targetName": "",
        "moduleName": "",
        "category": "",
        "taskRunReasons": [],
        "parent": "082cc7f7-7963-454e-bf54-cdb20db5a2fe",
        "logId": "dcd94e83-cb1f-4f3e-90e7-976dfc252008"
      },
      "log": {
        "_logger": {
          "category": "DurationEvent",
          "context": {},
          "callStackSkipIndex": 0
        },
        "_filelogger": {
          "category": "debug-file",
          "context": {},
          "callStackSkipIndex": 0
        },
        "anonymizeFileLogger": {
          "fileLogger": {
            "category": "debug-file",
            "context": {},
            "callStackSkipIndex": 0
          }
        }
      }
    },
    {
      "head": {
        "id": "dcd94e83-cb1f-4f3e-90e7-976dfc252008",
        "name": "\"beforeNodeEvaluate\" hook function",
        "description": "",
        "type": "log"
      },
      "body": {
        "pid": 9272,
        "tid": "Main Thread",
        "startTime": 43884386328800,
        "endTime": 43884386347400
      },
      "additional": {
        "logType": "info",
        "children": [],
        "durationId": "6b230542-1fd3-4986-9107-093245a5417a",
        "parent": "1a2560ec-5ddc-4d4a-b485-891eb49be0a6"
      }
    },
    {
      "head": {
        "id": "f38faa61-0e64-4591-8ebb-b3b7ae04941d",
        "name": "eval hvigorfile",
        "description": "Evaluate hvigorfile.",
        "type": "duration"
      },
      "body": {
        "pid": 9272,
        "tid": "Main Thread",
        "startTime": 43884386618800,
        "endTime": 43884408330000
      },
      "additional": {
        "children": [
          "0000866d-f793-4c75-9072-95135480bb95",
          "6650d970-9a56-4ae3-9c97-6ad2c993ebfd"
        ],
        "state": "success",
        "targetName": "",
        "moduleName": "",
        "category": "",
        "taskRunReasons": [],
        "parent": "082cc7f7-7963-454e-bf54-cdb20db5a2fe",
        "logId": "c036b583-f14c-482e-adca-2bbef97fa664"
      },
      "log": {
        "_logger": {
          "category": "DurationEvent",
          "context": {},
          "callStackSkipIndex": 0
        },
        "_filelogger": {
          "category": "debug-file",
          "context": {},
          "callStackSkipIndex": 0
        },
        "anonymizeFileLogger": {
          "fileLogger": {
            "category": "debug-file",
            "context": {},
            "callStackSkipIndex": 0
          }
        }
      }
    },
    {
      "head": {
        "id": "0000866d-f793-4c75-9072-95135480bb95",
        "name": "require hvigorfile",
        "description": "Require hvigorfile.",
        "type": "duration"
      },
      "body": {
        "pid": 9272,
        "tid": "Main Thread",
        "startTime": 43884386619300,
        "endTime": 43884395201600
      },
      "additional": {
        "children": [],
        "state": "success",
        "targetName": "",
        "moduleName": "",
        "category": "",
        "taskRunReasons": [],
        "parent": "f38faa61-0e64-4591-8ebb-b3b7ae04941d",
        "logId": "78f26105-f845-4b35-bdf6-c2b4d8139b0d"
      },
      "log": {
        "_logger": {
          "category": "DurationEvent",
          "context": {},
          "callStackSkipIndex": 0
        },
        "_filelogger": {
          "category": "debug-file",
          "context": {},
          "callStackSkipIndex": 0
        },
        "anonymizeFileLogger": {
          "fileLogger": {
            "category": "debug-file",
            "context": {},
            "callStackSkipIndex": 0
          }
        }
      }
    },
    {
      "head": {
        "id": "6650d970-9a56-4ae3-9c97-6ad2c993ebfd",
        "name": "bind plugins",
        "description": "Bind plugins.",
        "type": "duration"
      },
      "body": {
        "pid": 9272,
        "tid": "Main Thread",
        "startTime": 43884395234900,
        "endTime": 43884408310900
      },
      "additional": {
        "children": [],
        "state": "success",
        "targetName": "",
        "moduleName": "",
        "category": "",
        "taskRunReasons": [],
        "parent": "f38faa61-0e64-4591-8ebb-b3b7ae04941d",
        "logId": "66d5e180-bdf6-47e6-bd5b-f6c52af2a8e7"
      },
      "log": {
        "_logger": {
          "category": "DurationEvent",
          "context": {},
          "callStackSkipIndex": 0
        },
        "_filelogger": {
          "category": "debug-file",
          "context": {},
          "callStackSkipIndex": 0
        },
        "anonymizeFileLogger": {
          "fileLogger": {
            "category": "debug-file",
            "context": {},
            "callStackSkipIndex": 0
          }
        }
      }
    },
    {
      "head": {
        "id": "16b7e7f8-773b-41ef-bf7d-bb69d2008924",
        "name": "hvigorfile, resolving F:\\DevEcoStudioProject\\ui_project\\entry\\hvigorfile.ts",
        "description": "",
        "type": "log"
      },
      "body": {
        "pid": 9272,
        "tid": "Main Thread",
        "startTime": 43884386628000
      },
      "additional": {
        "logType": "debug",
        "children": []
      }
    },
    {
      "head": {
        "id": "035381ae-2818-4051-8c20-254ba6bfef33",
        "name": "hvigorfile, require result:  { default: { system: [Function: hapTasks], plugins: [] } }",
        "description": "",
        "type": "log"
      },
      "body": {
        "pid": 9272,
        "tid": "Main Thread",
        "startTime": 43884394637400
      },
      "additional": {
        "logType": "debug",
        "children": []
      }
    },
    {
      "head": {
        "id": "78f26105-f845-4b35-bdf6-c2b4d8139b0d",
        "name": "require hvigorfile",
        "description": "",
        "type": "log"
      },
      "body": {
        "pid": 9272,
        "tid": "Main Thread",
        "startTime": 43884386619300,
        "endTime": 43884395201600
      },
      "additional": {
        "logType": "info",
        "children": [],
        "durationId": "0000866d-f793-4c75-9072-95135480bb95",
        "parent": "c036b583-f14c-482e-adca-2bbef97fa664"
      }
    },
    {
      "head": {
        "id": "9a6dcd58-2f48-46ad-9d27-d526b760ec69",
        "name": "hvigorfile, binding system plugins [Function: hapTasks]",
        "description": "",
        "type": "log"
      },
      "body": {
        "pid": 9272,
        "tid": "Main Thread",
        "startTime": 43884395260000
      },
      "additional": {
        "logType": "debug",
        "children": []
      }
    },
    {
      "head": {
        "id": "e8774902-fce0-4c57-ad6e-c04e23d387f7",
        "name": "failed to load cangjie to dynamically generate schemas: Error: Cannot find module '@ohos/cangjie-build-support/index'\nRequire stack:\n- F:\\deveco5.1.1\\DevEco Studio\\tools\\hvigor\\hvigor-ohos-plugin\\src\\plugin\\factory\\plugin-factory.js\n- F:\\deveco5.1.1\\DevEco Studio\\tools\\hvigor\\hvigor-ohos-plugin\\index.js\n- F:\\DevEcoStudioProject\\ui_project\\hvigorfile.ts\n- F:\\deveco5.1.1\\DevEco Studio\\tools\\hvigor\\hvigor\\src\\base\\internal\\lifecycle\\configuration.js\n- F:\\deveco5.1.1\\DevEco Studio\\tools\\hvigor\\hvigor\\src\\base\\boot\\index.js\n- F:\\deveco5.1.1\\DevEco Studio\\tools\\hvigor\\hvigor\\src\\base\\daemon\\cluster\\worker-process-lifecycle.js\n- F:\\deveco5.1.1\\DevEco Studio\\tools\\hvigor\\hvigor\\src\\base\\daemon\\process\\daemon-process-boot-script.js",
        "description": "",
        "type": "log"
      },
      "body": {
        "pid": 9272,
        "tid": "Main Thread",
        "startTime": 43884396342600
      },
      "additional": {
        "logType": "debug",
        "children": []
      }
    },
    {
      "head": {
        "id": "4686bb41-c6ef-4d77-8e88-24a0e6dfe435",
        "name": "Start initialize module-target build option map, moduleName=entry, buildMode=debug",
        "description": "",
        "type": "log"
      },
      "body": {
        "pid": 9272,
        "tid": "Main Thread",
        "startTime": 43884401402200
      },
      "additional": {
        "logType": "debug",
        "children": []
      }
    },
    {
      "head": {
        "id": "6ba320ea-5b52-4a7c-94cf-9bf090fc7ee0",
        "name": "Target 'default' config initialized",
        "description": "",
        "type": "log"
      },
      "body": {
        "pid": 9272,
        "tid": "Main Thread",
        "startTime": 43884401561400
      },
      "additional": {
        "logType": "debug",
        "children": []
      }
    },
    {
      "head": {
        "id": "2ce33710-e0b5-4fc0-8006-f14d7dc86edf",
        "name": "Target 'ohosTest' config initialized",
        "description": "",
        "type": "log"
      },
      "body": {
        "pid": 9272,
        "tid": "Main Thread",
        "startTime": 43884401770300
      },
      "additional": {
        "logType": "debug",
        "children": []
      }
    },
    {
      "head": {
        "id": "9f1193a9-2427-4ef0-a9fa-17c5429587b6",
        "name": "Module 'entry' target 'default' build option initialized",
        "description": "",
        "type": "log"
      },
      "body": {
        "pid": 9272,
        "tid": "Main Thread",
        "startTime": 43884401914200
      },
      "additional": {
        "logType": "debug",
        "children": []
      }
    },
    {
      "head": {
        "id": "86873501-7272-485f-82fe-43a2dd595ab9",
        "name": "Module 'entry' target 'ohosTest' build option initialized",
        "description": "",
        "type": "log"
      },
      "body": {
        "pid": 9272,
        "tid": "Main Thread",
        "startTime": 43884401980800
      },
      "additional": {
        "logType": "debug",
        "children": []
      }
    },
    {
      "head": {
        "id": "f8c69a63-d6cd-458e-83ce-484689fd2be9",
        "name": "End initialize module-target build option map, moduleName=entry",
        "description": "",
        "type": "log"
      },
      "body": {
        "pid": 9272,
        "tid": "Main Thread",
        "startTime": 43884402034600
      },
      "additional": {
        "logType": "debug",
        "children": []
      }
    },
    {
      "head": {
        "id": "59185750-f4b1-435e-b4b1-98c8c19a0f19",
        "name": "Start initialize module-target build option map, moduleName=entry, buildMode=release",
        "description": "",
        "type": "log"
      },
      "body": {
        "pid": 9272,
        "tid": "Main Thread",
        "startTime": 43884402124000
      },
      "additional": {
        "logType": "debug",
        "children": []
      }
    },
    {
      "head": {
        "id": "516952c0-fbc5-4c28-8f5d-bce9e72dd545",
        "name": "Target 'default' config initialized",
        "description": "",
        "type": "log"
      },
      "body": {
        "pid": 9272,
        "tid": "Main Thread",
        "startTime": 43884402188100
      },
      "additional": {
        "logType": "debug",
        "children": []
      }
    },
    {
      "head": {
        "id": "f419ec3f-2618-4411-b80c-3b4454ad32c3",
        "name": "Target 'ohosTest' config initialized",
        "description": "",
        "type": "log"
      },
      "body": {
        "pid": 9272,
        "tid": "Main Thread",
        "startTime": 43884402507700
      },
      "additional": {
        "logType": "debug",
        "children": []
      }
    },
    {
      "head": {
        "id": "bd18ece4-bca1-4ca1-bb1b-7de48fa9271e",
        "name": "Module 'entry' target 'default' build option initialized",
        "description": "",
        "type": "log"
      },
      "body": {
        "pid": 9272,
        "tid": "Main Thread",
        "startTime": 43884402666800
      },
      "additional": {
        "logType": "debug",
        "children": []
      }
    },
    {
      "head": {
        "id": "19eec9e1-1cff-4ff1-a7d4-bfcfc48be6de",
        "name": "Module 'entry' target 'ohosTest' build option initialized",
        "description": "",
        "type": "log"
      },
      "body": {
        "pid": 9272,
        "tid": "Main Thread",
        "startTime": 43884402756000
      },
      "additional": {
        "logType": "debug",
        "children": []
      }
    },
    {
      "head": {
        "id": "a122ddc3-acd5-419c-8775-9b3a2cf6a817",
        "name": "End initialize module-target build option map, moduleName=entry",
        "description": "",
        "type": "log"
      },
      "body": {
        "pid": 9272,
        "tid": "Main Thread",
        "startTime": 43884402813100
      },
      "additional": {
        "logType": "debug",
        "children": []
      }
    },
    {
      "head": {
        "id": "bb4f62c3-92c7-4a69-9cba-773969e40c1c",
        "name": "Start initialize module-target build option map, moduleName=entry, buildMode=debug",
        "description": "",
        "type": "log"
      },
      "body": {
        "pid": 9272,
        "tid": "Main Thread",
        "startTime": 43884402922700
      },
      "additional": {
        "logType": "debug",
        "children": []
      }
    },
    {
      "head": {
        "id": "19da72bf-c497-4e13-afa2-c5e915629017",
        "name": "Target 'default' config initialized",
        "description": "",
        "type": "log"
      },
      "body": {
        "pid": 9272,
        "tid": "Main Thread",
        "startTime": 43884402995200
      },
      "additional": {
        "logType": "debug",
        "children": []
      }
    },
    {
      "head": {
        "id": "a1c755f5-fb17-4cc7-8c25-454255e22ef4",
        "name": "Target 'ohosTest' config initialized",
        "description": "",
        "type": "log"
      },
      "body": {
        "pid": 9272,
        "tid": "Main Thread",
        "startTime": 43884403144400
      },
      "additional": {
        "logType": "debug",
        "children": []
      }
    },
    {
      "head": {
        "id": "ef18ef05-67e8-44e2-9478-7b4500a2e76a",
        "name": "Module 'entry' target 'default' build option initialized",
        "description": "",
        "type": "log"
      },
      "body": {
        "pid": 9272,
        "tid": "Main Thread",
        "startTime": 43884403336200
      },
      "additional": {
        "logType": "debug",
        "children": []
      }
    },
    {
      "head": {
        "id": "55288c94-254f-4879-a1a5-e5c1487760df",
        "name": "Module 'entry' target 'ohosTest' build option initialized",
        "description": "",
        "type": "log"
      },
      "body": {
        "pid": 9272,
        "tid": "Main Thread",
        "startTime": 43884403408900
      },
      "additional": {
        "logType": "debug",
        "children": []
      }
    },
    {
      "head": {
        "id": "cb0b5064-44bf-47ee-a729-6d0a292328d9",
        "name": "End initialize module-target build option map, moduleName=entry",
        "description": "",
        "type": "log"
      },
      "body": {
        "pid": 9272,
        "tid": "Main Thread",
        "startTime": 43884403480000
      },
      "additional": {
        "logType": "debug",
        "children": []
      }
    },
    {
      "head": {
        "id": "205f1adc-54e9-4593-b434-025b26a088d5",
        "name": "Obtain build option for module 'entry' target 'default'in this build.",
        "description": "",
        "type": "log"
      },
      "body": {
        "pid": 9272,
        "tid": "Main Thread",
        "startTime": 43884403545500
      },
      "additional": {
        "logType": "debug",
        "children": []
      }
    },
    {
      "head": {
        "id": "925590ab-cf30-4767-8b22-71a3536fcfe5",
        "name": "Module entry task initialization takes 1 ms ",
        "description": "",
        "type": "log"
      },
      "body": {
        "pid": 9272,
        "tid": "Main Thread",
        "startTime": 43884407470700
      },
      "additional": {
        "logType": "debug",
        "children": []
      }
    },
    {
      "head": {
        "id": "90071e9a-35c8-4822-8c8a-6cd6b42435e7",
        "name": "hvigorfile, binding custom plugins []",
        "description": "",
        "type": "log"
      },
      "body": {
        "pid": 9272,
        "tid": "Main Thread",
        "startTime": 43884407752000
      },
      "additional": {
        "logType": "debug",
        "children": []
      }
    },
    {
      "head": {
        "id": "4c2af620-a76e-401a-8935-36c93cf58bfa",
        "name": "hvigorfile, no custom plugins were found in F:\\DevEcoStudioProject\\ui_project\\entry\\hvigorfile.ts",
        "description": "",
        "type": "log"
      },
      "body": {
        "pid": 9272,
        "tid": "Main Thread",
        "startTime": 43884407930500
      },
      "additional": {
        "logType": "debug",
        "children": []
      }
    },
    {
      "head": {
        "id": "7633ce33-fd8c-4259-9bb9-a3ff25a7c57d",
        "name": "hvigorfile, resolve finished F:\\DevEcoStudioProject\\ui_project\\entry\\hvigorfile.ts",
        "description": "",
        "type": "log"
      },
      "body": {
        "pid": 9272,
        "tid": "Main Thread",
        "startTime": 43884408136700
      },
      "additional": {
        "logType": "debug",
        "children": []
      }
    },
    {
      "head": {
        "id": "66d5e180-bdf6-47e6-bd5b-f6c52af2a8e7",
        "name": "bind plugins",
        "description": "",
        "type": "log"
      },
      "body": {
        "pid": 9272,
        "tid": "Main Thread",
        "startTime": 43884395234900,
        "endTime": 43884408310900
      },
      "additional": {
        "logType": "info",
        "children": [],
        "durationId": "6650d970-9a56-4ae3-9c97-6ad2c993ebfd",
        "parent": "c036b583-f14c-482e-adca-2bbef97fa664"
      }
    },
    {
      "head": {
        "id": "c036b583-f14c-482e-adca-2bbef97fa664",
        "name": "eval hvigorfile",
        "description": "",
        "type": "log"
      },
      "body": {
        "pid": 9272,
        "tid": "Main Thread",
        "startTime": 43884386618800,
        "endTime": 43884408330000
      },
      "additional": {
        "logType": "info",
        "children": [
          "78f26105-f845-4b35-bdf6-c2b4d8139b0d",
          "66d5e180-bdf6-47e6-bd5b-f6c52af2a8e7"
        ],
        "durationId": "f38faa61-0e64-4591-8ebb-b3b7ae04941d",
        "parent": "1a2560ec-5ddc-4d4a-b485-891eb49be0a6"
      }
    },
    {
      "head": {
        "id": "e8c69ea9-c81b-4178-a7d8-3443dc236c6a",
        "name": "\"afterNodeEvaluate\" hook function",
        "description": "",
        "type": "duration"
      },
      "body": {
        "pid": 9272,
        "tid": "Main Thread",
        "startTime": 43884408686500,
        "endTime": 43884408698800
      },
      "additional": {
        "children": [],
        "state": "success",
        "targetName": "",
        "moduleName": "",
        "category": "",
        "taskRunReasons": [],
        "parent": "082cc7f7-7963-454e-bf54-cdb20db5a2fe",
        "logId": "558124f6-4901-48f4-a3dc-18ec7c0a701c"
      },
      "log": {
        "_logger": {
          "category": "DurationEvent",
          "context": {},
          "callStackSkipIndex": 0
        },
        "_filelogger": {
          "category": "debug-file",
          "context": {},
          "callStackSkipIndex": 0
        },
        "anonymizeFileLogger": {
          "fileLogger": {
            "category": "debug-file",
            "context": {},
            "callStackSkipIndex": 0
          }
        }
      }
    },
    {
      "head": {
        "id": "558124f6-4901-48f4-a3dc-18ec7c0a701c",
        "name": "\"afterNodeEvaluate\" hook function",
        "description": "",
        "type": "log"
      },
      "body": {
        "pid": 9272,
        "tid": "Main Thread",
        "startTime": 43884408686500,
        "endTime": 43884408698800
      },
      "additional": {
        "logType": "info",
        "children": [],
        "durationId": "e8c69ea9-c81b-4178-a7d8-3443dc236c6a",
        "parent": "1a2560ec-5ddc-4d4a-b485-891eb49be0a6"
      }
    },
    {
      "head": {
        "id": "1a2560ec-5ddc-4d4a-b485-891eb49be0a6",
        "name": "eval submodule",
        "description": "",
        "type": "log"
      },
      "body": {
        "pid": 9272,
        "tid": "Main Thread",
        "startTime": 43884386122400,
        "endTime": 43884408715100
      },
      "additional": {
        "logType": "info",
        "children": [
          "dcd94e83-cb1f-4f3e-90e7-976dfc252008",
          "c036b583-f14c-482e-adca-2bbef97fa664",
          "558124f6-4901-48f4-a3dc-18ec7c0a701c"
        ],
        "durationId": "082cc7f7-7963-454e-bf54-cdb20db5a2fe",
        "parent": "594d1d83-c3a5-4bcd-b038-b17d01459a2a"
      }
    },
    {
      "head": {
        "id": "594d1d83-c3a5-4bcd-b038-b17d01459a2a",
        "name": "eval modules",
        "description": "",
        "type": "log"
      },
      "body": {
        "pid": 9272,
        "tid": "Main Thread",
        "startTime": 43884386111700,
        "endTime": 43884408729000
      },
      "additional": {
        "logType": "info",
        "children": [
          "1a2560ec-5ddc-4d4a-b485-891eb49be0a6"
        ],
        "durationId": "f7874de7-6e9f-411b-926a-0f85e096c480",
        "parent": "fbd7ca80-52ad-4a63-a0c7-543974c6aed8"
      }
    },
    {
      "head": {
        "id": "257c3372-c7ae-4091-b859-8574a11e8d15",
        "name": "watch files: [\n  'F:\\\\DevEcoStudioProject\\\\ui_project\\\\hvigorfile.ts',\n  'F:\\\\DevEcoStudioProject\\\\ui_project\\\\entry\\\\hvigorfile.ts'\n]",
        "description": "",
        "type": "log"
      },
      "body": {
        "pid": 9272,
        "tid": "Main Thread",
        "startTime": 43884432835700
      },
      "additional": {
        "logType": "debug",
        "children": []
      }
    },
    {
      "head": {
        "id": "fa13b7d8-fe77-4449-88f0-a639d64e7c62",
        "name": "hvigorfile, resolve hvigorfile dependencies in 25 ms ",
        "description": "",
        "type": "log"
      },
      "body": {
        "pid": 9272,
        "tid": "Main Thread",
        "startTime": 43884433344300
      },
      "additional": {
        "logType": "debug",
        "children": []
      }
    },
    {
      "head": {
        "id": "e7c142c0-1cab-4b43-bca6-825ea9bd7fc5",
        "name": "add config dependencies",
        "description": "",
        "type": "log"
      },
      "body": {
        "pid": 9272,
        "tid": "Main Thread",
        "startTime": 43884408737900,
        "endTime": 43884433432200
      },
      "additional": {
        "logType": "info",
        "children": [],
        "durationId": "3fb64e71-b06e-460e-a5c6-d06a59992da8",
        "parent": "fbd7ca80-52ad-4a63-a0c7-543974c6aed8"
      }
    },
    {
      "head": {
        "id": "8d95ed9a-f3d1-407b-baf1-f96824161d59",
        "name": "\"nodesEvaluated\" hook function",
        "description": "",
        "type": "duration"
      },
      "body": {
        "pid": 9272,
        "tid": "Main Thread",
        "startTime": 43884433463400,
        "endTime": 43884433668700
      },
      "additional": {
        "children": [],
        "state": "success",
        "targetName": "",
        "moduleName": "",
        "category": "",
        "taskRunReasons": [],
        "parent": "5b4ed649-8258-4be3-bf4b-279eb85391ea",
        "logId": "124b25d2-f2ce-4d66-b1b0-6a2893bc4a0b"
      },
      "log": {
        "_logger": {
          "category": "DurationEvent",
          "context": {},
          "callStackSkipIndex": 0
        },
        "_filelogger": {
          "category": "debug-file",
          "context": {},
          "callStackSkipIndex": 0
        },
        "anonymizeFileLogger": {
          "fileLogger": {
            "category": "debug-file",
            "context": {},
            "callStackSkipIndex": 0
          }
        }
      }
    },
    {
      "head": {
        "id": "64eaa925-263e-4104-bdec-02a3bb0df1dc",
        "name": "project has submodules:entry",
        "description": "",
        "type": "log"
      },
      "body": {
        "pid": 9272,
        "tid": "Main Thread",
        "startTime": 43884433484200
      },
      "additional": {
        "logType": "debug",
        "children": []
      }
    },
    {
      "head": {
        "id": "124b25d2-f2ce-4d66-b1b0-6a2893bc4a0b",
        "name": "\"nodesEvaluated\" hook function",
        "description": "",
        "type": "log"
      },
      "body": {
        "pid": 9272,
        "tid": "Main Thread",
        "startTime": 43884433463400,
        "endTime": 43884433668700
      },
      "additional": {
        "logType": "info",
        "children": [],
        "durationId": "8d95ed9a-f3d1-407b-baf1-f96824161d59",
        "parent": "fbd7ca80-52ad-4a63-a0c7-543974c6aed8"
      }
    },
    {
      "head": {
        "id": "234cc7fc-39cf-43e7-9918-0a7045df5985",
        "name": "start to load updatedOhPackageInfo to the disk",
        "description": "",
        "type": "log"
      },
      "body": {
        "pid": 9272,
        "tid": "Main Thread",
        "startTime": 43884434452000
      },
      "additional": {
        "logType": "debug",
        "children": []
      }
    },
    {
      "head": {
        "id": "f2f97c53-c7eb-40d5-9bd3-77c35ba54ad9",
        "name": "load to the disk finished",
        "description": "",
        "type": "log"
      },
      "body": {
        "pid": 9272,
        "tid": "Main Thread",
        "startTime": 43884442879300
      },
      "additional": {
        "logType": "debug",
        "children": []
      }
    },
    {
      "head": {
        "id": "0d4c7142-6c82-42e1-a82e-5b8ca206345e",
        "name": "ohpm install",
        "description": "",
        "type": "log"
      },
      "body": {
        "pid": 9272,
        "tid": "Main Thread",
        "startTime": 43884433686000,
        "endTime": 43884443666900
      },
      "additional": {
        "logType": "info",
        "children": [],
        "durationId": "ad9f9829-036b-4689-a11d-eccbaf82e730",
        "parent": "fbd7ca80-52ad-4a63-a0c7-543974c6aed8"
      }
    },
    {
      "head": {
        "id": "931c2d28-81a3-43a0-80c3-82f8d0e4bf81",
        "name": "Start to initialize dependency information.",
        "description": "",
        "type": "log"
      },
      "body": {
        "pid": 9272,
        "tid": "Main Thread",
        "startTime": 43884443718900
      },
      "additional": {
        "logType": "debug",
        "children": []
      }
    },
    {
      "head": {
        "id": "16a108fe-fd05-497e-8e04-e937b99d6b4f",
        "name": "Module ui_project Collected Dependency: ",
        "description": "",
        "type": "log"
      },
      "body": {
        "pid": 9272,
        "tid": "Main Thread",
        "startTime": 43884449991800
      },
      "additional": {
        "logType": "debug",
        "children": []
      }
    },
    {
      "head": {
        "id": "3058729b-82be-49ff-bb5a-2903e6ae8de4",
        "name": "Module ui_project's total dependency: 0",
        "description": "",
        "type": "log"
      },
      "body": {
        "pid": 9272,
        "tid": "Main Thread",
        "startTime": 43884450121400
      },
      "additional": {
        "logType": "debug",
        "children": []
      }
    },
    {
      "head": {
        "id": "ca2862b6-344c-4b53-8ab5-22102a3ba6fd",
        "name": "Start to initialize dependency information.",
        "description": "",
        "type": "log"
      },
      "body": {
        "pid": 9272,
        "tid": "Main Thread",
        "startTime": 43884450633500
      },
      "additional": {
        "logType": "debug",
        "children": []
      }
    },
    {
      "head": {
        "id": "d18abd35-d860-4701-8248-9512367499f1",
        "name": "Module entry Collected Dependency: ",
        "description": "",
        "type": "log"
      },
      "body": {
        "pid": 9272,
        "tid": "Main Thread",
        "startTime": 43884452540800
      },
      "additional": {
        "logType": "debug",
        "children": []
      }
    },
    {
      "head": {
        "id": "7b34524d-af4e-48de-9f90-7be0d56ea4e4",
        "name": "Module entry's total dependency: 0",
        "description": "",
        "type": "log"
      },
      "body": {
        "pid": 9272,
        "tid": "Main Thread",
        "startTime": 43884452699300
      },
      "additional": {
        "logType": "debug",
        "children": []
      }
    },
    {
      "head": {
        "id": "8a2c8d2a-24a1-4f30-a502-dedb1d25a9a4",
        "name": "eval hook",
        "description": "",
        "type": "log"
      },
      "body": {
        "pid": 9272,
        "tid": "Main Thread",
        "startTime": 43884443695900,
        "endTime": 43884455745700
      },
      "additional": {
        "logType": "info",
        "children": [],
        "durationId": "caba5c7f-30b4-432d-ba03-6a3b47fed5a3",
        "parent": "fbd7ca80-52ad-4a63-a0c7-543974c6aed8"
      }
    },
    {
      "head": {
        "id": "3b6ebe59-3981-49a4-8e0e-6f99899e5cce",
        "name": "Configuration phase cost:158 ms ",
        "description": "",
        "type": "log"
      },
      "body": {
        "pid": 9272,
        "tid": "Main Thread",
        "startTime": 43884455824200
      },
      "additional": {
        "logType": "debug",
        "children": []
      }
    },
    {
      "head": {
        "id": "34fd7414-4798-49d9-857a-cde80e3422b9",
        "name": "fin configuration",
        "description": "",
        "type": "log"
      },
      "body": {
        "pid": 9272,
        "tid": "Main Thread",
        "startTime": 43884455792200,
        "endTime": 43884455945200
      },
      "additional": {
        "logType": "info",
        "children": [],
        "durationId": "d29fe9cb-10d6-4aac-8bf1-dfdeb0d291f1",
        "parent": "fbd7ca80-52ad-4a63-a0c7-543974c6aed8"
      }
    },
    {
      "head": {
        "id": "fbd7ca80-52ad-4a63-a0c7-543974c6aed8",
        "name": "configure hvigor plugin",
        "description": "",
        "type": "log"
      },
      "body": {
        "pid": 9272,
        "tid": "Main Thread",
        "startTime": 43884298650000,
        "endTime": 43884455956200
      },
      "additional": {
        "logType": "info",
        "children": [
          "8320f774-6666-4bde-b952-16f4797cff76",
          "dbf56ec5-8d33-42ca-a405-885262d7bbcd",
          "d88b5f8d-b370-41a8-87c9-d28222126c0c",
          "594d1d83-c3a5-4bcd-b038-b17d01459a2a",
          "e7c142c0-1cab-4b43-bca6-825ea9bd7fc5",
          "0d4c7142-6c82-42e1-a82e-5b8ca206345e",
          "8a2c8d2a-24a1-4f30-a502-dedb1d25a9a4",
          "34fd7414-4798-49d9-857a-cde80e3422b9",
          "124b25d2-f2ce-4d66-b1b0-6a2893bc4a0b"
        ],
        "durationId": "5b4ed649-8258-4be3-bf4b-279eb85391ea",
        "parent": "af426a45-51ad-4b94-9ee1-09d4e73ab927"
      }
    },
    {
      "head": {
        "id": "f87dc08e-9c15-4981-a514-1feef1cf78a8",
        "name": "\"taskGraphResolved\" hook function",
        "description": "",
        "type": "duration"
      },
      "body": {
        "pid": 9272,
        "tid": "Main Thread",
        "startTime": 43884456445600,
        "endTime": 43884456457400
      },
      "additional": {
        "children": [],
        "state": "success",
        "targetName": "",
        "moduleName": "",
        "category": "",
        "taskRunReasons": [],
        "parent": "feca7f50-4b3e-4b28-8a57-60f5f2d2e54a",
        "logId": "e62e2ac3-21cd-45e1-9c5a-dfcb3adbba71"
      },
      "log": {
        "_logger": {
          "category": "DurationEvent",
          "context": {},
          "callStackSkipIndex": 0
        },
        "_filelogger": {
          "category": "debug-file",
          "context": {},
          "callStackSkipIndex": 0
        },
        "anonymizeFileLogger": {
          "fileLogger": {
            "category": "debug-file",
            "context": {},
            "callStackSkipIndex": 0
          }
        }
      }
    },
    {
      "head": {
        "id": "e62e2ac3-21cd-45e1-9c5a-dfcb3adbba71",
        "name": "\"taskGraphResolved\" hook function",
        "description": "",
        "type": "log"
      },
      "body": {
        "pid": 9272,
        "tid": "Main Thread",
        "startTime": 43884456445600,
        "endTime": 43884456457400
      },
      "additional": {
        "logType": "info",
        "children": [],
        "durationId": "f87dc08e-9c15-4981-a514-1feef1cf78a8",
        "parent": "af426a45-51ad-4b94-9ee1-09d4e73ab927"
      }
    },
    {
      "head": {
        "id": "c43660de-83c7-49fc-be5d-c4e0cd21bc95",
        "name": "build task graph",
        "description": "",
        "type": "log"
      },
      "body": {
        "pid": 9272,
        "tid": "Main Thread",
        "startTime": 43884455996400,
        "endTime": 43884456492000
      },
      "additional": {
        "logType": "info",
        "children": [],
        "durationId": "135c0c8d-3371-412f-9e8b-98aa7f9b6d0c",
        "parent": "af426a45-51ad-4b94-9ee1-09d4e73ab927"
      }
    },
    {
      "head": {
        "id": "15a3b3c3-6743-445d-8ba0-ed9b13ed44d6",
        "name": "init task execution option",
        "description": "",
        "type": "log"
      },
      "body": {
        "pid": 9272,
        "tid": "Main Thread",
        "startTime": 43884456497600,
        "endTime": 43884456503800
      },
      "additional": {
        "logType": "info",
        "children": [],
        "durationId": "5b537df2-ee7c-4a1f-bec9-f4eea0204b9e",
        "parent": "af426a45-51ad-4b94-9ee1-09d4e73ab927"
      }
    },
    {
      "head": {
        "id": "af426a45-51ad-4b94-9ee1-09d4e73ab927",
        "name": "init",
        "description": "",
        "type": "log"
      },
      "body": {
        "pid": 9272,
        "tid": "Main Thread",
        "startTime": 43884287945200,
        "endTime": 43884456508600
      },
      "additional": {
        "logType": "info",
        "children": [
          "0b64470d-54b3-4595-a1e6-b505f2129534",
          "fbd7ca80-52ad-4a63-a0c7-543974c6aed8",
          "c43660de-83c7-49fc-be5d-c4e0cd21bc95",
          "15a3b3c3-6743-445d-8ba0-ed9b13ed44d6",
          "e3e6a5d3-da22-497d-859d-e74ca52b300e",
          "3651d4e2-3bf8-4055-9706-150dd75ff993",
          "e62e2ac3-21cd-45e1-9c5a-dfcb3adbba71"
        ],
        "durationId": "feca7f50-4b3e-4b28-8a57-60f5f2d2e54a"
      }
    },
    {
      "head": {
        "id": "ba9e34a3-1d6a-4282-a4f6-36647afab228",
        "name": "Configuration task cost before running: 170 ms ",
        "description": "",
        "type": "log"
      },
      "body": {
        "pid": 9272,
        "tid": "Main Thread",
        "startTime": 43884456815700
      },
      "additional": {
        "logType": "debug",
        "children": []
      }
    },
    {
      "head": {
        "id": "ca765758-dcf8-4cd9-9e32-0f508c5dcb2c",
        "name": "entry:default@PreBuild",
        "description": "Pre-build in the stage model.",
        "type": "duration"
      },
      "body": {
        "pid": 9272,
        "tid": "Main Thread",
        "startTime": 43884460498600,
        "endTime": 43884475710600
      },
      "additional": {
        "children": [],
        "state": "failed",
        "targetName": "default",
        "moduleName": "entry",
        "category": "Verification",
        "taskRunReasons": [],
        "detailId": "8140032f-cc2f-4a8c-ad4d-90d57c151f07",
        "logId": "f07fff7e-dfc5-47d7-bc36-11d114ab2093"
      },
      "log": {
        "_logger": {
          "category": "DurationEvent",
          "context": {},
          "callStackSkipIndex": 0
        },
        "_filelogger": {
          "category": "debug-file",
          "context": {},
          "callStackSkipIndex": 0
        },
        "anonymizeFileLogger": {
          "fileLogger": {
            "category": "debug-file",
            "context": {},
            "callStackSkipIndex": 0
          }
        }
      }
    },
    {
      "head": {
        "id": "8140032f-cc2f-4a8c-ad4d-90d57c151f07",
        "name": "create entry:default@PreBuild task",
        "description": "",
        "type": "log"
      },
      "body": {
        "pid": 9272,
        "tid": "Main Thread",
        "startTime": 43884457044100
      },
      "additional": {
        "logType": "detail",
        "children": [],
        "durationId": "ca765758-dcf8-4cd9-9e32-0f508c5dcb2c"
      }
    },
    {
      "head": {
        "id": "24b63021-e8de-4eb3-a2fb-af415cb608b7",
        "name": "jsonObjWithoutParam {} at undefined",
        "description": "",
        "type": "log"
      },
      "body": {
        "pid": 9272,
        "tid": "Main Thread",
        "startTime": 43884457966300
      },
      "additional": {
        "logType": "debug",
        "children": []
      }
    },
    {
      "head": {
        "id": "3d3af3e5-500b-41da-90d2-e6a458a07651",
        "name": "jsonObjWithoutParam {\"name\":\"entry\",\"version\":\"1.0.0\",\"description\":\"Please describe the basic information.\",\"main\":\"\",\"author\":\"\",\"license\":\"\",\"dependencies\":{}} at undefined",
        "description": "",
        "type": "log"
      },
      "body": {
        "pid": 9272,
        "tid": "Main Thread",
        "startTime": 43884458085200
      },
      "additional": {
        "logType": "debug",
        "children": []
      }
    },
    {
      "head": {
        "id": "31b8c6ec-77a8-4b7a-bc6e-44b192d96307",
        "name": "Executing task :entry:default@PreBuild",
        "description": "",
        "type": "log"
      },
      "body": {
        "pid": 9272,
        "tid": "Main Thread",
        "startTime": 43884460515700
      },
      "additional": {
        "logType": "debug",
        "children": []
      }
    },
    {
      "head": {
        "id": "306f374c-6fde-401e-b843-0b2cb640b7d3",
        "name": "jsonObjWithoutParam {} at undefined",
        "description": "",
        "type": "log"
      },
      "body": {
        "pid": 9272,
        "tid": "Main Thread",
        "startTime": 43884464277900
      },
      "additional": {
        "logType": "debug",
        "children": []
      }
    },
    {
      "head": {
        "id": "160db2f5-cafd-4e6b-aaa3-910778d416ca",
        "name": "jsonObjWithoutParam {\"name\":\"entry\",\"version\":\"1.0.0\",\"description\":\"Please describe the basic information.\",\"main\":\"\",\"author\":\"\",\"license\":\"\",\"dependencies\":{}} at undefined",
        "description": "",
        "type": "log"
      },
      "body": {
        "pid": 9272,
        "tid": "Main Thread",
        "startTime": 43884464549300
      },
      "additional": {
        "logType": "debug",
        "children": []
      }
    },
    {
      "head": {
        "id": "a371550f-3431-4166-af9d-885624bc04a9",
        "name": "current product is not Atomic service.",
        "description": "",
        "type": "log"
      },
      "body": {
        "pid": 9272,
        "tid": "Main Thread",
        "startTime": 43884468994400
      },
      "additional": {
        "logType": "debug",
        "children": []
      }
    },
    {
      "head": {
        "id": "5058f86d-ba3d-42ac-bc48-ac7fadfcc596",
        "name": "Use tool [win32: JAVA_HOME, CLASSPATH]\n [\n  { JAVA_HOME: 'F:\\\\deveco5.1.1\\\\DevEco Studio\\\\jbr' },\n  { CLASSPATH: undefined }\n]",
        "description": "",
        "type": "log"
      },
      "body": {
        "pid": 9272,
        "tid": "Main Thread",
        "startTime": 43884472637600
      },
      "additional": {
        "logType": "debug",
        "children": []
      }
    },
    {
      "head": {
        "id": "d8506bb5-607c-4a27-8ee1-e9c93046c9c9",
        "name": "Use tool [win32: NODE_HOME]\n [ { NODE_HOME: 'F:\\\\deveco5.1.1\\\\DevEco Studio\\\\tools\\\\node' } ]",
        "description": "",
        "type": "log"
      },
      "body": {
        "pid": 9272,
        "tid": "Main Thread",
        "startTime": 43884473260300
      },
      "additional": {
        "logType": "debug",
        "children": []
      }
    },
    {
      "head": {
        "id": "f07fff7e-dfc5-47d7-bc36-11d114ab2093",
        "name": "Failed :entry:default@PreBuild",
        "description": "Pre-build in the stage model.",
        "type": "log"
      },
      "body": {
        "pid": 9272,
        "tid": "Main Thread",
        "startTime": 43884460498600,
        "endTime": 43884475710600
      },
      "additional": {
        "logType": "error",
        "children": [],
        "durationId": "ca765758-dcf8-4cd9-9e32-0f508c5dcb2c"
      }
    },
    {
      "head": {
        "id": "3af6eec5-4d0d-42be-967d-48dcf21d1012",
        "name": "hvigor build process will be closed with an error.",
        "description": "",
        "type": "log"
      },
      "body": {
        "pid": 9272,
        "tid": "Main Thread",
        "startTime": 43884476095200
      },
      "additional": {
        "logType": "debug",
        "children": [],
        "durationId": "ca765758-dcf8-4cd9-9e32-0f508c5dcb2c"
      }
    },
    {
      "head": {
        "id": "8ef54bb5-2880-4c30-aa8e-98a3e30d2c32",
        "name": "\u001b[31m00303214 Configuration Error\r\nError Message: The type of target device does not match the device type configured by module: entry.\nRequired device type:tablet, current module device type:phone\r\n\r\n* Try the following:\r\n  > Make sure the deviceTypes field set in module.json5 under src/main of the module directory contains the required type.\r\n  > Make sure the device types specified under target in the build-profile.json5 file of the module directory contain the required one.\r\n  > Check whether the hvigorfile.ts or hvigorconfig.ts file contains any code that may change the module deviceTypes settings.\r\n\u001b[39m",
        "description": "",
        "type": "log"
      },
      "body": {
        "pid": 9272,
        "tid": "Main Thread",
        "startTime": 43884476186100
      },
      "additional": {
        "logType": "error",
        "children": [],
        "durationId": "ca765758-dcf8-4cd9-9e32-0f508c5dcb2c"
      }
    },
    {
      "head": {
        "id": "6fea0f78-265c-49c9-ba2d-d3f54d9925bd",
        "name": "ERROR: stacktrace = AdaptorError: \u001b[31m00303214 Configuration Error\r\nError Message: The type of target device does not match the device type configured by module: entry.\nRequired device type:tablet, current module device type:phone\r\n\r\n* Try the following:\r\n  > Make sure the deviceTypes field set in module.json5 under src/main of the module directory contains the required type.\r\n  > Make sure the device types specified under target in the build-profile.json5 file of the module directory contain the required one.\r\n  > Check whether the hvigorfile.ts or hvigorconfig.ts file contains any code that may change the module deviceTypes settings.\r\n\u001b[39m\n    at OhosLogger.printErrorExit (F:\\deveco5.1.1\\DevEco Studio\\tools\\hvigor\\hvigor\\src\\base\\log\\hvigor-log.js:1:5062)\n    at PreBuild.checkDeviceTypes (F:\\deveco5.1.1\\DevEco Studio\\tools\\hvigor\\hvigor-ohos-plugin\\src\\tasks\\abstract\\abstract-pre-build.js:1:8586)\n    at PreBuild.doTaskAction (F:\\deveco5.1.1\\DevEco Studio\\tools\\hvigor\\hvigor-ohos-plugin\\src\\tasks\\abstract\\abstract-pre-build.js:1:7388)\n    at process.processTicksAndRejections (node:internal/process/task_queues:95:5)\n    at async PreBuild.<anonymous> (F:\\deveco5.1.1\\DevEco Studio\\tools\\hvigor\\hvigor-ohos-plugin\\src\\tasks\\task\\ohos-module-task.js:1:2035)\n    at async PreBuild.execute (F:\\deveco5.1.1\\DevEco Studio\\tools\\hvigor\\hvigor\\src\\base\\external\\task\\core-task-impl.js:1:2191)\n    at async TaskProxy.execute (F:\\deveco5.1.1\\DevEco Studio\\tools\\hvigor\\hvigor\\src\\base\\internal\\task\\proxy\\task-proxy.js:1:6131)\n    at async doIncrementalTask (F:\\deveco5.1.1\\DevEco Studio\\tools\\hvigor\\hvigor\\src\\base\\internal\\core\\incremental-task-executor.js:1:941)\n    at async executeOneTask (F:\\deveco5.1.1\\DevEco Studio\\tools\\hvigor\\hvigor\\src\\base\\internal\\task\\core\\task-runner.js:1:4215)\n    at async runTaskFromQueue (F:\\deveco5.1.1\\DevEco Studio\\tools\\hvigor\\hvigor\\src\\base\\internal\\task\\core\\task-runner.js:1:2306)",
        "description": "",
        "type": "log"
      },
      "body": {
        "pid": 9272,
        "tid": "Main Thread",
        "startTime": 43884476391100
      },
      "additional": {
        "logType": "debug",
        "children": [],
        "durationId": "ca765758-dcf8-4cd9-9e32-0f508c5dcb2c"
      }
    },
    {
      "head": {
        "id": "3e38351c-8a27-460f-8b37-258bcd931972",
        "name": "\"buildFinished\" hook function",
        "description": "",
        "type": "duration"
      },
      "body": {
        "pid": 9272,
        "tid": "Main Thread",
        "startTime": 43884482071500,
        "endTime": 43884482096500
      },
      "additional": {
        "children": [],
        "state": "success",
        "targetName": "",
        "moduleName": "",
        "category": "",
        "taskRunReasons": [],
        "parent": "f39fb0b3-325b-47f3-9e7e-da1bbe6a8f43",
        "logId": "1039752f-73c8-4398-8a0a-31e07b107684"
      },
      "log": {
        "_logger": {
          "category": "DurationEvent",
          "context": {},
          "callStackSkipIndex": 0
        },
        "_filelogger": {
          "category": "debug-file",
          "context": {},
          "callStackSkipIndex": 0
        },
        "anonymizeFileLogger": {
          "fileLogger": {
            "category": "debug-file",
            "context": {},
            "callStackSkipIndex": 0
          }
        }
      }
    },
    {
      "head": {
        "id": "1039752f-73c8-4398-8a0a-31e07b107684",
        "name": "\"buildFinished\" hook function",
        "description": "",
        "type": "log"
      },
      "body": {
        "pid": 9272,
        "tid": "Main Thread",
        "startTime": 43884482071500,
        "endTime": 43884482096500
      },
      "additional": {
        "logType": "info",
        "children": [],
        "durationId": "3e38351c-8a27-460f-8b37-258bcd931972"
      }
    },
    {
      "head": {
        "id": "ab0a967e-1aa1-4b2a-bb14-da33ce9e19ea",
        "name": "assembleHap",
        "description": "",
        "type": "mark"
      },
      "body": {
        "pid": 9272,
        "tid": "Main Thread",
        "startTime": 43884287396000,
        "endTime": 43884482259200
      },
      "additional": {
        "time": {
          "year": 2025,
          "month": 9,
          "day": 29,
          "hour": 9,
          "minute": 54,
          "second": 9
        },
        "completeCommand": "{\"mode\":\"module\",\"completeCommand\":\"--mode module -p module=entry@default -p product=default -p requiredDeviceType=tablet assembleHap --analyze=normal --parallel --incremental --daemon\",\"parallel\":true,\"prop\":[\"module=entry@default\",\"product=default\",\"requiredDeviceType=tablet\"],\"incremental\":true,\"_\":[\"assembleHap\"],\"daemon\":true,\"analyze\":\"normal\"};--mode module -p module=entry@default -p product=default -p requiredDeviceType=tablet assembleHap --analyze=normal --parallel --incremental --daemon",
        "hvigorVersion": "5.19.6",
        "markType": "history",
        "nodeVersion": "v18.20.1",
        "category": "build",
        "state": "failed"
      }
    },
    {
      "head": {
        "id": "edcb8b41-6b00-408d-8aa0-de25ba776cf0",
        "name": "BUILD FAILED in 195 ms ",
        "description": "",
        "type": "log"
      },
      "body": {
        "pid": 9272,
        "tid": "Main Thread",
        "startTime": 43884482289700
      },
      "additional": {
        "logType": "error",
        "children": []
      }
    },
    {
      "head": {
        "id": "7871e6bc-b52d-49db-bdc6-95a1427c40a2",
        "name": "Update task entry:default@PreBuild input file:F:\\DevEcoStudioProject\\ui_project\\AppScope\\app.json5 cache by regenerate.",
        "description": "",
        "type": "log"
      },
      "body": {
        "pid": 9272,
        "tid": "Main Thread",
        "startTime": 43884483466400
      },
      "additional": {
        "logType": "debug",
        "children": []
      }
    },
    {
      "head": {
        "id": "8621924d-70ec-4cd1-9f74-b3b50f002eb5",
        "name": "Update task entry:default@PreBuild input file:F:\\DevEcoStudioProject\\ui_project\\entry\\src\\main\\module.json5 cache by regenerate.",
        "description": "",
        "type": "log"
      },
      "body": {
        "pid": 9272,
        "tid": "Main Thread",
        "startTime": 43884483897800
      },
      "additional": {
        "logType": "debug",
        "children": []
      }
    },
    {
      "head": {
        "id": "8d696852-caad-46c1-b701-5820454a66bc",
        "name": "Update task entry:default@PreBuild input file:F:\\DevEcoStudioProject\\ui_project\\build-profile.json5 cache by regenerate.",
        "description": "",
        "type": "log"
      },
      "body": {
        "pid": 9272,
        "tid": "Main Thread",
        "startTime": 43884484242800
      },
      "additional": {
        "logType": "debug",
        "children": []
      }
    },
    {
      "head": {
        "id": "b8dcd8c7-c101-442d-b908-801cba0f0055",
        "name": "Update task entry:default@PreBuild input file:F:\\DevEcoStudioProject\\ui_project\\entry\\build-profile.json5 cache by regenerate.",
        "description": "",
        "type": "log"
      },
      "body": {
        "pid": 9272,
        "tid": "Main Thread",
        "startTime": 43884484522100
      },
      "additional": {
        "logType": "debug",
        "children": []
      }
    },
    {
      "head": {
        "id": "857efca1-3d99-47a0-b442-f777fe7ffa36",
        "name": "Update task entry:default@PreBuild input file:F:\\DevEcoStudioProject\\ui_project\\entry\\src\\main\\resources\\base\\profile\\main_pages.json cache by regenerate.",
        "description": "",
        "type": "log"
      },
      "body": {
        "pid": 9272,
        "tid": "Main Thread",
        "startTime": 43884484721200
      },
      "additional": {
        "logType": "debug",
        "children": []
      }
    },
    {
      "head": {
        "id": "29645575-ba62-4592-bbb7-978a91962a28",
        "name": "Update task entry:default@PreBuild input file:F:\\DevEcoStudioProject\\ui_project\\hvigor\\hvigor-config.json5 cache by regenerate.",
        "description": "",
        "type": "log"
      },
      "body": {
        "pid": 9272,
        "tid": "Main Thread",
        "startTime": 43884485176400
      },
      "additional": {
        "logType": "debug",
        "children": []
      }
    },
    {
      "head": {
        "id": "5cd3c2e3-fa1d-4c80-a7ea-32174fa55bdc",
        "name": "Update task entry:default@PreBuild input file:F:\\DevEcoStudioProject\\ui_project\\entry\\src\\mock\\mock-config.json5 cache by regenerate.",
        "description": "",
        "type": "log"
      },
      "body": {
        "pid": 9272,
        "tid": "Main Thread",
        "startTime": 43884485893700
      },
      "additional": {
        "logType": "debug",
        "children": []
      }
    },
    {
      "head": {
        "id": "ace430b3-d2e0-454c-a3d7-ac3b7ae6c544",
        "name": "Update task entry:default@PreBuild input file:F:\\DevEcoStudioProject\\ui_project\\entry\\oh-package.json5 cache by regenerate.",
        "description": "",
        "type": "log"
      },
      "body": {
        "pid": 9272,
        "tid": "Main Thread",
        "startTime": 43884486388200
      },
      "additional": {
        "logType": "debug",
        "children": []
      }
    },
    {
      "head": {
        "id": "07bb1776-a2bb-4449-9e76-db4fa77b0bb0",
        "name": "Update task entry:default@PreBuild input file:F:\\DevEcoStudioProject\\ui_project\\oh-package.json5 cache by regenerate.",
        "description": "",
        "type": "log"
      },
      "body": {
        "pid": 9272,
        "tid": "Main Thread",
        "startTime": 43884486821200
      },
      "additional": {
        "logType": "debug",
        "children": []
      }
    },
    {
      "head": {
        "id": "e93f07ed-df6b-4bf2-a65c-79a1c6cbb225",
        "name": "Incremental task entry:default@PreBuild post-execution cost:5 ms .",
        "description": "",
        "type": "log"
      },
      "body": {
        "pid": 9272,
        "tid": "Main Thread",
        "startTime": 43884487180400
      },
      "additional": {
        "logType": "debug",
        "children": []
      }
    }
  ],
  "workLog": []
}