{"CACHE_SYNC_FILE_HASH":{"F:\\DevEcoStudioProject\\ui_project\\hvigor\\hvigor-config.json5":"a7febbebd9e85d32a228a16498a62ddf900fb40bcba27846bca8e60d3698ceba","F:\\DevEcoStudioProject\\ui_project\\build-profile.json5":"b82c629ada2b464d09a938da2e63c44cd7eecab56e9e64fe3e3062e5165e1a31","F:\\DevEcoStudioProject\\ui_project\\hvigorfile.ts":"223f5f91607f668520fc5ba5e46e94059e967e3eed1533170c9d626264f9a650","F:\\DevEcoStudioProject\\ui_project\\oh-package.json5":"81de23800423301e3229c90eee3bfec879762d28adf507a3fe8b7198b3eae76a","F:\\DevEcoStudioProject\\ui_project\\entry\\build-profile.json5":"05c975905f92eba295c74cb7b1144924784a5871039c0e2108e3cc4ba571e3e9","F:\\DevEcoStudioProject\\ui_project\\entry\\hvigorfile.ts":"7eb2e5d8d5814647bd4f788143e4ca8f2a8fe0bbb3276dcb3dc67b78428dfab7","F:\\DevEcoStudioProject\\ui_project\\entry\\oh-package.json5":"b7b3ad022f92391cf388fe2bde7c86a061e1ba586ce5a4bece9fd0136a894ba4","F:\\DevEcoStudioProject\\ui_project\\.hvigor\\outputs\\sync\\output.json":"bd8e674589009be5d99003446357842a5644bca3fd241da02b342dbc9d04f152","SDK_LOCATION":"F:/deveco5.1.1/DevEco Studio/sdk"},"OHPM_INSTALL_FILE_HASH":{"F:\\DevEcoStudioProject\\ui_project\\oh-package.json5":"81de23800423301e3229c90eee3bfec879762d28adf507a3fe8b7198b3eae76a","F:\\DevEcoStudioProject\\ui_project\\oh_modules\\.ohpm\\lock.json5":"aa22782e3cb62abf72c770fc77a7210c23ed961aa25a346b42a6aa125d931e45","F:\\DevEcoStudioProject\\ui_project\\entry\\oh-package.json5":"b7b3ad022f92391cf388fe2bde7c86a061e1ba586ce5a4bece9fd0136a894ba4","F:\\DevEcoStudioProject\\ui_project\\oh_modules":true,"F:\\DevEcoStudioProject\\ui_project\\entry\\oh_modules":false}}