{
  "ohos-module-entry": {
    "SELECT_TARGET": "default",
    "MODULE_BUILD_DIR": "F:\\DevEcoStudioProject\\ui_project\\entry\\build",
    "TARGETS": {
      "default": {
        "SOURCE_ROOT": "F:\\DevEcoStudioProject\\ui_project\\entry\\src\\main",
        "RESOURCES_PATH": [
          "F:\\DevEcoStudioProject\\ui_project\\entry\\src\\main\\resources"
        ],
        "BUILD_PATH": {
          "OUTPUT_PATH": "F:\\DevEcoStudioProject\\ui_project\\entry\\build\\default\\outputs\\default",
          "INTERMEDIA_PATH": "F:\\DevEcoStudioProject\\ui_project\\entry\\build\\default\\intermediates",
          "JS_ASSETS_PATH": "F:\\DevEcoStudioProject\\ui_project\\entry\\build\\default\\intermediates\\loader_out\\default",
          "JS_LITE_ASSETS_PATH": "F:\\DevEcoStudioProject\\ui_project\\entry\\build\\default\\intermediates\\loader_out_lite\\default",
          "RES_PATH": "F:\\DevEcoStudioProject\\ui_project\\entry\\build\\default\\intermediates\\res\\default",
          "RES_PROFILE_PATH": "F:\\DevEcoStudioProject\\ui_project\\entry\\build\\default\\intermediates\\res\\default\\resources\\base\\profile",
          "ETS_SUPER_VISUAL_PATH": "F:\\DevEcoStudioProject\\ui_project\\entry\\build\\default\\cache\\default\\default@CompileArkTS\\esmodule",
          "JS_SUPER_VISUAL_PATH": "F:\\DevEcoStudioProject\\ui_project\\entry\\build\\default\\cache\\default\\default@CompileJS\\jsbundle",
          "WORKER_LOADER": "F:\\DevEcoStudioProject\\ui_project\\entry\\build\\default\\intermediates\\loader\\default\\loader.json",
          "MANIFEST_JSON": "F:\\DevEcoStudioProject\\ui_project\\entry\\build\\default\\intermediates\\manifest\\default",
          "OUTPUT_METADATA_JSON": "F:\\DevEcoStudioProject\\ui_project\\entry\\build\\default\\intermediates\\hap_metadata\\default\\output_metadata.json",
          "SOURCE_MAP_DIR": "F:\\DevEcoStudioProject\\ui_project\\entry\\build\\default\\intermediates\\source_map\\default"
        },
        "BUILD_OPTION": {
          "debuggable": true
        }
      },
      "ohosTest": {
        "SOURCE_ROOT": "F:\\DevEcoStudioProject\\ui_project\\entry\\src\\ohosTest",
        "RESOURCES_PATH": [
          "F:\\DevEcoStudioProject\\ui_project\\entry\\src\\ohosTest\\resources"
        ],
        "BUILD_PATH": {
          "OUTPUT_PATH": "F:\\DevEcoStudioProject\\ui_project\\entry\\build\\default\\outputs\\ohosTest",
          "INTERMEDIA_PATH": "F:\\DevEcoStudioProject\\ui_project\\entry\\build\\default\\intermediates",
          "JS_ASSETS_PATH": "F:\\DevEcoStudioProject\\ui_project\\entry\\build\\default\\intermediates\\loader_out\\ohosTest",
          "JS_LITE_ASSETS_PATH": "F:\\DevEcoStudioProject\\ui_project\\entry\\build\\default\\intermediates\\loader_out_lite\\ohosTest",
          "RES_PATH": "F:\\DevEcoStudioProject\\ui_project\\entry\\build\\default\\intermediates\\res\\ohosTest",
          "RES_PROFILE_PATH": "F:\\DevEcoStudioProject\\ui_project\\entry\\build\\default\\intermediates\\res\\ohosTest\\resources\\base\\profile",
          "ETS_SUPER_VISUAL_PATH": "F:\\DevEcoStudioProject\\ui_project\\entry\\build\\default\\cache\\ohosTest\\ohosTest@OhosTestCompileArkTS\\esmodule",
          "JS_SUPER_VISUAL_PATH": "F:\\DevEcoStudioProject\\ui_project\\entry\\build\\default\\cache\\ohosTest\\ohosTest@OhosTestCompileJS\\jsbundle",
          "WORKER_LOADER": "F:\\DevEcoStudioProject\\ui_project\\entry\\build\\default\\intermediates\\loader\\ohosTest\\loader.json",
          "MANIFEST_JSON": "F:\\DevEcoStudioProject\\ui_project\\entry\\build\\default\\intermediates\\manifest\\ohosTest",
          "OUTPUT_METADATA_JSON": "F:\\DevEcoStudioProject\\ui_project\\entry\\build\\default\\intermediates\\hap_metadata\\ohosTest\\output_metadata.json",
          "SOURCE_MAP_DIR": "F:\\DevEcoStudioProject\\ui_project\\entry\\build\\default\\intermediates\\source_map\\ohosTest"
        },
        "BUILD_OPTION": {
          "debuggable": true
        }
      }
    },
    "BUILD_OPTION": {
      "default-default": {
        "debuggable": true,
        "copyFrom": "default",
        "strictMode": {
          "caseSensitiveCheck": true,
          "useNormalizedOHMUrl": true
        },
        "name": "debug"
      }
    },
    "BUILD_PROFILE_OPT": {
      "apiType": "stageMode",
      "buildOption": {},
      "buildOptionSet": [
        {
          "name": "release",
          "arkOptions": {
            "obfuscation": {
              "ruleOptions": {
                "enable": false,
                "files": [
                  "./obfuscation-rules.txt"
                ]
              }
            }
          }
        },
        {
          "name": "default"
        },
        {
          "name": "debug"
        }
      ],
      "targets": [
        {
          "name": "default"
        },
        {
          "name": "ohosTest"
        }
      ]
    },
    "BUILD_CACHE_DIR": ""
  },
  "ohos-project": {
    "SELECT_PRODUCT_NAME": "default",
    "MODULE_BUILD_DIR": "F:\\DevEcoStudioProject\\ui_project\\build",
    "BUNDLE_NAME": "com.example.ui_project",
    "BUILD_PATH": {
      "OUTPUT_PATH": "F:\\DevEcoStudioProject\\ui_project\\build\\outputs\\default"
    },
    "MODULES": [
      {
        "name": "entry",
        "srcPath": "F:\\DevEcoStudioProject\\ui_project\\entry",
        "targets": [
          {
            "name": "default",
            "applyToProducts": [
              "default"
            ]
          }
        ],
        "belongProjectPath": "F:\\DevEcoStudioProject\\ui_project"
      }
    ],
    "PROFILE_OPT": {
      "app": {
        "signingConfigs": [
          {
            "name": "default",
            "type": "HarmonyOS",
            "material": {
              "certpath": "C:\\Users\\u\\.ohos\\config\\default_ui_project_7usJg6hLQig5yjUh8txC9b4f3y1FFMbBqwK3DFDxSEI=.cer",
              "keyAlias": "debugKey",
              "keyPassword": "0000001B14DE5E613C27ACE71F4B1B27F20BDAC94A1452D94C7BADCAEC61537F9A8FF108F44651D29ED2D1",
              "profile": "C:\\Users\\u\\.ohos\\config\\default_ui_project_7usJg6hLQig5yjUh8txC9b4f3y1FFMbBqwK3DFDxSEI=.p7b",
              "signAlg": "SHA256withECDSA",
              "storeFile": "C:\\Users\\u\\.ohos\\config\\default_ui_project_7usJg6hLQig5yjUh8txC9b4f3y1FFMbBqwK3DFDxSEI=.p12",
              "storePassword": "0000001B3560C89522E11D24523B17CA14D563394F5FE1CAB850E4CB98253C834EE16B18A5B24C62F48C6E"
            }
          }
        ],
        "products": [
          {
            "name": "default",
            "signingConfig": "default",
            "targetSdkVersion": "5.1.1(19)",
            "compatibleSdkVersion": "5.0.1(13)",
            "runtimeOS": "HarmonyOS",
            "buildOption": {
              "strictMode": {
                "caseSensitiveCheck": true,
                "useNormalizedOHMUrl": true
              }
            }
          }
        ],
        "buildModeSet": [
          {
            "name": "debug"
          },
          {
            "name": "release"
          }
        ]
      },
      "modules": [
        {
          "name": "entry",
          "srcPath": "./entry",
          "targets": [
            {
              "name": "default",
              "applyToProducts": [
                "default"
              ]
            }
          ]
        }
      ]
    },
    "CONFIG_PROPERTIES": {
      "enableSignTask": true,
      "skipNativeIncremental": false,
      "hvigor.keepDependency": true
    },
    "OVERALL_PROJECT_PATHS": [
      "F:\\DevEcoStudioProject\\ui_project"
    ],
    "BUILD_CACHE_DIR": ""
  },
  "version": 1
}