{
  "version": "2.0",
  "ppid": 6308,
  "events": [
    {
      "head": {
        "id": "df7ef21c-038a-48c8-9ff1-f4296a407595",
        "name": "watch worker: worker id should be larger than 0. Nothing will be sent to any worker thread.",
        "description": "",
        "type": "log"
      },
      "body": {
        "pid": 9272,
        "tid": "Main Thread",
        "startTime": 43855829561600
      },
      "additional": {
        "logType": "debug",
        "children": []
      }
    },
    {
      "head": {
        "id": "68663307-e243-4c01-bc50-7c4bfbaa7854",
        "name": "init",
        "description": "Initialize and build task graph.",
        "type": "duration"
      },
      "body": {
        "pid": 9272,
        "tid": "Main Thread",
        "startTime": 43855838677300,
        "endTime": 43858511855800
      },
      "additional": {
        "children": [
          "7182aef7-aea1-41b9-b213-ff8b59f600ab",
          "f8778e1b-695f-4550-a26d-c16fc2776311",
          "40cc8174-22a1-4073-a961-e90ba6df071b",
          "436ddc56-a725-47ab-90e0-0a0179310407",
          "20130849-6596-423a-b813-467107c945c4",
          "244beb6d-a05f-4b0a-8068-b368044bf708",
          "f6a5140f-98ce-4071-9666-e9f237cf135e"
        ],
        "state": "success",
        "targetName": "",
        "moduleName": "",
        "category": "Init",
        "taskRunReasons": [],
        "logId": "88922f8e-c1c5-4b99-aae9-74ccd1313640"
      },
      "log": {
        "_logger": {
          "category": "DurationEvent",
          "context": {},
          "callStackSkipIndex": 0
        },
        "_filelogger": {
          "category": "debug-file",
          "context": {},
          "callStackSkipIndex": 0
        },
        "anonymizeFileLogger": {
          "fileLogger": {
            "category": "debug-file",
            "context": {},
            "callStackSkipIndex": 0
          }
        }
      }
    },
    {
      "head": {
        "id": "7182aef7-aea1-41b9-b213-ff8b59f600ab",
        "name": "create hvigor project model",
        "description": "Initialize hvigor project model.",
        "type": "duration"
      },
      "body": {
        "pid": 9272,
        "tid": "Main Thread",
        "startTime": 43855838680800,
        "endTime": 43855849973600
      },
      "additional": {
        "children": [],
        "state": "success",
        "targetName": "",
        "moduleName": "",
        "category": "",
        "taskRunReasons": [],
        "parent": "68663307-e243-4c01-bc50-7c4bfbaa7854",
        "logId": "cbbe654d-eafd-469b-8eed-a678f2d4d0fd"
      },
      "log": {
        "_logger": {
          "category": "DurationEvent",
          "context": {},
          "callStackSkipIndex": 0
        },
        "_filelogger": {
          "category": "debug-file",
          "context": {},
          "callStackSkipIndex": 0
        },
        "anonymizeFileLogger": {
          "fileLogger": {
            "category": "debug-file",
            "context": {},
            "callStackSkipIndex": 0
          }
        }
      }
    },
    {
      "head": {
        "id": "f8778e1b-695f-4550-a26d-c16fc2776311",
        "name": "configure hvigor plugin",
        "description": "Configure hvigor plugin.",
        "type": "duration"
      },
      "body": {
        "pid": 9272,
        "tid": "Main Thread",
        "startTime": 43855849998600,
        "endTime": 43858503972500
      },
      "additional": {
        "children": [
          "36a0211f-6aa0-4674-963a-f343e5e599b3",
          "7976bfaa-e542-4d45-8951-7335b90401c6",
          "3e9c9e15-5664-4bdc-984f-0b19b161d6d7",
          "ea64041c-87ab-4c24-96f8-96b316a40577",
          "f1a60e09-1bd6-44e4-9344-0da8e8a5a1fb",
          "9377e08d-3429-416b-b5a6-96e07fbf6a49",
          "66505a36-56d8-4fea-8af3-b3059ed3a4e7",
          "c0987690-d9c2-4fa3-8ca5-ec0454e81ca5",
          "9d5ce571-68a3-422b-a402-a1936e7d7b22"
        ],
        "state": "success",
        "targetName": "",
        "moduleName": "",
        "category": "",
        "taskRunReasons": [],
        "parent": "68663307-e243-4c01-bc50-7c4bfbaa7854",
        "logId": "c2e09376-5fd0-46f2-bfd0-7cd6f393274c"
      },
      "log": {
        "_logger": {
          "category": "DurationEvent",
          "context": {},
          "callStackSkipIndex": 0
        },
        "_filelogger": {
          "category": "debug-file",
          "context": {},
          "callStackSkipIndex": 0
        },
        "anonymizeFileLogger": {
          "fileLogger": {
            "category": "debug-file",
            "context": {},
            "callStackSkipIndex": 0
          }
        }
      }
    },
    {
      "head": {
        "id": "40cc8174-22a1-4073-a961-e90ba6df071b",
        "name": "build task graph",
        "description": "Build task graph.",
        "type": "duration"
      },
      "body": {
        "pid": 9272,
        "tid": "Main Thread",
        "startTime": 43858506092900,
        "endTime": 43858511803200
      },
      "additional": {
        "children": [],
        "state": "success",
        "targetName": "",
        "moduleName": "",
        "category": "",
        "taskRunReasons": [],
        "parent": "68663307-e243-4c01-bc50-7c4bfbaa7854",
        "logId": "e0bdcaa7-2a77-43be-afb8-a95cdeb84991"
      },
      "log": {
        "_logger": {
          "category": "DurationEvent",
          "context": {},
          "callStackSkipIndex": 0
        },
        "_filelogger": {
          "category": "debug-file",
          "context": {},
          "callStackSkipIndex": 0
        },
        "anonymizeFileLogger": {
          "fileLogger": {
            "category": "debug-file",
            "context": {},
            "callStackSkipIndex": 0
          }
        }
      }
    },
    {
      "head": {
        "id": "436ddc56-a725-47ab-90e0-0a0179310407",
        "name": "init task execution option",
        "description": "Init task execution option.",
        "type": "duration"
      },
      "body": {
        "pid": 9272,
        "tid": "Main Thread",
        "startTime": 43858511817100,
        "endTime": 43858511844400
      },
      "additional": {
        "children": [],
        "state": "success",
        "targetName": "",
        "moduleName": "",
        "category": "",
        "taskRunReasons": [],
        "parent": "68663307-e243-4c01-bc50-7c4bfbaa7854",
        "logId": "65fc3a3e-fe67-431a-b8aa-8c081a215fba"
      },
      "log": {
        "_logger": {
          "category": "DurationEvent",
          "context": {},
          "callStackSkipIndex": 0
        },
        "_filelogger": {
          "category": "debug-file",
          "context": {},
          "callStackSkipIndex": 0
        },
        "anonymizeFileLogger": {
          "fileLogger": {
            "category": "debug-file",
            "context": {},
            "callStackSkipIndex": 0
          }
        }
      }
    },
    {
      "head": {
        "id": "20130849-6596-423a-b813-467107c945c4",
        "name": "\"configEvaluated\" hook function",
        "description": "",
        "type": "duration"
      },
      "body": {
        "pid": 9272,
        "tid": "Main Thread",
        "startTime": 43855843774100,
        "endTime": 43855843995700
      },
      "additional": {
        "children": [],
        "state": "success",
        "targetName": "",
        "moduleName": "",
        "category": "",
        "taskRunReasons": [],
        "parent": "68663307-e243-4c01-bc50-7c4bfbaa7854",
        "logId": "9ba45289-ea07-4391-ac73-e1398fc2f6f3"
      },
      "log": {
        "_logger": {
          "category": "DurationEvent",
          "context": {},
          "callStackSkipIndex": 0
        },
        "_filelogger": {
          "category": "debug-file",
          "context": {},
          "callStackSkipIndex": 0
        },
        "anonymizeFileLogger": {
          "fileLogger": {
            "category": "debug-file",
            "context": {},
            "callStackSkipIndex": 0
          }
        }
      }
    },
    {
      "head": {
        "id": "9ba45289-ea07-4391-ac73-e1398fc2f6f3",
        "name": "\"configEvaluated\" hook function",
        "description": "",
        "type": "log"
      },
      "body": {
        "pid": 9272,
        "tid": "Main Thread",
        "startTime": 43855843774100,
        "endTime": 43855843995700
      },
      "additional": {
        "logType": "info",
        "children": [],
        "durationId": "20130849-6596-423a-b813-467107c945c4",
        "parent": "88922f8e-c1c5-4b99-aae9-74ccd1313640"
      }
    },
    {
      "head": {
        "id": "244beb6d-a05f-4b0a-8068-b368044bf708",
        "name": "\"nodesInitialized\" hook function",
        "description": "",
        "type": "duration"
      },
      "body": {
        "pid": 9272,
        "tid": "Main Thread",
        "startTime": 43855846671800,
        "endTime": 43855846720100
      },
      "additional": {
        "children": [],
        "state": "success",
        "targetName": "",
        "moduleName": "",
        "category": "",
        "taskRunReasons": [],
        "parent": "68663307-e243-4c01-bc50-7c4bfbaa7854",
        "logId": "18a0fc24-fbc2-4de2-8d7b-80c9c2efc184"
      },
      "log": {
        "_logger": {
          "category": "DurationEvent",
          "context": {},
          "callStackSkipIndex": 0
        },
        "_filelogger": {
          "category": "debug-file",
          "context": {},
          "callStackSkipIndex": 0
        },
        "anonymizeFileLogger": {
          "fileLogger": {
            "category": "debug-file",
            "context": {},
            "callStackSkipIndex": 0
          }
        }
      }
    },
    {
      "head": {
        "id": "18a0fc24-fbc2-4de2-8d7b-80c9c2efc184",
        "name": "\"nodesInitialized\" hook function",
        "description": "",
        "type": "log"
      },
      "body": {
        "pid": 9272,
        "tid": "Main Thread",
        "startTime": 43855846671800,
        "endTime": 43855846720100
      },
      "additional": {
        "logType": "info",
        "children": [],
        "durationId": "244beb6d-a05f-4b0a-8068-b368044bf708",
        "parent": "88922f8e-c1c5-4b99-aae9-74ccd1313640"
      }
    },
    {
      "head": {
        "id": "8094c248-46ca-404d-8c6d-5aeee49c51b5",
        "name": "Hvigor init with startParameters:{\n  hvigorfileTypeCheck: false,\n  parallelExecution: true,\n  incrementalExecution: true,\n  printStackTrace: false,\n  daemon: true,\n  analyze: 0,\n  logLevel: Level { level: 20000, levelStr: 'INFO', colour: 'green' },\n  optimizationStrategy: 'memory',\n  hotCompile: undefined,\n  hotReloadBuild: undefined\n}",
        "description": "",
        "type": "log"
      },
      "body": {
        "pid": 9272,
        "tid": "Main Thread",
        "startTime": 43855847814500
      },
      "additional": {
        "logType": "debug",
        "children": []
      }
    },
    {
      "head": {
        "id": "3697d5f2-7678-4de3-8d35-d77d6da2d2b0",
        "name": "Cache service initialization finished in 2 ms ",
        "description": "",
        "type": "log"
      },
      "body": {
        "pid": 9272,
        "tid": "Main Thread",
        "startTime": 43855849726600
      },
      "additional": {
        "logType": "debug",
        "children": []
      }
    },
    {
      "head": {
        "id": "cbbe654d-eafd-469b-8eed-a678f2d4d0fd",
        "name": "create hvigor project model",
        "description": "",
        "type": "log"
      },
      "body": {
        "pid": 9272,
        "tid": "Main Thread",
        "startTime": 43855838680800,
        "endTime": 43855849973600
      },
      "additional": {
        "logType": "info",
        "children": [],
        "durationId": "7182aef7-aea1-41b9-b213-ff8b59f600ab",
        "parent": "88922f8e-c1c5-4b99-aae9-74ccd1313640"
      }
    },
    {
      "head": {
        "id": "36a0211f-6aa0-4674-963a-f343e5e599b3",
        "name": "init configuration",
        "description": "Initialize configuration.",
        "type": "duration"
      },
      "body": {
        "pid": 9272,
        "tid": "Main Thread",
        "startTime": 43855850513500,
        "endTime": 43855850566000
      },
      "additional": {
        "children": [],
        "state": "success",
        "targetName": "",
        "moduleName": "",
        "category": "",
        "taskRunReasons": [],
        "parent": "f8778e1b-695f-4550-a26d-c16fc2776311",
        "logId": "538ad5bb-cf3a-47d1-a0f4-c7be5163f927"
      },
      "log": {
        "_logger": {
          "category": "DurationEvent",
          "context": {},
          "callStackSkipIndex": 0
        },
        "_filelogger": {
          "category": "debug-file",
          "context": {},
          "callStackSkipIndex": 0
        },
        "anonymizeFileLogger": {
          "fileLogger": {
            "category": "debug-file",
            "context": {},
            "callStackSkipIndex": 0
          }
        }
      }
    },
    {
      "head": {
        "id": "7976bfaa-e542-4d45-8951-7335b90401c6",
        "name": "configure project task",
        "description": "Configure project task.",
        "type": "duration"
      },
      "body": {
        "pid": 9272,
        "tid": "Main Thread",
        "startTime": 43855850608000,
        "endTime": 43855851901000
      },
      "additional": {
        "children": [],
        "state": "success",
        "targetName": "",
        "moduleName": "",
        "category": "",
        "taskRunReasons": [],
        "parent": "f8778e1b-695f-4550-a26d-c16fc2776311",
        "logId": "4295162c-d490-46b9-ab37-c3fade805da7"
      },
      "log": {
        "_logger": {
          "category": "DurationEvent",
          "context": {},
          "callStackSkipIndex": 0
        },
        "_filelogger": {
          "category": "debug-file",
          "context": {},
          "callStackSkipIndex": 0
        },
        "anonymizeFileLogger": {
          "fileLogger": {
            "category": "debug-file",
            "context": {},
            "callStackSkipIndex": 0
          }
        }
      }
    },
    {
      "head": {
        "id": "3e9c9e15-5664-4bdc-984f-0b19b161d6d7",
        "name": "eval project",
        "description": "Evaluate project.",
        "type": "duration"
      },
      "body": {
        "pid": 9272,
        "tid": "Main Thread",
        "startTime": 43855852023700,
        "endTime": 43858323540000
      },
      "additional": {
        "children": [
          "d9f2839e-d034-4859-99e9-fc32126466bf",
          "48e3f493-1a97-45ed-abf2-53767fd77382",
          "49fe635e-347e-43c6-9c7f-b7b6721ecd92"
        ],
        "state": "success",
        "targetName": "",
        "moduleName": "",
        "category": "",
        "taskRunReasons": [],
        "parent": "f8778e1b-695f-4550-a26d-c16fc2776311",
        "logId": "004b853a-5407-4c73-85bd-8965516e5456"
      },
      "log": {
        "_logger": {
          "category": "DurationEvent",
          "context": {},
          "callStackSkipIndex": 0
        },
        "_filelogger": {
          "category": "debug-file",
          "context": {},
          "callStackSkipIndex": 0
        },
        "anonymizeFileLogger": {
          "fileLogger": {
            "category": "debug-file",
            "context": {},
            "callStackSkipIndex": 0
          }
        }
      }
    },
    {
      "head": {
        "id": "ea64041c-87ab-4c24-96f8-96b316a40577",
        "name": "eval modules",
        "description": "Evaluate modules.",
        "type": "duration"
      },
      "body": {
        "pid": 9272,
        "tid": "Main Thread",
        "startTime": 43858323829700,
        "endTime": 43858365425400
      },
      "additional": {
        "children": [
          "039a02a9-f493-45a0-aec5-98d73979e898"
        ],
        "state": "success",
        "targetName": "",
        "moduleName": "",
        "category": "",
        "taskRunReasons": [],
        "parent": "f8778e1b-695f-4550-a26d-c16fc2776311",
        "logId": "5d03c44d-a59d-4ad1-a0ae-02e96d3eff58"
      },
      "log": {
        "_logger": {
          "category": "DurationEvent",
          "context": {},
          "callStackSkipIndex": 0
        },
        "_filelogger": {
          "category": "debug-file",
          "context": {},
          "callStackSkipIndex": 0
        },
        "anonymizeFileLogger": {
          "fileLogger": {
            "category": "debug-file",
            "context": {},
            "callStackSkipIndex": 0
          }
        }
      }
    },
    {
      "head": {
        "id": "f1a60e09-1bd6-44e4-9344-0da8e8a5a1fb",
        "name": "add config dependencies",
        "description": "Add configuration dependencies.",
        "type": "duration"
      },
      "body": {
        "pid": 9272,
        "tid": "Main Thread",
        "startTime": 43858365519400,
        "endTime": 43858398614900
      },
      "additional": {
        "children": [],
        "state": "success",
        "targetName": "",
        "moduleName": "",
        "category": "",
        "taskRunReasons": [],
        "parent": "f8778e1b-695f-4550-a26d-c16fc2776311",
        "logId": "d9b1829d-db50-4743-8fe7-eca67cf3d0fc"
      },
      "log": {
        "_logger": {
          "category": "DurationEvent",
          "context": {},
          "callStackSkipIndex": 0
        },
        "_filelogger": {
          "category": "debug-file",
          "context": {},
          "callStackSkipIndex": 0
        },
        "anonymizeFileLogger": {
          "fileLogger": {
            "category": "debug-file",
            "context": {},
            "callStackSkipIndex": 0
          }
        }
      }
    },
    {
      "head": {
        "id": "9377e08d-3429-416b-b5a6-96e07fbf6a49",
        "name": "ohpm install",
        "description": "Ohpm install event.",
        "type": "duration"
      },
      "body": {
        "pid": 9272,
        "tid": "Main Thread",
        "startTime": 43858401571700,
        "endTime": 43858414054100
      },
      "additional": {
        "children": [],
        "state": "success",
        "targetName": "",
        "moduleName": "",
        "category": "",
        "taskRunReasons": [],
        "parent": "f8778e1b-695f-4550-a26d-c16fc2776311",
        "logId": "d326519d-3ee3-4f93-86b1-40ead33e92c9"
      },
      "log": {
        "_logger": {
          "category": "DurationEvent",
          "context": {},
          "callStackSkipIndex": 0
        },
        "_filelogger": {
          "category": "debug-file",
          "context": {},
          "callStackSkipIndex": 0
        },
        "anonymizeFileLogger": {
          "fileLogger": {
            "category": "debug-file",
            "context": {},
            "callStackSkipIndex": 0
          }
        }
      }
    },
    {
      "head": {
        "id": "66505a36-56d8-4fea-8af3-b3059ed3a4e7",
        "name": "eval hook",
        "description": "EvaluateEvent hook.",
        "type": "duration"
      },
      "body": {
        "pid": 9272,
        "tid": "Main Thread",
        "startTime": 43858414093300,
        "endTime": 43858501313600
      },
      "additional": {
        "children": [],
        "state": "success",
        "targetName": "",
        "moduleName": "",
        "category": "",
        "taskRunReasons": [],
        "parent": "f8778e1b-695f-4550-a26d-c16fc2776311",
        "logId": "7f5d45f0-05b9-4ea9-9594-5d68adb458ca"
      },
      "log": {
        "_logger": {
          "category": "DurationEvent",
          "context": {},
          "callStackSkipIndex": 0
        },
        "_filelogger": {
          "category": "debug-file",
          "context": {},
          "callStackSkipIndex": 0
        },
        "anonymizeFileLogger": {
          "fileLogger": {
            "category": "debug-file",
            "context": {},
            "callStackSkipIndex": 0
          }
        }
      }
    },
    {
      "head": {
        "id": "c0987690-d9c2-4fa3-8ca5-ec0454e81ca5",
        "name": "fin configuration",
        "description": "Finish configuration.",
        "type": "duration"
      },
      "body": {
        "pid": 9272,
        "tid": "Main Thread",
        "startTime": 43858501380100,
        "endTime": 43858503929900
      },
      "additional": {
        "children": [],
        "state": "success",
        "targetName": "",
        "moduleName": "",
        "category": "",
        "taskRunReasons": [],
        "parent": "f8778e1b-695f-4550-a26d-c16fc2776311",
        "logId": "4124dba2-a2f6-4ae8-8d2c-43810d368a99"
      },
      "log": {
        "_logger": {
          "category": "DurationEvent",
          "context": {},
          "callStackSkipIndex": 0
        },
        "_filelogger": {
          "category": "debug-file",
          "context": {},
          "callStackSkipIndex": 0
        },
        "anonymizeFileLogger": {
          "fileLogger": {
            "category": "debug-file",
            "context": {},
            "callStackSkipIndex": 0
          }
        }
      }
    },
    {
      "head": {
        "id": "538ad5bb-cf3a-47d1-a0f4-c7be5163f927",
        "name": "init configuration",
        "description": "",
        "type": "log"
      },
      "body": {
        "pid": 9272,
        "tid": "Main Thread",
        "startTime": 43855850513500,
        "endTime": 43855850566000
      },
      "additional": {
        "logType": "info",
        "children": [],
        "durationId": "36a0211f-6aa0-4674-963a-f343e5e599b3",
        "parent": "c2e09376-5fd0-46f2-bfd0-7cd6f393274c"
      }
    },
    {
      "head": {
        "id": "4295162c-d490-46b9-ab37-c3fade805da7",
        "name": "configure project task",
        "description": "",
        "type": "log"
      },
      "body": {
        "pid": 9272,
        "tid": "Main Thread",
        "startTime": 43855850608000,
        "endTime": 43855851901000
      },
      "additional": {
        "logType": "info",
        "children": [],
        "durationId": "7976bfaa-e542-4d45-8951-7335b90401c6",
        "parent": "c2e09376-5fd0-46f2-bfd0-7cd6f393274c"
      }
    },
    {
      "head": {
        "id": "d9f2839e-d034-4859-99e9-fc32126466bf",
        "name": "\"beforeNodeEvaluate\" hook function",
        "description": "",
        "type": "duration"
      },
      "body": {
        "pid": 9272,
        "tid": "Main Thread",
        "startTime": 43855852233200,
        "endTime": 43855852274200
      },
      "additional": {
        "children": [],
        "state": "success",
        "targetName": "",
        "moduleName": "",
        "category": "",
        "taskRunReasons": [],
        "parent": "3e9c9e15-5664-4bdc-984f-0b19b161d6d7",
        "logId": "c34d6fd4-0243-4b87-b3e6-bc608213792d"
      },
      "log": {
        "_logger": {
          "category": "DurationEvent",
          "context": {},
          "callStackSkipIndex": 0
        },
        "_filelogger": {
          "category": "debug-file",
          "context": {},
          "callStackSkipIndex": 0
        },
        "anonymizeFileLogger": {
          "fileLogger": {
            "category": "debug-file",
            "context": {},
            "callStackSkipIndex": 0
          }
        }
      }
    },
    {
      "head": {
        "id": "c34d6fd4-0243-4b87-b3e6-bc608213792d",
        "name": "\"beforeNodeEvaluate\" hook function",
        "description": "",
        "type": "log"
      },
      "body": {
        "pid": 9272,
        "tid": "Main Thread",
        "startTime": 43855852233200,
        "endTime": 43855852274200
      },
      "additional": {
        "logType": "info",
        "children": [],
        "durationId": "d9f2839e-d034-4859-99e9-fc32126466bf",
        "parent": "004b853a-5407-4c73-85bd-8965516e5456"
      }
    },
    {
      "head": {
        "id": "48e3f493-1a97-45ed-abf2-53767fd77382",
        "name": "eval hvigorfile",
        "description": "Evaluate hvigorfile.",
        "type": "duration"
      },
      "body": {
        "pid": 9272,
        "tid": "Main Thread",
        "startTime": 43855852677700,
        "endTime": 43858323360500
      },
      "additional": {
        "children": [
          "85aa0b67-b101-4472-8d30-41f7e26774db",
          "1b8008b5-0b3d-4a45-b2e2-c1689359af3b"
        ],
        "state": "success",
        "targetName": "",
        "moduleName": "",
        "category": "",
        "taskRunReasons": [],
        "parent": "3e9c9e15-5664-4bdc-984f-0b19b161d6d7",
        "logId": "662d2cc2-5c99-4b1e-a8e6-5f5298c94895"
      },
      "log": {
        "_logger": {
          "category": "DurationEvent",
          "context": {},
          "callStackSkipIndex": 0
        },
        "_filelogger": {
          "category": "debug-file",
          "context": {},
          "callStackSkipIndex": 0
        },
        "anonymizeFileLogger": {
          "fileLogger": {
            "category": "debug-file",
            "context": {},
            "callStackSkipIndex": 0
          }
        }
      }
    },
    {
      "head": {
        "id": "85aa0b67-b101-4472-8d30-41f7e26774db",
        "name": "require hvigorfile",
        "description": "Require hvigorfile.",
        "type": "duration"
      },
      "body": {
        "pid": 9272,
        "tid": "Main Thread",
        "startTime": 43855852678500,
        "endTime": 43857951755600
      },
      "additional": {
        "children": [],
        "state": "success",
        "targetName": "",
        "moduleName": "",
        "category": "",
        "taskRunReasons": [],
        "parent": "48e3f493-1a97-45ed-abf2-53767fd77382",
        "logId": "0f519ff7-8b85-420e-a2d2-4e32f406d47f"
      },
      "log": {
        "_logger": {
          "category": "DurationEvent",
          "context": {},
          "callStackSkipIndex": 0
        },
        "_filelogger": {
          "category": "debug-file",
          "context": {},
          "callStackSkipIndex": 0
        },
        "anonymizeFileLogger": {
          "fileLogger": {
            "category": "debug-file",
            "context": {},
            "callStackSkipIndex": 0
          }
        }
      }
    },
    {
      "head": {
        "id": "1b8008b5-0b3d-4a45-b2e2-c1689359af3b",
        "name": "bind plugins",
        "description": "Bind plugins.",
        "type": "duration"
      },
      "body": {
        "pid": 9272,
        "tid": "Main Thread",
        "startTime": 43857951877700,
        "endTime": 43858323341900
      },
      "additional": {
        "children": [],
        "state": "success",
        "targetName": "",
        "moduleName": "",
        "category": "",
        "taskRunReasons": [],
        "parent": "48e3f493-1a97-45ed-abf2-53767fd77382",
        "logId": "1a414bd2-108f-47ea-a2e9-298ea7b9d981"
      },
      "log": {
        "_logger": {
          "category": "DurationEvent",
          "context": {},
          "callStackSkipIndex": 0
        },
        "_filelogger": {
          "category": "debug-file",
          "context": {},
          "callStackSkipIndex": 0
        },
        "anonymizeFileLogger": {
          "fileLogger": {
            "category": "debug-file",
            "context": {},
            "callStackSkipIndex": 0
          }
        }
      }
    },
    {
      "head": {
        "id": "7b20e206-45a6-40ac-877a-2383f8223b98",
        "name": "hvigorfile, resolving F:\\DevEcoStudioProject\\ui_project\\hvigorfile.ts",
        "description": "",
        "type": "log"
      },
      "body": {
        "pid": 9272,
        "tid": "Main Thread",
        "startTime": 43855852684800
      },
      "additional": {
        "logType": "debug",
        "children": []
      }
    },
    {
      "head": {
        "id": "d51edf9e-91b7-4567-ad1a-26e3f69fdaf2",
        "name": "hvigorfile, require result:  { default: { system: [Function: appTasks], plugins: [] } }",
        "description": "",
        "type": "log"
      },
      "body": {
        "pid": 9272,
        "tid": "Main Thread",
        "startTime": 43857951589300
      },
      "additional": {
        "logType": "debug",
        "children": []
      }
    },
    {
      "head": {
        "id": "0f519ff7-8b85-420e-a2d2-4e32f406d47f",
        "name": "require hvigorfile",
        "description": "",
        "type": "log"
      },
      "body": {
        "pid": 9272,
        "tid": "Main Thread",
        "startTime": 43855852678500,
        "endTime": 43857951755600
      },
      "additional": {
        "logType": "info",
        "children": [],
        "durationId": "85aa0b67-b101-4472-8d30-41f7e26774db",
        "parent": "662d2cc2-5c99-4b1e-a8e6-5f5298c94895"
      }
    },
    {
      "head": {
        "id": "32c5bdbc-0af2-42cf-97e1-48dff19e18ff",
        "name": "hvigorfile, binding system plugins [Function: appTasks]",
        "description": "",
        "type": "log"
      },
      "body": {
        "pid": 9272,
        "tid": "Main Thread",
        "startTime": 43857952040800
      },
      "additional": {
        "logType": "debug",
        "children": []
      }
    },
    {
      "head": {
        "id": "ac647a0d-bf71-45f4-ad4c-cc8188141a7d",
        "name": "Start initialize project's product build option map with build mode debug.",
        "description": "",
        "type": "log"
      },
      "body": {
        "pid": 9272,
        "tid": "Main Thread",
        "startTime": 43858255354200
      },
      "additional": {
        "logType": "debug",
        "children": []
      }
    },
    {
      "head": {
        "id": "27472493-8651-4364-8770-09db71fb1ce8",
        "name": "Picking option from product 'default' with build mode 'debug'.",
        "description": "",
        "type": "log"
      },
      "body": {
        "pid": 9272,
        "tid": "Main Thread",
        "startTime": 43858255626900
      },
      "additional": {
        "logType": "debug",
        "children": []
      }
    },
    {
      "head": {
        "id": "586d27b9-02c8-43f6-9dd5-187c92baea9d",
        "name": "Product 'default' build option initialized",
        "description": "",
        "type": "log"
      },
      "body": {
        "pid": 9272,
        "tid": "Main Thread",
        "startTime": 43858256244700
      },
      "additional": {
        "logType": "debug",
        "children": []
      }
    },
    {
      "head": {
        "id": "66d4d0a5-1f52-4cca-859f-322dde241bad",
        "name": "End initialize project's product build option map with build mode 'debug'.",
        "description": "",
        "type": "log"
      },
      "body": {
        "pid": 9272,
        "tid": "Main Thread",
        "startTime": 43858256532500
      },
      "additional": {
        "logType": "debug",
        "children": []
      }
    },
    {
      "head": {
        "id": "7a171005-a19b-4fd6-ba8c-51a6c4f1396a",
        "name": "Obtain build option for product 'default'in this build.",
        "description": "",
        "type": "log"
      },
      "body": {
        "pid": 9272,
        "tid": "Main Thread",
        "startTime": 43858258845300
      },
      "additional": {
        "logType": "debug",
        "children": []
      }
    },
    {
      "head": {
        "id": "fadfe166-c702-4341-9864-ea196f798897",
        "name": "No signingConfig found, initRemoteHspCache failed.",
        "description": "",
        "type": "log"
      },
      "body": {
        "pid": 9272,
        "tid": "Main Thread",
        "startTime": 43858268375500
      },
      "additional": {
        "logType": "debug",
        "children": []
      }
    },
    {
      "head": {
        "id": "3bd3964a-7c59-4c44-bc19-2939b390e391",
        "name": "harmonyOS sdk scan",
        "description": "HarmonyOS sdk scan",
        "type": "duration"
      },
      "body": {
        "pid": 9272,
        "tid": "Main Thread",
        "startTime": 43858271219100,
        "endTime": 43858279516600
      },
      "additional": {
        "children": [],
        "state": "success",
        "targetName": "",
        "moduleName": "",
        "category": "Other",
        "taskRunReasons": []
      },
      "log": {
        "_logger": {
          "category": "DurationEvent",
          "context": {},
          "callStackSkipIndex": 0
        },
        "_filelogger": {
          "category": "debug-file",
          "context": {},
          "callStackSkipIndex": 0
        },
        "anonymizeFileLogger": {
          "fileLogger": {
            "category": "debug-file",
            "context": {},
            "callStackSkipIndex": 0
          }
        }
      }
    },
    {
      "head": {
        "id": "d3aa6fc2-17b4-4706-b3b9-e54aea4a442d",
        "name": "Local scan or download HarmonyOS sdk components toolchains,ets,js,native,previewer",
        "description": "",
        "type": "log"
      },
      "body": {
        "pid": 9272,
        "tid": "Main Thread",
        "startTime": 43858271254200
      },
      "additional": {
        "logType": "debug",
        "children": []
      }
    },
    {
      "head": {
        "id": "49c2b547-c7c3-4a85-b704-e4caad5f28cc",
        "name": "hmscore sdk scan",
        "description": "Hmscore sdk scan",
        "type": "duration"
      },
      "body": {
        "pid": 9272,
        "tid": "Main Thread",
        "startTime": 43858279935500,
        "endTime": 43858280986400
      },
      "additional": {
        "children": [],
        "state": "success",
        "targetName": "",
        "moduleName": "",
        "category": "Other",
        "taskRunReasons": []
      },
      "log": {
        "_logger": {
          "category": "DurationEvent",
          "context": {},
          "callStackSkipIndex": 0
        },
        "_filelogger": {
          "category": "debug-file",
          "context": {},
          "callStackSkipIndex": 0
        },
        "anonymizeFileLogger": {
          "fileLogger": {
            "category": "debug-file",
            "context": {},
            "callStackSkipIndex": 0
          }
        }
      }
    },
    {
      "head": {
        "id": "31c8eb18-d7a0-463c-8ae3-82b800f7591b",
        "name": "Local scan or download hmscore sdk components toolchains,ets,native",
        "description": "",
        "type": "log"
      },
      "body": {
        "pid": 9272,
        "tid": "Main Thread",
        "startTime": 43858279953600
      },
      "additional": {
        "logType": "debug",
        "children": []
      }
    },
    {
      "head": {
        "id": "59eedc20-3285-4f0a-95ba-5bc4fd7f9bfd",
        "name": "Start recording SDK configuration permission data.",
        "description": "",
        "type": "log"
      },
      "body": {
        "pid": 9272,
        "tid": "Main Thread",
        "startTime": 43858282722000
      },
      "additional": {
        "logType": "debug",
        "children": []
      }
    },
    {
      "head": {
        "id": "e2d7d87d-c5a0-430a-af7f-24f59519e959",
        "name": "Sdk init in 47 ms ",
        "description": "",
        "type": "log"
      },
      "body": {
        "pid": 9272,
        "tid": "Main Thread",
        "startTime": 43858316283700
      },
      "additional": {
        "logType": "debug",
        "children": []
      }
    },
    {
      "head": {
        "id": "6e84d022-b611-4b3f-8972-39f35968ab6d",
        "name": "sdkVersion",
        "description": "5.1.1.208",
        "type": "mark"
      },
      "body": {
        "pid": 9272,
        "tid": "Main Thread",
        "startTime": 43858316731700
      },
      "additional": {
        "time": {
          "year": 2025,
          "month": 9,
          "day": 29,
          "hour": 9,
          "minute": 53,
          "second": 43
        },
        "markType": "other"
      }
    },
    {
      "head": {
        "id": "c92c9b23-5c53-408d-a49e-cbb5756aaad4",
        "name": "caseSensitiveCheckOn",
        "description": "caseSensitiveCheck check is on",
        "type": "mark"
      },
      "body": {
        "pid": 9272,
        "tid": "Main Thread",
        "startTime": 43858316983500
      },
      "additional": {
        "time": {
          "year": 2025,
          "month": 9,
          "day": 29,
          "hour": 9,
          "minute": 53,
          "second": 43
        },
        "markType": "other"
      }
    },
    {
      "head": {
        "id": "51e3abc8-8679-48e8-ab8f-948dab7fdce1",
        "name": "Project task initialization takes 5 ms ",
        "description": "",
        "type": "log"
      },
      "body": {
        "pid": 9272,
        "tid": "Main Thread",
        "startTime": 43858322721700
      },
      "additional": {
        "logType": "debug",
        "children": []
      }
    },
    {
      "head": {
        "id": "dbfac6b5-3286-421d-b6f0-1f9ba1bc20bd",
        "name": "hvigorfile, binding custom plugins []",
        "description": "",
        "type": "log"
      },
      "body": {
        "pid": 9272,
        "tid": "Main Thread",
        "startTime": 43858323115300
      },
      "additional": {
        "logType": "debug",
        "children": []
      }
    },
    {
      "head": {
        "id": "2132a27d-d883-4984-a937-d3a3231a85bb",
        "name": "hvigorfile, no custom plugins were found in F:\\DevEcoStudioProject\\ui_project\\hvigorfile.ts",
        "description": "",
        "type": "log"
      },
      "body": {
        "pid": 9272,
        "tid": "Main Thread",
        "startTime": 43858323204400
      },
      "additional": {
        "logType": "debug",
        "children": []
      }
    },
    {
      "head": {
        "id": "9b95a2bd-1724-4af4-9a03-a220159b2d18",
        "name": "hvigorfile, resolve finished F:\\DevEcoStudioProject\\ui_project\\hvigorfile.ts",
        "description": "",
        "type": "log"
      },
      "body": {
        "pid": 9272,
        "tid": "Main Thread",
        "startTime": 43858323265100
      },
      "additional": {
        "logType": "debug",
        "children": []
      }
    },
    {
      "head": {
        "id": "1a414bd2-108f-47ea-a2e9-298ea7b9d981",
        "name": "bind plugins",
        "description": "",
        "type": "log"
      },
      "body": {
        "pid": 9272,
        "tid": "Main Thread",
        "startTime": 43857951877700,
        "endTime": 43858323341900
      },
      "additional": {
        "logType": "info",
        "children": [],
        "durationId": "1b8008b5-0b3d-4a45-b2e2-c1689359af3b",
        "parent": "662d2cc2-5c99-4b1e-a8e6-5f5298c94895"
      }
    },
    {
      "head": {
        "id": "662d2cc2-5c99-4b1e-a8e6-5f5298c94895",
        "name": "eval hvigorfile",
        "description": "",
        "type": "log"
      },
      "body": {
        "pid": 9272,
        "tid": "Main Thread",
        "startTime": 43855852677700,
        "endTime": 43858323360500
      },
      "additional": {
        "logType": "info",
        "children": [
          "0f519ff7-8b85-420e-a2d2-4e32f406d47f",
          "1a414bd2-108f-47ea-a2e9-298ea7b9d981"
        ],
        "durationId": "48e3f493-1a97-45ed-abf2-53767fd77382",
        "parent": "004b853a-5407-4c73-85bd-8965516e5456"
      }
    },
    {
      "head": {
        "id": "49fe635e-347e-43c6-9c7f-b7b6721ecd92",
        "name": "\"afterNodeEvaluate\" hook function",
        "description": "",
        "type": "duration"
      },
      "body": {
        "pid": 9272,
        "tid": "Main Thread",
        "startTime": 43858323486600,
        "endTime": 43858323520900
      },
      "additional": {
        "children": [],
        "state": "success",
        "targetName": "",
        "moduleName": "",
        "category": "",
        "taskRunReasons": [],
        "parent": "3e9c9e15-5664-4bdc-984f-0b19b161d6d7",
        "logId": "cb7cf3b6-5d0f-44e3-a30c-1fc3a228c3d7"
      },
      "log": {
        "_logger": {
          "category": "DurationEvent",
          "context": {},
          "callStackSkipIndex": 0
        },
        "_filelogger": {
          "category": "debug-file",
          "context": {},
          "callStackSkipIndex": 0
        },
        "anonymizeFileLogger": {
          "fileLogger": {
            "category": "debug-file",
            "context": {},
            "callStackSkipIndex": 0
          }
        }
      }
    },
    {
      "head": {
        "id": "cb7cf3b6-5d0f-44e3-a30c-1fc3a228c3d7",
        "name": "\"afterNodeEvaluate\" hook function",
        "description": "",
        "type": "log"
      },
      "body": {
        "pid": 9272,
        "tid": "Main Thread",
        "startTime": 43858323486600,
        "endTime": 43858323520900
      },
      "additional": {
        "logType": "info",
        "children": [],
        "durationId": "49fe635e-347e-43c6-9c7f-b7b6721ecd92",
        "parent": "004b853a-5407-4c73-85bd-8965516e5456"
      }
    },
    {
      "head": {
        "id": "004b853a-5407-4c73-85bd-8965516e5456",
        "name": "eval project",
        "description": "",
        "type": "log"
      },
      "body": {
        "pid": 9272,
        "tid": "Main Thread",
        "startTime": 43855852023700,
        "endTime": 43858323540000
      },
      "additional": {
        "logType": "info",
        "children": [
          "c34d6fd4-0243-4b87-b3e6-bc608213792d",
          "662d2cc2-5c99-4b1e-a8e6-5f5298c94895",
          "cb7cf3b6-5d0f-44e3-a30c-1fc3a228c3d7"
        ],
        "durationId": "3e9c9e15-5664-4bdc-984f-0b19b161d6d7",
        "parent": "c2e09376-5fd0-46f2-bfd0-7cd6f393274c"
      }
    },
    {
      "head": {
        "id": "039a02a9-f493-45a0-aec5-98d73979e898",
        "name": "eval submodule",
        "description": "Evaluate submodule.",
        "type": "duration"
      },
      "body": {
        "pid": 9272,
        "tid": "Main Thread",
        "startTime": 43858323849800,
        "endTime": 43858365398600
      },
      "additional": {
        "children": [
          "466d3d78-d7fa-4f85-a1aa-78b7c31b0621",
          "f157934c-a3a9-4e4b-b98d-49978341eac3",
          "9f5ec2f1-908f-452e-b4cf-85aa9456bc73"
        ],
        "state": "success",
        "targetName": "",
        "moduleName": "",
        "category": "",
        "taskRunReasons": [],
        "parent": "ea64041c-87ab-4c24-96f8-96b316a40577",
        "logId": "1769b065-8b39-4a7d-9a0a-24deeb8a26aa"
      },
      "log": {
        "_logger": {
          "category": "DurationEvent",
          "context": {},
          "callStackSkipIndex": 0
        },
        "_filelogger": {
          "category": "debug-file",
          "context": {},
          "callStackSkipIndex": 0
        },
        "anonymizeFileLogger": {
          "fileLogger": {
            "category": "debug-file",
            "context": {},
            "callStackSkipIndex": 0
          }
        }
      }
    },
    {
      "head": {
        "id": "466d3d78-d7fa-4f85-a1aa-78b7c31b0621",
        "name": "\"beforeNodeEvaluate\" hook function",
        "description": "",
        "type": "duration"
      },
      "body": {
        "pid": 9272,
        "tid": "Main Thread",
        "startTime": 43858323984000,
        "endTime": 43858323998700
      },
      "additional": {
        "children": [],
        "state": "success",
        "targetName": "",
        "moduleName": "",
        "category": "",
        "taskRunReasons": [],
        "parent": "039a02a9-f493-45a0-aec5-98d73979e898",
        "logId": "d01cf9c3-67c9-4cda-9600-634cfe49e016"
      },
      "log": {
        "_logger": {
          "category": "DurationEvent",
          "context": {},
          "callStackSkipIndex": 0
        },
        "_filelogger": {
          "category": "debug-file",
          "context": {},
          "callStackSkipIndex": 0
        },
        "anonymizeFileLogger": {
          "fileLogger": {
            "category": "debug-file",
            "context": {},
            "callStackSkipIndex": 0
          }
        }
      }
    },
    {
      "head": {
        "id": "d01cf9c3-67c9-4cda-9600-634cfe49e016",
        "name": "\"beforeNodeEvaluate\" hook function",
        "description": "",
        "type": "log"
      },
      "body": {
        "pid": 9272,
        "tid": "Main Thread",
        "startTime": 43858323984000,
        "endTime": 43858323998700
      },
      "additional": {
        "logType": "info",
        "children": [],
        "durationId": "466d3d78-d7fa-4f85-a1aa-78b7c31b0621",
        "parent": "1769b065-8b39-4a7d-9a0a-24deeb8a26aa"
      }
    },
    {
      "head": {
        "id": "f157934c-a3a9-4e4b-b98d-49978341eac3",
        "name": "eval hvigorfile",
        "description": "Evaluate hvigorfile.",
        "type": "duration"
      },
      "body": {
        "pid": 9272,
        "tid": "Main Thread",
        "startTime": 43858324143000,
        "endTime": 43858364881700
      },
      "additional": {
        "children": [
          "e606dee5-aa19-4a0c-b6a6-e0bab98e7326",
          "88b54e4c-663b-4112-9b88-b98e08e8a5f3"
        ],
        "state": "success",
        "targetName": "",
        "moduleName": "",
        "category": "",
        "taskRunReasons": [],
        "parent": "039a02a9-f493-45a0-aec5-98d73979e898",
        "logId": "9d8ce804-04db-446d-b9bc-feab8fb547e2"
      },
      "log": {
        "_logger": {
          "category": "DurationEvent",
          "context": {},
          "callStackSkipIndex": 0
        },
        "_filelogger": {
          "category": "debug-file",
          "context": {},
          "callStackSkipIndex": 0
        },
        "anonymizeFileLogger": {
          "fileLogger": {
            "category": "debug-file",
            "context": {},
            "callStackSkipIndex": 0
          }
        }
      }
    },
    {
      "head": {
        "id": "e606dee5-aa19-4a0c-b6a6-e0bab98e7326",
        "name": "require hvigorfile",
        "description": "Require hvigorfile.",
        "type": "duration"
      },
      "body": {
        "pid": 9272,
        "tid": "Main Thread",
        "startTime": 43858324143500,
        "endTime": 43858330308900
      },
      "additional": {
        "children": [],
        "state": "success",
        "targetName": "",
        "moduleName": "",
        "category": "",
        "taskRunReasons": [],
        "parent": "f157934c-a3a9-4e4b-b98d-49978341eac3",
        "logId": "eb72f7bc-f783-4de6-a049-3486aa8c34b9"
      },
      "log": {
        "_logger": {
          "category": "DurationEvent",
          "context": {},
          "callStackSkipIndex": 0
        },
        "_filelogger": {
          "category": "debug-file",
          "context": {},
          "callStackSkipIndex": 0
        },
        "anonymizeFileLogger": {
          "fileLogger": {
            "category": "debug-file",
            "context": {},
            "callStackSkipIndex": 0
          }
        }
      }
    },
    {
      "head": {
        "id": "88b54e4c-663b-4112-9b88-b98e08e8a5f3",
        "name": "bind plugins",
        "description": "Bind plugins.",
        "type": "duration"
      },
      "body": {
        "pid": 9272,
        "tid": "Main Thread",
        "startTime": 43858330323500,
        "endTime": 43858364853200
      },
      "additional": {
        "children": [],
        "state": "success",
        "targetName": "",
        "moduleName": "",
        "category": "",
        "taskRunReasons": [],
        "parent": "f157934c-a3a9-4e4b-b98d-49978341eac3",
        "logId": "58fdaedd-0e8d-4caa-8032-7999dde208ce"
      },
      "log": {
        "_logger": {
          "category": "DurationEvent",
          "context": {},
          "callStackSkipIndex": 0
        },
        "_filelogger": {
          "category": "debug-file",
          "context": {},
          "callStackSkipIndex": 0
        },
        "anonymizeFileLogger": {
          "fileLogger": {
            "category": "debug-file",
            "context": {},
            "callStackSkipIndex": 0
          }
        }
      }
    },
    {
      "head": {
        "id": "078713d4-8b2b-40d3-b584-15a02e106f05",
        "name": "hvigorfile, resolving F:\\DevEcoStudioProject\\ui_project\\entry\\hvigorfile.ts",
        "description": "",
        "type": "log"
      },
      "body": {
        "pid": 9272,
        "tid": "Main Thread",
        "startTime": 43858324146200
      },
      "additional": {
        "logType": "debug",
        "children": []
      }
    },
    {
      "head": {
        "id": "96adb0fb-d3ae-4697-b974-74ab66f476a3",
        "name": "hvigorfile, require result:  { default: { system: [Function: hapTasks], plugins: [] } }",
        "description": "",
        "type": "log"
      },
      "body": {
        "pid": 9272,
        "tid": "Main Thread",
        "startTime": 43858330180900
      },
      "additional": {
        "logType": "debug",
        "children": []
      }
    },
    {
      "head": {
        "id": "eb72f7bc-f783-4de6-a049-3486aa8c34b9",
        "name": "require hvigorfile",
        "description": "",
        "type": "log"
      },
      "body": {
        "pid": 9272,
        "tid": "Main Thread",
        "startTime": 43858324143500,
        "endTime": 43858330308900
      },
      "additional": {
        "logType": "info",
        "children": [],
        "durationId": "e606dee5-aa19-4a0c-b6a6-e0bab98e7326",
        "parent": "9d8ce804-04db-446d-b9bc-feab8fb547e2"
      }
    },
    {
      "head": {
        "id": "8792af4c-bb96-4f28-9e11-08ddc1f52605",
        "name": "hvigorfile, binding system plugins [Function: hapTasks]",
        "description": "",
        "type": "log"
      },
      "body": {
        "pid": 9272,
        "tid": "Main Thread",
        "startTime": 43858330435700
      },
      "additional": {
        "logType": "debug",
        "children": []
      }
    },
    {
      "head": {
        "id": "a39be2e6-1441-4ff1-8c3d-89b2f36d4d2d",
        "name": "failed to load cangjie to dynamically generate schemas: Error: Cannot find module '@ohos/cangjie-build-support/index'\nRequire stack:\n- F:\\deveco5.1.1\\DevEco Studio\\tools\\hvigor\\hvigor-ohos-plugin\\src\\plugin\\factory\\plugin-factory.js\n- F:\\deveco5.1.1\\DevEco Studio\\tools\\hvigor\\hvigor-ohos-plugin\\index.js\n- F:\\DevEcoStudioProject\\ui_project\\hvigorfile.ts\n- F:\\deveco5.1.1\\DevEco Studio\\tools\\hvigor\\hvigor\\src\\base\\internal\\lifecycle\\configuration.js\n- F:\\deveco5.1.1\\DevEco Studio\\tools\\hvigor\\hvigor\\src\\base\\boot\\index.js\n- F:\\deveco5.1.1\\DevEco Studio\\tools\\hvigor\\hvigor\\src\\base\\daemon\\cluster\\worker-process-lifecycle.js\n- F:\\deveco5.1.1\\DevEco Studio\\tools\\hvigor\\hvigor\\src\\base\\daemon\\process\\daemon-process-boot-script.js",
        "description": "",
        "type": "log"
      },
      "body": {
        "pid": 9272,
        "tid": "Main Thread",
        "startTime": 43858331520500
      },
      "additional": {
        "logType": "debug",
        "children": []
      }
    },
    {
      "head": {
        "id": "28679291-bca7-45d5-b60b-182ddbcc3bb9",
        "name": "Start initialize module-target build option map, moduleName=entry, buildMode=debug",
        "description": "",
        "type": "log"
      },
      "body": {
        "pid": 9272,
        "tid": "Main Thread",
        "startTime": 43858350458500
      },
      "additional": {
        "logType": "debug",
        "children": []
      }
    },
    {
      "head": {
        "id": "cd4fdfb8-5daa-414b-b0ca-92e2f7b2ce39",
        "name": "Target 'default' config initialized",
        "description": "",
        "type": "log"
      },
      "body": {
        "pid": 9272,
        "tid": "Main Thread",
        "startTime": 43858351006900
      },
      "additional": {
        "logType": "debug",
        "children": []
      }
    },
    {
      "head": {
        "id": "56c6f526-0895-4d1d-afb7-849d3385d041",
        "name": "Target 'ohosTest' config initialized",
        "description": "",
        "type": "log"
      },
      "body": {
        "pid": 9272,
        "tid": "Main Thread",
        "startTime": 43858351730000
      },
      "additional": {
        "logType": "debug",
        "children": []
      }
    },
    {
      "head": {
        "id": "2dd2cb37-a21f-4e27-9236-cb48f43cc386",
        "name": "Module 'entry' target 'default' build option initialized",
        "description": "",
        "type": "log"
      },
      "body": {
        "pid": 9272,
        "tid": "Main Thread",
        "startTime": 43858352132900
      },
      "additional": {
        "logType": "debug",
        "children": []
      }
    },
    {
      "head": {
        "id": "99216ead-92a6-441d-9100-75b52df1e781",
        "name": "Module 'entry' target 'ohosTest' build option initialized",
        "description": "",
        "type": "log"
      },
      "body": {
        "pid": 9272,
        "tid": "Main Thread",
        "startTime": 43858352227400
      },
      "additional": {
        "logType": "debug",
        "children": []
      }
    },
    {
      "head": {
        "id": "580a81e7-a8f1-41dd-ab97-b5e08c989695",
        "name": "End initialize module-target build option map, moduleName=entry",
        "description": "",
        "type": "log"
      },
      "body": {
        "pid": 9272,
        "tid": "Main Thread",
        "startTime": 43858352286100
      },
      "additional": {
        "logType": "debug",
        "children": []
      }
    },
    {
      "head": {
        "id": "39810cf2-b986-42bc-a349-f6d52cd7e493",
        "name": "Start initialize module-target build option map, moduleName=entry, buildMode=release",
        "description": "",
        "type": "log"
      },
      "body": {
        "pid": 9272,
        "tid": "Main Thread",
        "startTime": 43858352396000
      },
      "additional": {
        "logType": "debug",
        "children": []
      }
    },
    {
      "head": {
        "id": "39579212-0e96-47a9-894e-de62874accdc",
        "name": "Target 'default' config initialized",
        "description": "",
        "type": "log"
      },
      "body": {
        "pid": 9272,
        "tid": "Main Thread",
        "startTime": 43858352498400
      },
      "additional": {
        "logType": "debug",
        "children": []
      }
    },
    {
      "head": {
        "id": "afec0e9e-89dc-49ff-a76e-ff894e8038af",
        "name": "Target 'ohosTest' config initialized",
        "description": "",
        "type": "log"
      },
      "body": {
        "pid": 9272,
        "tid": "Main Thread",
        "startTime": 43858353013200
      },
      "additional": {
        "logType": "debug",
        "children": []
      }
    },
    {
      "head": {
        "id": "426f19c6-d216-4765-b4b9-6b10d146e091",
        "name": "Module 'entry' target 'default' build option initialized",
        "description": "",
        "type": "log"
      },
      "body": {
        "pid": 9272,
        "tid": "Main Thread",
        "startTime": 43858353202700
      },
      "additional": {
        "logType": "debug",
        "children": []
      }
    },
    {
      "head": {
        "id": "efe8e3ab-a1fb-43b0-9fcb-d8b291578258",
        "name": "Module 'entry' target 'ohosTest' build option initialized",
        "description": "",
        "type": "log"
      },
      "body": {
        "pid": 9272,
        "tid": "Main Thread",
        "startTime": 43858353288300
      },
      "additional": {
        "logType": "debug",
        "children": []
      }
    },
    {
      "head": {
        "id": "ca58466f-199a-4a7b-8c87-d62839fc7b64",
        "name": "End initialize module-target build option map, moduleName=entry",
        "description": "",
        "type": "log"
      },
      "body": {
        "pid": 9272,
        "tid": "Main Thread",
        "startTime": 43858353347600
      },
      "additional": {
        "logType": "debug",
        "children": []
      }
    },
    {
      "head": {
        "id": "0ad24d15-e78b-4db8-8f33-eb757356d064",
        "name": "Start initialize module-target build option map, moduleName=entry, buildMode=debug",
        "description": "",
        "type": "log"
      },
      "body": {
        "pid": 9272,
        "tid": "Main Thread",
        "startTime": 43858353616400
      },
      "additional": {
        "logType": "debug",
        "children": []
      }
    },
    {
      "head": {
        "id": "9e63d6af-236f-407d-8f90-6398ea066fd4",
        "name": "Target 'default' config initialized",
        "description": "",
        "type": "log"
      },
      "body": {
        "pid": 9272,
        "tid": "Main Thread",
        "startTime": 43858353848700
      },
      "additional": {
        "logType": "debug",
        "children": []
      }
    },
    {
      "head": {
        "id": "e6be83de-630e-4f97-82d3-065c100dd2a9",
        "name": "Target 'ohosTest' config initialized",
        "description": "",
        "type": "log"
      },
      "body": {
        "pid": 9272,
        "tid": "Main Thread",
        "startTime": 43858354542900
      },
      "additional": {
        "logType": "debug",
        "children": []
      }
    },
    {
      "head": {
        "id": "8485c90b-fdf1-4d9c-b56a-e76ae307435d",
        "name": "Module 'entry' target 'default' build option initialized",
        "description": "",
        "type": "log"
      },
      "body": {
        "pid": 9272,
        "tid": "Main Thread",
        "startTime": 43858354787900
      },
      "additional": {
        "logType": "debug",
        "children": []
      }
    },
    {
      "head": {
        "id": "766010bc-9a13-45bf-b0e6-485eec73aa13",
        "name": "Module 'entry' target 'ohosTest' build option initialized",
        "description": "",
        "type": "log"
      },
      "body": {
        "pid": 9272,
        "tid": "Main Thread",
        "startTime": 43858354896600
      },
      "additional": {
        "logType": "debug",
        "children": []
      }
    },
    {
      "head": {
        "id": "5e4845e0-84d8-43ee-b7e5-1b119f101406",
        "name": "End initialize module-target build option map, moduleName=entry",
        "description": "",
        "type": "log"
      },
      "body": {
        "pid": 9272,
        "tid": "Main Thread",
        "startTime": 43858354959200
      },
      "additional": {
        "logType": "debug",
        "children": []
      }
    },
    {
      "head": {
        "id": "b9d625e3-3837-4f94-b55a-41b79106bc7c",
        "name": "Obtain build option for module 'entry' target 'default'in this build.",
        "description": "",
        "type": "log"
      },
      "body": {
        "pid": 9272,
        "tid": "Main Thread",
        "startTime": 43858355294000
      },
      "additional": {
        "logType": "debug",
        "children": []
      }
    },
    {
      "head": {
        "id": "b0800b5a-9b77-4665-a890-1513f374168c",
        "name": "Module entry task initialization takes 8 ms ",
        "description": "",
        "type": "log"
      },
      "body": {
        "pid": 9272,
        "tid": "Main Thread",
        "startTime": 43858364376500
      },
      "additional": {
        "logType": "debug",
        "children": []
      }
    },
    {
      "head": {
        "id": "ea53354c-cd21-4482-b6b3-37125f454649",
        "name": "hvigorfile, binding custom plugins []",
        "description": "",
        "type": "log"
      },
      "body": {
        "pid": 9272,
        "tid": "Main Thread",
        "startTime": 43858364597000
      },
      "additional": {
        "logType": "debug",
        "children": []
      }
    },
    {
      "head": {
        "id": "0238f4af-5513-4945-bfb6-a0f3efbed1b3",
        "name": "hvigorfile, no custom plugins were found in F:\\DevEcoStudioProject\\ui_project\\entry\\hvigorfile.ts",
        "description": "",
        "type": "log"
      },
      "body": {
        "pid": 9272,
        "tid": "Main Thread",
        "startTime": 43858364674900
      },
      "additional": {
        "logType": "debug",
        "children": []
      }
    },
    {
      "head": {
        "id": "565d751f-7f2e-467c-b05c-a7b463b0e331",
        "name": "hvigorfile, resolve finished F:\\DevEcoStudioProject\\ui_project\\entry\\hvigorfile.ts",
        "description": "",
        "type": "log"
      },
      "body": {
        "pid": 9272,
        "tid": "Main Thread",
        "startTime": 43858364731300
      },
      "additional": {
        "logType": "debug",
        "children": []
      }
    },
    {
      "head": {
        "id": "58fdaedd-0e8d-4caa-8032-7999dde208ce",
        "name": "bind plugins",
        "description": "",
        "type": "log"
      },
      "body": {
        "pid": 9272,
        "tid": "Main Thread",
        "startTime": 43858330323500,
        "endTime": 43858364853200
      },
      "additional": {
        "logType": "info",
        "children": [],
        "durationId": "88b54e4c-663b-4112-9b88-b98e08e8a5f3",
        "parent": "9d8ce804-04db-446d-b9bc-feab8fb547e2"
      }
    },
    {
      "head": {
        "id": "9d8ce804-04db-446d-b9bc-feab8fb547e2",
        "name": "eval hvigorfile",
        "description": "",
        "type": "log"
      },
      "body": {
        "pid": 9272,
        "tid": "Main Thread",
        "startTime": 43858324143000,
        "endTime": 43858364881700
      },
      "additional": {
        "logType": "info",
        "children": [
          "eb72f7bc-f783-4de6-a049-3486aa8c34b9",
          "58fdaedd-0e8d-4caa-8032-7999dde208ce"
        ],
        "durationId": "f157934c-a3a9-4e4b-b98d-49978341eac3",
        "parent": "1769b065-8b39-4a7d-9a0a-24deeb8a26aa"
      }
    },
    {
      "head": {
        "id": "9f5ec2f1-908f-452e-b4cf-85aa9456bc73",
        "name": "\"afterNodeEvaluate\" hook function",
        "description": "",
        "type": "duration"
      },
      "body": {
        "pid": 9272,
        "tid": "Main Thread",
        "startTime": 43858365376700,
        "endTime": 43858365385500
      },
      "additional": {
        "children": [],
        "state": "success",
        "targetName": "",
        "moduleName": "",
        "category": "",
        "taskRunReasons": [],
        "parent": "039a02a9-f493-45a0-aec5-98d73979e898",
        "logId": "f487332d-9520-4d3b-9210-f45a7d1fa378"
      },
      "log": {
        "_logger": {
          "category": "DurationEvent",
          "context": {},
          "callStackSkipIndex": 0
        },
        "_filelogger": {
          "category": "debug-file",
          "context": {},
          "callStackSkipIndex": 0
        },
        "anonymizeFileLogger": {
          "fileLogger": {
            "category": "debug-file",
            "context": {},
            "callStackSkipIndex": 0
          }
        }
      }
    },
    {
      "head": {
        "id": "f487332d-9520-4d3b-9210-f45a7d1fa378",
        "name": "\"afterNodeEvaluate\" hook function",
        "description": "",
        "type": "log"
      },
      "body": {
        "pid": 9272,
        "tid": "Main Thread",
        "startTime": 43858365376700,
        "endTime": 43858365385500
      },
      "additional": {
        "logType": "info",
        "children": [],
        "durationId": "9f5ec2f1-908f-452e-b4cf-85aa9456bc73",
        "parent": "1769b065-8b39-4a7d-9a0a-24deeb8a26aa"
      }
    },
    {
      "head": {
        "id": "1769b065-8b39-4a7d-9a0a-24deeb8a26aa",
        "name": "eval submodule",
        "description": "",
        "type": "log"
      },
      "body": {
        "pid": 9272,
        "tid": "Main Thread",
        "startTime": 43858323849800,
        "endTime": 43858365398600
      },
      "additional": {
        "logType": "info",
        "children": [
          "d01cf9c3-67c9-4cda-9600-634cfe49e016",
          "9d8ce804-04db-446d-b9bc-feab8fb547e2",
          "f487332d-9520-4d3b-9210-f45a7d1fa378"
        ],
        "durationId": "039a02a9-f493-45a0-aec5-98d73979e898",
        "parent": "5d03c44d-a59d-4ad1-a0ae-02e96d3eff58"
      }
    },
    {
      "head": {
        "id": "5d03c44d-a59d-4ad1-a0ae-02e96d3eff58",
        "name": "eval modules",
        "description": "",
        "type": "log"
      },
      "body": {
        "pid": 9272,
        "tid": "Main Thread",
        "startTime": 43858323829700,
        "endTime": 43858365425400
      },
      "additional": {
        "logType": "info",
        "children": [
          "1769b065-8b39-4a7d-9a0a-24deeb8a26aa"
        ],
        "durationId": "ea64041c-87ab-4c24-96f8-96b316a40577",
        "parent": "c2e09376-5fd0-46f2-bfd0-7cd6f393274c"
      }
    },
    {
      "head": {
        "id": "577e899c-b850-4940-bb1c-75307e55b802",
        "name": "watch files: [\n  'F:\\\\DevEcoStudioProject\\\\ui_project\\\\hvigorfile.ts',\n  'F:\\\\DevEcoStudioProject\\\\ui_project\\\\entry\\\\hvigorfile.ts'\n]",
        "description": "",
        "type": "log"
      },
      "body": {
        "pid": 9272,
        "tid": "Main Thread",
        "startTime": 43858395992400
      },
      "additional": {
        "logType": "debug",
        "children": []
      }
    },
    {
      "head": {
        "id": "10b4e3b2-d7c6-4bfe-9133-351b02ef56ec",
        "name": "hvigorfile, resolve hvigorfile dependencies in 32 ms ",
        "description": "",
        "type": "log"
      },
      "body": {
        "pid": 9272,
        "tid": "Main Thread",
        "startTime": 43858397162000
      },
      "additional": {
        "logType": "debug",
        "children": []
      }
    },
    {
      "head": {
        "id": "d9b1829d-db50-4743-8fe7-eca67cf3d0fc",
        "name": "add config dependencies",
        "description": "",
        "type": "log"
      },
      "body": {
        "pid": 9272,
        "tid": "Main Thread",
        "startTime": 43858365519400,
        "endTime": 43858398614900
      },
      "additional": {
        "logType": "info",
        "children": [],
        "durationId": "f1a60e09-1bd6-44e4-9344-0da8e8a5a1fb",
        "parent": "c2e09376-5fd0-46f2-bfd0-7cd6f393274c"
      }
    },
    {
      "head": {
        "id": "9d5ce571-68a3-422b-a402-a1936e7d7b22",
        "name": "\"nodesEvaluated\" hook function",
        "description": "",
        "type": "duration"
      },
      "body": {
        "pid": 9272,
        "tid": "Main Thread",
        "startTime": 43858399004600,
        "endTime": 43858401541400
      },
      "additional": {
        "children": [],
        "state": "success",
        "targetName": "",
        "moduleName": "",
        "category": "",
        "taskRunReasons": [],
        "parent": "f8778e1b-695f-4550-a26d-c16fc2776311",
        "logId": "6a1523a7-eefe-4641-8306-911d7599039f"
      },
      "log": {
        "_logger": {
          "category": "DurationEvent",
          "context": {},
          "callStackSkipIndex": 0
        },
        "_filelogger": {
          "category": "debug-file",
          "context": {},
          "callStackSkipIndex": 0
        },
        "anonymizeFileLogger": {
          "fileLogger": {
            "category": "debug-file",
            "context": {},
            "callStackSkipIndex": 0
          }
        }
      }
    },
    {
      "head": {
        "id": "005622c0-2dc6-4b14-9feb-e1bd15bd9e92",
        "name": "project has submodules:entry",
        "description": "",
        "type": "log"
      },
      "body": {
        "pid": 9272,
        "tid": "Main Thread",
        "startTime": 43858400551000
      },
      "additional": {
        "logType": "debug",
        "children": []
      }
    },
    {
      "head": {
        "id": "6a1523a7-eefe-4641-8306-911d7599039f",
        "name": "\"nodesEvaluated\" hook function",
        "description": "",
        "type": "log"
      },
      "body": {
        "pid": 9272,
        "tid": "Main Thread",
        "startTime": 43858399004600,
        "endTime": 43858401541400
      },
      "additional": {
        "logType": "info",
        "children": [],
        "durationId": "9d5ce571-68a3-422b-a402-a1936e7d7b22",
        "parent": "c2e09376-5fd0-46f2-bfd0-7cd6f393274c"
      }
    },
    {
      "head": {
        "id": "7bd4a38e-34c0-4cc0-904a-76bbde5b11cd",
        "name": "start to load updatedOhPackageInfo to the disk",
        "description": "",
        "type": "log"
      },
      "body": {
        "pid": 9272,
        "tid": "Main Thread",
        "startTime": 43858403003800
      },
      "additional": {
        "logType": "debug",
        "children": []
      }
    },
    {
      "head": {
        "id": "b20e4e9b-1cf1-4660-ae40-583483484dcc",
        "name": "load to the disk finished",
        "description": "",
        "type": "log"
      },
      "body": {
        "pid": 9272,
        "tid": "Main Thread",
        "startTime": 43858412857200
      },
      "additional": {
        "logType": "debug",
        "children": []
      }
    },
    {
      "head": {
        "id": "d326519d-3ee3-4f93-86b1-40ead33e92c9",
        "name": "ohpm install",
        "description": "",
        "type": "log"
      },
      "body": {
        "pid": 9272,
        "tid": "Main Thread",
        "startTime": 43858401571700,
        "endTime": 43858414054100
      },
      "additional": {
        "logType": "info",
        "children": [],
        "durationId": "9377e08d-3429-416b-b5a6-96e07fbf6a49",
        "parent": "c2e09376-5fd0-46f2-bfd0-7cd6f393274c"
      }
    },
    {
      "head": {
        "id": "79daead8-9286-4ee8-8b34-3adfd0f61271",
        "name": "Start to initialize dependency information.",
        "description": "",
        "type": "log"
      },
      "body": {
        "pid": 9272,
        "tid": "Main Thread",
        "startTime": 43858414237500
      },
      "additional": {
        "logType": "debug",
        "children": []
      }
    },
    {
      "head": {
        "id": "426a6488-a97c-4c89-81a9-c2679923696e",
        "name": "Module ui_project Collected Dependency: ",
        "description": "",
        "type": "log"
      },
      "body": {
        "pid": 9272,
        "tid": "Main Thread",
        "startTime": 43858465123100
      },
      "additional": {
        "logType": "debug",
        "children": []
      }
    },
    {
      "head": {
        "id": "add5b300-5f5c-43fc-888c-fd5c2d417747",
        "name": "Module ui_project's total dependency: 0",
        "description": "",
        "type": "log"
      },
      "body": {
        "pid": 9272,
        "tid": "Main Thread",
        "startTime": 43858465482300
      },
      "additional": {
        "logType": "debug",
        "children": []
      }
    },
    {
      "head": {
        "id": "740bd89a-cdc5-4db9-aa88-80b10d7bc0e8",
        "name": "Start to initialize dependency information.",
        "description": "",
        "type": "log"
      },
      "body": {
        "pid": 9272,
        "tid": "Main Thread",
        "startTime": 43858468632400
      },
      "additional": {
        "logType": "debug",
        "children": []
      }
    },
    {
      "head": {
        "id": "1926b238-3402-4aaf-822f-454af05c773f",
        "name": "Module entry Collected Dependency: ",
        "description": "",
        "type": "log"
      },
      "body": {
        "pid": 9272,
        "tid": "Main Thread",
        "startTime": 43858484810600
      },
      "additional": {
        "logType": "debug",
        "children": []
      }
    },
    {
      "head": {
        "id": "07bf9c3c-02a7-4480-b0f6-64b0dc7c1404",
        "name": "Module entry's total dependency: 0",
        "description": "",
        "type": "log"
      },
      "body": {
        "pid": 9272,
        "tid": "Main Thread",
        "startTime": 43858485985900
      },
      "additional": {
        "logType": "debug",
        "children": []
      }
    },
    {
      "head": {
        "id": "7f5d45f0-05b9-4ea9-9594-5d68adb458ca",
        "name": "eval hook",
        "description": "",
        "type": "log"
      },
      "body": {
        "pid": 9272,
        "tid": "Main Thread",
        "startTime": 43858414093300,
        "endTime": 43858501313600
      },
      "additional": {
        "logType": "info",
        "children": [],
        "durationId": "66505a36-56d8-4fea-8af3-b3059ed3a4e7",
        "parent": "c2e09376-5fd0-46f2-bfd0-7cd6f393274c"
      }
    },
    {
      "head": {
        "id": "eb3106a5-96ed-4531-a91f-edb99d90f9d9",
        "name": "Configuration phase cost:2 s 651 ms ",
        "description": "",
        "type": "log"
      },
      "body": {
        "pid": 9272,
        "tid": "Main Thread",
        "startTime": 43858502088200
      },
      "additional": {
        "logType": "debug",
        "children": []
      }
    },
    {
      "head": {
        "id": "4124dba2-a2f6-4ae8-8d2c-43810d368a99",
        "name": "fin configuration",
        "description": "",
        "type": "log"
      },
      "body": {
        "pid": 9272,
        "tid": "Main Thread",
        "startTime": 43858501380100,
        "endTime": 43858503929900
      },
      "additional": {
        "logType": "info",
        "children": [],
        "durationId": "c0987690-d9c2-4fa3-8ca5-ec0454e81ca5",
        "parent": "c2e09376-5fd0-46f2-bfd0-7cd6f393274c"
      }
    },
    {
      "head": {
        "id": "c2e09376-5fd0-46f2-bfd0-7cd6f393274c",
        "name": "configure hvigor plugin",
        "description": "",
        "type": "log"
      },
      "body": {
        "pid": 9272,
        "tid": "Main Thread",
        "startTime": 43855849998600,
        "endTime": 43858503972500
      },
      "additional": {
        "logType": "info",
        "children": [
          "538ad5bb-cf3a-47d1-a0f4-c7be5163f927",
          "4295162c-d490-46b9-ab37-c3fade805da7",
          "004b853a-5407-4c73-85bd-8965516e5456",
          "5d03c44d-a59d-4ad1-a0ae-02e96d3eff58",
          "d9b1829d-db50-4743-8fe7-eca67cf3d0fc",
          "d326519d-3ee3-4f93-86b1-40ead33e92c9",
          "7f5d45f0-05b9-4ea9-9594-5d68adb458ca",
          "4124dba2-a2f6-4ae8-8d2c-43810d368a99",
          "6a1523a7-eefe-4641-8306-911d7599039f"
        ],
        "durationId": "f8778e1b-695f-4550-a26d-c16fc2776311",
        "parent": "88922f8e-c1c5-4b99-aae9-74ccd1313640"
      }
    },
    {
      "head": {
        "id": "f6a5140f-98ce-4071-9666-e9f237cf135e",
        "name": "\"taskGraphResolved\" hook function",
        "description": "",
        "type": "duration"
      },
      "body": {
        "pid": 9272,
        "tid": "Main Thread",
        "startTime": 43858511641900,
        "endTime": 43858511707700
      },
      "additional": {
        "children": [],
        "state": "success",
        "targetName": "",
        "moduleName": "",
        "category": "",
        "taskRunReasons": [],
        "parent": "68663307-e243-4c01-bc50-7c4bfbaa7854",
        "logId": "5f4b70ac-e830-475c-bc73-1b88bf4316d2"
      },
      "log": {
        "_logger": {
          "category": "DurationEvent",
          "context": {},
          "callStackSkipIndex": 0
        },
        "_filelogger": {
          "category": "debug-file",
          "context": {},
          "callStackSkipIndex": 0
        },
        "anonymizeFileLogger": {
          "fileLogger": {
            "category": "debug-file",
            "context": {},
            "callStackSkipIndex": 0
          }
        }
      }
    },
    {
      "head": {
        "id": "5f4b70ac-e830-475c-bc73-1b88bf4316d2",
        "name": "\"taskGraphResolved\" hook function",
        "description": "",
        "type": "log"
      },
      "body": {
        "pid": 9272,
        "tid": "Main Thread",
        "startTime": 43858511641900,
        "endTime": 43858511707700
      },
      "additional": {
        "logType": "info",
        "children": [],
        "durationId": "f6a5140f-98ce-4071-9666-e9f237cf135e",
        "parent": "88922f8e-c1c5-4b99-aae9-74ccd1313640"
      }
    },
    {
      "head": {
        "id": "e0bdcaa7-2a77-43be-afb8-a95cdeb84991",
        "name": "build task graph",
        "description": "",
        "type": "log"
      },
      "body": {
        "pid": 9272,
        "tid": "Main Thread",
        "startTime": 43858506092900,
        "endTime": 43858511803200
      },
      "additional": {
        "logType": "info",
        "children": [],
        "durationId": "40cc8174-22a1-4073-a961-e90ba6df071b",
        "parent": "88922f8e-c1c5-4b99-aae9-74ccd1313640"
      }
    },
    {
      "head": {
        "id": "65fc3a3e-fe67-431a-b8aa-8c081a215fba",
        "name": "init task execution option",
        "description": "",
        "type": "log"
      },
      "body": {
        "pid": 9272,
        "tid": "Main Thread",
        "startTime": 43858511817100,
        "endTime": 43858511844400
      },
      "additional": {
        "logType": "info",
        "children": [],
        "durationId": "436ddc56-a725-47ab-90e0-0a0179310407",
        "parent": "88922f8e-c1c5-4b99-aae9-74ccd1313640"
      }
    },
    {
      "head": {
        "id": "88922f8e-c1c5-4b99-aae9-74ccd1313640",
        "name": "init",
        "description": "",
        "type": "log"
      },
      "body": {
        "pid": 9272,
        "tid": "Main Thread",
        "startTime": 43855838677300,
        "endTime": 43858511855800
      },
      "additional": {
        "logType": "info",
        "children": [
          "cbbe654d-eafd-469b-8eed-a678f2d4d0fd",
          "c2e09376-5fd0-46f2-bfd0-7cd6f393274c",
          "e0bdcaa7-2a77-43be-afb8-a95cdeb84991",
          "65fc3a3e-fe67-431a-b8aa-8c081a215fba",
          "9ba45289-ea07-4391-ac73-e1398fc2f6f3",
          "18a0fc24-fbc2-4de2-8d7b-80c9c2efc184",
          "5f4b70ac-e830-475c-bc73-1b88bf4316d2"
        ],
        "durationId": "68663307-e243-4c01-bc50-7c4bfbaa7854"
      }
    },
    {
      "head": {
        "id": "13e97659-d672-4146-8736-d067a751e092",
        "name": "Configuration task cost before running: 2 s 680 ms ",
        "description": "",
        "type": "log"
      },
      "body": {
        "pid": 9272,
        "tid": "Main Thread",
        "startTime": 43858518440900
      },
      "additional": {
        "logType": "debug",
        "children": []
      }
    },
    {
      "head": {
        "id": "75bcc3ff-d8ec-4be8-8db0-3cf604a8dc14",
        "name": "entry:default@PreBuild",
        "description": "Pre-build in the stage model.",
        "type": "duration"
      },
      "body": {
        "pid": 9272,
        "tid": "Main Thread",
        "startTime": 43858548227900,
        "endTime": 43858993340600
      },
      "additional": {
        "children": [],
        "state": "failed",
        "targetName": "default",
        "moduleName": "entry",
        "category": "Verification",
        "taskRunReasons": [],
        "detailId": "f3edc981-c6fa-4a96-ae11-215869c044e3",
        "logId": "ffd93182-fd90-456e-a0db-1003eb099b7d"
      },
      "log": {
        "_logger": {
          "category": "DurationEvent",
          "context": {},
          "callStackSkipIndex": 0
        },
        "_filelogger": {
          "category": "debug-file",
          "context": {},
          "callStackSkipIndex": 0
        },
        "anonymizeFileLogger": {
          "fileLogger": {
            "category": "debug-file",
            "context": {},
            "callStackSkipIndex": 0
          }
        }
      }
    },
    {
      "head": {
        "id": "f3edc981-c6fa-4a96-ae11-215869c044e3",
        "name": "create entry:default@PreBuild task",
        "description": "",
        "type": "log"
      },
      "body": {
        "pid": 9272,
        "tid": "Main Thread",
        "startTime": 43858526576000
      },
      "additional": {
        "logType": "detail",
        "children": [],
        "durationId": "75bcc3ff-d8ec-4be8-8db0-3cf604a8dc14"
      }
    },
    {
      "head": {
        "id": "91e34231-0577-4859-af4e-de9b2f0c1270",
        "name": "jsonObjWithoutParam {} at undefined",
        "description": "",
        "type": "log"
      },
      "body": {
        "pid": 9272,
        "tid": "Main Thread",
        "startTime": 43858537183000
      },
      "additional": {
        "logType": "debug",
        "children": []
      }
    },
    {
      "head": {
        "id": "a2258c45-3390-4260-8c21-0d779e102701",
        "name": "jsonObjWithoutParam {\"name\":\"entry\",\"version\":\"1.0.0\",\"description\":\"Please describe the basic information.\",\"main\":\"\",\"author\":\"\",\"license\":\"\",\"dependencies\":{}} at undefined",
        "description": "",
        "type": "log"
      },
      "body": {
        "pid": 9272,
        "tid": "Main Thread",
        "startTime": 43858539711600
      },
      "additional": {
        "logType": "debug",
        "children": []
      }
    },
    {
      "head": {
        "id": "025a0667-5347-4d74-b385-1a0b76623b91",
        "name": "Executing task :entry:default@PreBuild",
        "description": "",
        "type": "log"
      },
      "body": {
        "pid": 9272,
        "tid": "Main Thread",
        "startTime": 43858548290500
      },
      "additional": {
        "logType": "debug",
        "children": []
      }
    },
    {
      "head": {
        "id": "dcc97532-fb7f-4cd4-b1b0-920311a6cfb4",
        "name": "jsonObjWithoutParam {} at undefined",
        "description": "",
        "type": "log"
      },
      "body": {
        "pid": 9272,
        "tid": "Main Thread",
        "startTime": 43858567740500
      },
      "additional": {
        "logType": "debug",
        "children": []
      }
    },
    {
      "head": {
        "id": "33413252-b5ed-4b69-b6a7-9f5d6f781f91",
        "name": "jsonObjWithoutParam {\"name\":\"entry\",\"version\":\"1.0.0\",\"description\":\"Please describe the basic information.\",\"main\":\"\",\"author\":\"\",\"license\":\"\",\"dependencies\":{}} at undefined",
        "description": "",
        "type": "log"
      },
      "body": {
        "pid": 9272,
        "tid": "Main Thread",
        "startTime": 43858567937200
      },
      "additional": {
        "logType": "debug",
        "children": []
      }
    },
    {
      "head": {
        "id": "3cb6be3d-da82-4187-9eb3-cab65000b2dd",
        "name": "current product is not Atomic service.",
        "description": "",
        "type": "log"
      },
      "body": {
        "pid": 9272,
        "tid": "Main Thread",
        "startTime": 43858910040100
      },
      "additional": {
        "logType": "debug",
        "children": []
      }
    },
    {
      "head": {
        "id": "61201ee1-04a4-4f38-a09f-24927ed0574f",
        "name": "Use tool [win32: JAVA_HOME, CLASSPATH]\n [\n  { JAVA_HOME: 'F:\\\\deveco5.1.1\\\\DevEco Studio\\\\jbr' },\n  { CLASSPATH: undefined }\n]",
        "description": "",
        "type": "log"
      },
      "body": {
        "pid": 9272,
        "tid": "Main Thread",
        "startTime": 43858910634200
      },
      "additional": {
        "logType": "debug",
        "children": []
      }
    },
    {
      "head": {
        "id": "85eb4091-3d32-4420-acbe-cd3a1223c738",
        "name": "Use tool [win32: NODE_HOME]\n [ { NODE_HOME: 'F:\\\\deveco5.1.1\\\\DevEco Studio\\\\tools\\\\node' } ]",
        "description": "",
        "type": "log"
      },
      "body": {
        "pid": 9272,
        "tid": "Main Thread",
        "startTime": 43858910836200
      },
      "additional": {
        "logType": "debug",
        "children": []
      }
    },
    {
      "head": {
        "id": "ffd93182-fd90-456e-a0db-1003eb099b7d",
        "name": "Failed :entry:default@PreBuild",
        "description": "Pre-build in the stage model.",
        "type": "log"
      },
      "body": {
        "pid": 9272,
        "tid": "Main Thread",
        "startTime": 43858548227900,
        "endTime": 43858993340600
      },
      "additional": {
        "logType": "error",
        "children": [],
        "durationId": "75bcc3ff-d8ec-4be8-8db0-3cf604a8dc14"
      }
    },
    {
      "head": {
        "id": "9c0261a8-9cfd-4210-8fd3-30791b528884",
        "name": "hvigor build process will be closed with an error.",
        "description": "",
        "type": "log"
      },
      "body": {
        "pid": 9272,
        "tid": "Main Thread",
        "startTime": 43858993749100
      },
      "additional": {
        "logType": "debug",
        "children": [],
        "durationId": "75bcc3ff-d8ec-4be8-8db0-3cf604a8dc14"
      }
    },
    {
      "head": {
        "id": "ce263571-79f8-43a4-a714-024f9e7b19e3",
        "name": "\u001b[31m00303214 Configuration Error\r\nError Message: The type of target device does not match the device type configured by module: entry.\nRequired device type:tablet, current module device type:phone\r\n\r\n* Try the following:\r\n  > Make sure the deviceTypes field set in module.json5 under src/main of the module directory contains the required type.\r\n  > Make sure the device types specified under target in the build-profile.json5 file of the module directory contain the required one.\r\n  > Check whether the hvigorfile.ts or hvigorconfig.ts file contains any code that may change the module deviceTypes settings.\r\n\u001b[39m",
        "description": "",
        "type": "log"
      },
      "body": {
        "pid": 9272,
        "tid": "Main Thread",
        "startTime": 43858993932300
      },
      "additional": {
        "logType": "error",
        "children": [],
        "durationId": "75bcc3ff-d8ec-4be8-8db0-3cf604a8dc14"
      }
    },
    {
      "head": {
        "id": "abae00e7-87df-4b6f-86f6-42016760c457",
        "name": "ERROR: stacktrace = AdaptorError: \u001b[31m00303214 Configuration Error\r\nError Message: The type of target device does not match the device type configured by module: entry.\nRequired device type:tablet, current module device type:phone\r\n\r\n* Try the following:\r\n  > Make sure the deviceTypes field set in module.json5 under src/main of the module directory contains the required type.\r\n  > Make sure the device types specified under target in the build-profile.json5 file of the module directory contain the required one.\r\n  > Check whether the hvigorfile.ts or hvigorconfig.ts file contains any code that may change the module deviceTypes settings.\r\n\u001b[39m\n    at OhosLogger.printErrorExit (F:\\deveco5.1.1\\DevEco Studio\\tools\\hvigor\\hvigor\\src\\base\\log\\hvigor-log.js:1:5062)\n    at PreBuild.checkDeviceTypes (F:\\deveco5.1.1\\DevEco Studio\\tools\\hvigor\\hvigor-ohos-plugin\\src\\tasks\\abstract\\abstract-pre-build.js:1:8586)\n    at PreBuild.doTaskAction (F:\\deveco5.1.1\\DevEco Studio\\tools\\hvigor\\hvigor-ohos-plugin\\src\\tasks\\abstract\\abstract-pre-build.js:1:7388)\n    at process.processTicksAndRejections (node:internal/process/task_queues:95:5)\n    at async PreBuild.<anonymous> (F:\\deveco5.1.1\\DevEco Studio\\tools\\hvigor\\hvigor-ohos-plugin\\src\\tasks\\task\\ohos-module-task.js:1:2035)\n    at async PreBuild.execute (F:\\deveco5.1.1\\DevEco Studio\\tools\\hvigor\\hvigor\\src\\base\\external\\task\\core-task-impl.js:1:2191)\n    at async TaskProxy.execute (F:\\deveco5.1.1\\DevEco Studio\\tools\\hvigor\\hvigor\\src\\base\\internal\\task\\proxy\\task-proxy.js:1:6131)\n    at async doIncrementalTask (F:\\deveco5.1.1\\DevEco Studio\\tools\\hvigor\\hvigor\\src\\base\\internal\\core\\incremental-task-executor.js:1:941)\n    at async executeOneTask (F:\\deveco5.1.1\\DevEco Studio\\tools\\hvigor\\hvigor\\src\\base\\internal\\task\\core\\task-runner.js:1:4215)\n    at async runTaskFromQueue (F:\\deveco5.1.1\\DevEco Studio\\tools\\hvigor\\hvigor\\src\\base\\internal\\task\\core\\task-runner.js:1:2306)",
        "description": "",
        "type": "log"
      },
      "body": {
        "pid": 9272,
        "tid": "Main Thread",
        "startTime": 43858994461300
      },
      "additional": {
        "logType": "debug",
        "children": [],
        "durationId": "75bcc3ff-d8ec-4be8-8db0-3cf604a8dc14"
      }
    },
    {
      "head": {
        "id": "303cb709-ea96-444b-8bff-98325cad4525",
        "name": "\"buildFinished\" hook function",
        "description": "",
        "type": "duration"
      },
      "body": {
        "pid": 9272,
        "tid": "Main Thread",
        "startTime": 43859009729500,
        "endTime": 43859009897500
      },
      "additional": {
        "children": [],
        "state": "success",
        "targetName": "",
        "moduleName": "",
        "category": "",
        "taskRunReasons": [],
        "parent": "0e2f195b-1134-4c0d-b947-39ce69def80a",
        "logId": "4639adf9-2741-41f9-b5f6-654b9dadb746"
      },
      "log": {
        "_logger": {
          "category": "DurationEvent",
          "context": {},
          "callStackSkipIndex": 0
        },
        "_filelogger": {
          "category": "debug-file",
          "context": {},
          "callStackSkipIndex": 0
        },
        "anonymizeFileLogger": {
          "fileLogger": {
            "category": "debug-file",
            "context": {},
            "callStackSkipIndex": 0
          }
        }
      }
    },
    {
      "head": {
        "id": "4639adf9-2741-41f9-b5f6-654b9dadb746",
        "name": "\"buildFinished\" hook function",
        "description": "",
        "type": "log"
      },
      "body": {
        "pid": 9272,
        "tid": "Main Thread",
        "startTime": 43859009729500,
        "endTime": 43859009897500
      },
      "additional": {
        "logType": "info",
        "children": [],
        "durationId": "303cb709-ea96-444b-8bff-98325cad4525"
      }
    },
    {
      "head": {
        "id": "b38e2521-b829-435a-82ed-d1d9dce18b18",
        "name": "assembleHap",
        "description": "",
        "type": "mark"
      },
      "body": {
        "pid": 9272,
        "tid": "Main Thread",
        "startTime": 43855836203400,
        "endTime": 43859010357200
      },
      "additional": {
        "time": {
          "year": 2025,
          "month": 9,
          "day": 29,
          "hour": 9,
          "minute": 53,
          "second": 44
        },
        "completeCommand": "{\"prop\":[\"module=entry@default\",\"product=default\",\"requiredDeviceType=tablet\"],\"mode\":\"module\",\"parallel\":true,\"incremental\":true,\"daemon\":true,\"_\":[\"assembleHap\"],\"analyze\":\"normal\"};assembleHap",
        "hvigorVersion": "5.19.6",
        "markType": "history",
        "nodeVersion": "v18.20.1",
        "category": "build",
        "state": "failed"
      }
    },
    {
      "head": {
        "id": "98903648-76d3-4e28-bfbf-cde45c0e4924",
        "name": "BUILD FAILED in 3 s 174 ms ",
        "description": "",
        "type": "log"
      },
      "body": {
        "pid": 9272,
        "tid": "Main Thread",
        "startTime": 43859010400000
      },
      "additional": {
        "logType": "error",
        "children": []
      }
    },
    {
      "head": {
        "id": "105d889e-85ea-4272-9973-c241dece9125",
        "name": "Update task entry:default@PreBuild input file:F:\\DevEcoStudioProject\\ui_project\\AppScope\\app.json5 cache by regenerate.",
        "description": "",
        "type": "log"
      },
      "body": {
        "pid": 9272,
        "tid": "Main Thread",
        "startTime": 43859012155500
      },
      "additional": {
        "logType": "debug",
        "children": []
      }
    },
    {
      "head": {
        "id": "1ab9e787-c400-470b-a689-da681e2d19b4",
        "name": "Update task entry:default@PreBuild input file:F:\\DevEcoStudioProject\\ui_project\\entry\\src\\main\\module.json5 cache by regenerate.",
        "description": "",
        "type": "log"
      },
      "body": {
        "pid": 9272,
        "tid": "Main Thread",
        "startTime": 43859014137100
      },
      "additional": {
        "logType": "debug",
        "children": []
      }
    },
    {
      "head": {
        "id": "1008934a-f106-4c1e-9c05-bf94af64c298",
        "name": "Update task entry:default@PreBuild input file:F:\\DevEcoStudioProject\\ui_project\\build-profile.json5 cache by regenerate.",
        "description": "",
        "type": "log"
      },
      "body": {
        "pid": 9272,
        "tid": "Main Thread",
        "startTime": 43859014496000
      },
      "additional": {
        "logType": "debug",
        "children": []
      }
    },
    {
      "head": {
        "id": "81915e71-3b22-4df7-9b94-0b7c6b85b105",
        "name": "Update task entry:default@PreBuild input file:F:\\DevEcoStudioProject\\ui_project\\entry\\build-profile.json5 cache by regenerate.",
        "description": "",
        "type": "log"
      },
      "body": {
        "pid": 9272,
        "tid": "Main Thread",
        "startTime": 43859015016800
      },
      "additional": {
        "logType": "debug",
        "children": []
      }
    },
    {
      "head": {
        "id": "5865e930-47e3-4917-abaf-b6be22909fbb",
        "name": "Update task entry:default@PreBuild input file:F:\\DevEcoStudioProject\\ui_project\\entry\\src\\main\\resources\\base\\profile\\main_pages.json cache by regenerate.",
        "description": "",
        "type": "log"
      },
      "body": {
        "pid": 9272,
        "tid": "Main Thread",
        "startTime": 43859015302600
      },
      "additional": {
        "logType": "debug",
        "children": []
      }
    },
    {
      "head": {
        "id": "e29e92e2-2c7d-4275-b1a1-7421c6310cba",
        "name": "Update task entry:default@PreBuild input file:F:\\DevEcoStudioProject\\ui_project\\hvigor\\hvigor-config.json5 cache by regenerate.",
        "description": "",
        "type": "log"
      },
      "body": {
        "pid": 9272,
        "tid": "Main Thread",
        "startTime": 43859015527200
      },
      "additional": {
        "logType": "debug",
        "children": []
      }
    },
    {
      "head": {
        "id": "8120dfb6-5751-49a0-8876-5b673ac71eac",
        "name": "Update task entry:default@PreBuild input file:F:\\DevEcoStudioProject\\ui_project\\entry\\src\\mock\\mock-config.json5 cache by regenerate.",
        "description": "",
        "type": "log"
      },
      "body": {
        "pid": 9272,
        "tid": "Main Thread",
        "startTime": 43859015733500
      },
      "additional": {
        "logType": "debug",
        "children": []
      }
    },
    {
      "head": {
        "id": "9f894a31-5a92-4d3a-a390-d64f83fee7b8",
        "name": "Update task entry:default@PreBuild input file:F:\\DevEcoStudioProject\\ui_project\\entry\\oh-package.json5 cache by regenerate.",
        "description": "",
        "type": "log"
      },
      "body": {
        "pid": 9272,
        "tid": "Main Thread",
        "startTime": 43859015953400
      },
      "additional": {
        "logType": "debug",
        "children": []
      }
    },
    {
      "head": {
        "id": "bb566d3c-62bd-4042-adb1-8106581e15eb",
        "name": "Update task entry:default@PreBuild input file:F:\\DevEcoStudioProject\\ui_project\\oh-package.json5 cache by regenerate.",
        "description": "",
        "type": "log"
      },
      "body": {
        "pid": 9272,
        "tid": "Main Thread",
        "startTime": 43859016153200
      },
      "additional": {
        "logType": "debug",
        "children": []
      }
    },
    {
      "head": {
        "id": "52f58bc1-c7f9-40b3-b51e-87e709cf33cd",
        "name": "Incremental task entry:default@PreBuild post-execution cost:6 ms .",
        "description": "",
        "type": "log"
      },
      "body": {
        "pid": 9272,
        "tid": "Main Thread",
        "startTime": 43859016749300
      },
      "additional": {
        "logType": "debug",
        "children": []
      }
    }
  ]
}