{
  "version": "2.0",
  "ppid": 6308,
  "events": [
    {
      "head": {
        "id": "49702b4e-f2a6-4b00-9671-f6feb10cd862",
        "name": "hvigor build process will be closed.",
        "description": "",
        "type": "log"
      },
      "body": {
        "pid": 9272,
        "tid": "Main Thread",
        "startTime": 43884512532700
      },
      "additional": {
        "logType": "debug",
        "children": []
      }
    },
    {
      "head": {
        "id": "9ce424e2-0482-4091-a6b7-3c1e1efbde3a",
        "name": "watch worker: worker id should be larger than 0. Nothing will be sent to any worker thread.",
        "description": "",
        "type": "log"
      },
      "body": {
        "pid": 9272,
        "tid": "Main Thread",
        "startTime": 43884668113900
      },
      "additional": {
        "logType": "debug",
        "children": []
      }
    },
    {
      "head": {
        "id": "4dab1f9d-0ff1-49d5-a9bd-62624a58c33e",
        "name": "watch worker: worker id should be larger than 0. Nothing will be sent to any worker thread.",
        "description": "",
        "type": "log"
      },
      "body": {
        "pid": 9272,
        "tid": "Main Thread",
        "startTime": 43884668584800
      },
      "additional": {
        "logType": "debug",
        "children": []
      }
    },
    {
      "head": {
        "id": "9530280c-7877-444d-b219-f6fa95a9d66d",
        "name": "watch worker: worker id should be larger than 0. Nothing will be sent to any worker thread.",
        "description": "",
        "type": "log"
      },
      "body": {
        "pid": 9272,
        "tid": "Main Thread",
        "startTime": 43901765578100
      },
      "additional": {
        "logType": "debug",
        "children": []
      }
    },
    {
      "head": {
        "id": "7789671b-f923-4e8b-96f5-351a4d6a8d94",
        "name": "init",
        "description": "Initialize and build task graph.",
        "type": "duration"
      },
      "body": {
        "pid": 9272,
        "tid": "Main Thread",
        "startTime": 43901768143700,
        "endTime": 43901900640400
      },
      "additional": {
        "children": [
          "3039357f-db1a-485c-aef1-e033bba11e68",
          "36f148a7-dd88-481b-94e7-676fffd68039",
          "df0fa946-16c6-425b-bd96-ce4f10b2de86",
          "4846ad28-48d3-4e7f-8373-2eea9d242b9c",
          "e8afc4e8-87b6-4a57-8a73-e1498dfd4c28",
          "1aea287b-ef6e-4f7c-aeda-c00d2460acb6",
          "1cc733a8-cb13-482c-8595-04cb27e37df2"
        ],
        "state": "success",
        "targetName": "",
        "moduleName": "",
        "category": "Init",
        "taskRunReasons": [],
        "logId": "24e1837c-18b0-4636-b042-ca3db56727e0"
      },
      "log": {
        "_logger": {
          "category": "DurationEvent",
          "context": {},
          "callStackSkipIndex": 0
        },
        "_filelogger": {
          "category": "debug-file",
          "context": {},
          "callStackSkipIndex": 0
        },
        "anonymizeFileLogger": {
          "fileLogger": {
            "category": "debug-file",
            "context": {},
            "callStackSkipIndex": 0
          }
        }
      }
    },
    {
      "head": {
        "id": "3039357f-db1a-485c-aef1-e033bba11e68",
        "name": "create hvigor project model",
        "description": "Initialize hvigor project model.",
        "type": "duration"
      },
      "body": {
        "pid": 9272,
        "tid": "Main Thread",
        "startTime": 43901768147800,
        "endTime": 43901773047600
      },
      "additional": {
        "children": [],
        "state": "success",
        "targetName": "",
        "moduleName": "",
        "category": "",
        "taskRunReasons": [],
        "parent": "7789671b-f923-4e8b-96f5-351a4d6a8d94",
        "logId": "9701e2ba-9bf8-4363-9d97-195a8aa89d95"
      },
      "log": {
        "_logger": {
          "category": "DurationEvent",
          "context": {},
          "callStackSkipIndex": 0
        },
        "_filelogger": {
          "category": "debug-file",
          "context": {},
          "callStackSkipIndex": 0
        },
        "anonymizeFileLogger": {
          "fileLogger": {
            "category": "debug-file",
            "context": {},
            "callStackSkipIndex": 0
          }
        }
      }
    },
    {
      "head": {
        "id": "36f148a7-dd88-481b-94e7-676fffd68039",
        "name": "configure hvigor plugin",
        "description": "Configure hvigor plugin.",
        "type": "duration"
      },
      "body": {
        "pid": 9272,
        "tid": "Main Thread",
        "startTime": 43901773066000,
        "endTime": 43901899913900
      },
      "additional": {
        "children": [
          "9121cc1a-5cde-41d4-8401-cece5fefbac3",
          "e1a0d5b1-5bdd-454c-95f9-d285fb35ad29",
          "f5cd7121-065f-430c-afa7-74cae5a3b678",
          "52358597-677a-4f29-88b6-aec9065f73cb",
          "65a2ac18-ddda-4f84-a1e4-3c509e3c43fd",
          "6029cbb6-3e9e-44fd-95f8-95cc20b7570d",
          "30cd3266-e649-4fec-8284-520050633924",
          "823526e6-6228-4901-ac34-f46ca9fd3d7e",
          "81781cc6-4251-42cd-befd-94f4ccec35e0"
        ],
        "state": "success",
        "targetName": "",
        "moduleName": "",
        "category": "",
        "taskRunReasons": [],
        "parent": "7789671b-f923-4e8b-96f5-351a4d6a8d94",
        "logId": "d9502846-1e45-4c55-8d28-b9e3cde2e790"
      },
      "log": {
        "_logger": {
          "category": "DurationEvent",
          "context": {},
          "callStackSkipIndex": 0
        },
        "_filelogger": {
          "category": "debug-file",
          "context": {},
          "callStackSkipIndex": 0
        },
        "anonymizeFileLogger": {
          "fileLogger": {
            "category": "debug-file",
            "context": {},
            "callStackSkipIndex": 0
          }
        }
      }
    },
    {
      "head": {
        "id": "df0fa946-16c6-425b-bd96-ce4f10b2de86",
        "name": "build task graph",
        "description": "Build task graph.",
        "type": "duration"
      },
      "body": {
        "pid": 9272,
        "tid": "Main Thread",
        "startTime": 43901899941500,
        "endTime": 43901900605200
      },
      "additional": {
        "children": [],
        "state": "success",
        "targetName": "",
        "moduleName": "",
        "category": "",
        "taskRunReasons": [],
        "parent": "7789671b-f923-4e8b-96f5-351a4d6a8d94",
        "logId": "780f0f0d-e41c-4091-9db8-9cd37fd25fb3"
      },
      "log": {
        "_logger": {
          "category": "DurationEvent",
          "context": {},
          "callStackSkipIndex": 0
        },
        "_filelogger": {
          "category": "debug-file",
          "context": {},
          "callStackSkipIndex": 0
        },
        "anonymizeFileLogger": {
          "fileLogger": {
            "category": "debug-file",
            "context": {},
            "callStackSkipIndex": 0
          }
        }
      }
    },
    {
      "head": {
        "id": "4846ad28-48d3-4e7f-8373-2eea9d242b9c",
        "name": "init task execution option",
        "description": "Init task execution option.",
        "type": "duration"
      },
      "body": {
        "pid": 9272,
        "tid": "Main Thread",
        "startTime": 43901900613200,
        "endTime": 43901900634900
      },
      "additional": {
        "children": [],
        "state": "success",
        "targetName": "",
        "moduleName": "",
        "category": "",
        "taskRunReasons": [],
        "parent": "7789671b-f923-4e8b-96f5-351a4d6a8d94",
        "logId": "be42b176-5ec4-4ec9-bdb7-06a6bafc4778"
      },
      "log": {
        "_logger": {
          "category": "DurationEvent",
          "context": {},
          "callStackSkipIndex": 0
        },
        "_filelogger": {
          "category": "debug-file",
          "context": {},
          "callStackSkipIndex": 0
        },
        "anonymizeFileLogger": {
          "fileLogger": {
            "category": "debug-file",
            "context": {},
            "callStackSkipIndex": 0
          }
        }
      }
    },
    {
      "head": {
        "id": "e8afc4e8-87b6-4a57-8a73-e1498dfd4c28",
        "name": "\"configEvaluated\" hook function",
        "description": "",
        "type": "duration"
      },
      "body": {
        "pid": 9272,
        "tid": "Main Thread",
        "startTime": 43901769637000,
        "endTime": 43901769684600
      },
      "additional": {
        "children": [],
        "state": "success",
        "targetName": "",
        "moduleName": "",
        "category": "",
        "taskRunReasons": [],
        "parent": "7789671b-f923-4e8b-96f5-351a4d6a8d94",
        "logId": "ca5c1613-99e8-4ad6-b11c-83fe419032db"
      },
      "log": {
        "_logger": {
          "category": "DurationEvent",
          "context": {},
          "callStackSkipIndex": 0
        },
        "_filelogger": {
          "category": "debug-file",
          "context": {},
          "callStackSkipIndex": 0
        },
        "anonymizeFileLogger": {
          "fileLogger": {
            "category": "debug-file",
            "context": {},
            "callStackSkipIndex": 0
          }
        }
      }
    },
    {
      "head": {
        "id": "ca5c1613-99e8-4ad6-b11c-83fe419032db",
        "name": "\"configEvaluated\" hook function",
        "description": "",
        "type": "log"
      },
      "body": {
        "pid": 9272,
        "tid": "Main Thread",
        "startTime": 43901769637000,
        "endTime": 43901769684600
      },
      "additional": {
        "logType": "info",
        "children": [],
        "durationId": "e8afc4e8-87b6-4a57-8a73-e1498dfd4c28",
        "parent": "24e1837c-18b0-4636-b042-ca3db56727e0"
      }
    },
    {
      "head": {
        "id": "1aea287b-ef6e-4f7c-aeda-c00d2460acb6",
        "name": "\"nodesInitialized\" hook function",
        "description": "",
        "type": "duration"
      },
      "body": {
        "pid": 9272,
        "tid": "Main Thread",
        "startTime": 43901770463300,
        "endTime": 43901770475600
      },
      "additional": {
        "children": [],
        "state": "success",
        "targetName": "",
        "moduleName": "",
        "category": "",
        "taskRunReasons": [],
        "parent": "7789671b-f923-4e8b-96f5-351a4d6a8d94",
        "logId": "fb86892c-5cff-4782-894e-32cfac38ded9"
      },
      "log": {
        "_logger": {
          "category": "DurationEvent",
          "context": {},
          "callStackSkipIndex": 0
        },
        "_filelogger": {
          "category": "debug-file",
          "context": {},
          "callStackSkipIndex": 0
        },
        "anonymizeFileLogger": {
          "fileLogger": {
            "category": "debug-file",
            "context": {},
            "callStackSkipIndex": 0
          }
        }
      }
    },
    {
      "head": {
        "id": "fb86892c-5cff-4782-894e-32cfac38ded9",
        "name": "\"nodesInitialized\" hook function",
        "description": "",
        "type": "log"
      },
      "body": {
        "pid": 9272,
        "tid": "Main Thread",
        "startTime": 43901770463300,
        "endTime": 43901770475600
      },
      "additional": {
        "logType": "info",
        "children": [],
        "durationId": "1aea287b-ef6e-4f7c-aeda-c00d2460acb6",
        "parent": "24e1837c-18b0-4636-b042-ca3db56727e0"
      }
    },
    {
      "head": {
        "id": "ad1c344a-1708-4986-9e69-3ae717bd4317",
        "name": "Hvigor init with startParameters:{\n  hvigorfileTypeCheck: false,\n  parallelExecution: true,\n  incrementalExecution: true,\n  printStackTrace: false,\n  daemon: true,\n  analyze: 0,\n  logLevel: Level { level: 20000, levelStr: 'INFO', colour: 'green' },\n  optimizationStrategy: 'memory',\n  hotCompile: undefined,\n  hotReloadBuild: undefined\n}",
        "description": "",
        "type": "log"
      },
      "body": {
        "pid": 9272,
        "tid": "Main Thread",
        "startTime": 43901770677700
      },
      "additional": {
        "logType": "debug",
        "children": []
      }
    },
    {
      "head": {
        "id": "af669e1c-51e2-429e-be63-026b7c97ecf9",
        "name": "Cache service initialization finished in 3 ms ",
        "description": "",
        "type": "log"
      },
      "body": {
        "pid": 9272,
        "tid": "Main Thread",
        "startTime": 43901772917500
      },
      "additional": {
        "logType": "debug",
        "children": []
      }
    },
    {
      "head": {
        "id": "9701e2ba-9bf8-4363-9d97-195a8aa89d95",
        "name": "create hvigor project model",
        "description": "",
        "type": "log"
      },
      "body": {
        "pid": 9272,
        "tid": "Main Thread",
        "startTime": 43901768147800,
        "endTime": 43901773047600
      },
      "additional": {
        "logType": "info",
        "children": [],
        "durationId": "3039357f-db1a-485c-aef1-e033bba11e68",
        "parent": "24e1837c-18b0-4636-b042-ca3db56727e0"
      }
    },
    {
      "head": {
        "id": "9121cc1a-5cde-41d4-8401-cece5fefbac3",
        "name": "init configuration",
        "description": "Initialize configuration.",
        "type": "duration"
      },
      "body": {
        "pid": 9272,
        "tid": "Main Thread",
        "startTime": 43901773106900,
        "endTime": 43901773115500
      },
      "additional": {
        "children": [],
        "state": "success",
        "targetName": "",
        "moduleName": "",
        "category": "",
        "taskRunReasons": [],
        "parent": "36f148a7-dd88-481b-94e7-676fffd68039",
        "logId": "3b33d216-fa29-4e7d-8047-172ec2178cc9"
      },
      "log": {
        "_logger": {
          "category": "DurationEvent",
          "context": {},
          "callStackSkipIndex": 0
        },
        "_filelogger": {
          "category": "debug-file",
          "context": {},
          "callStackSkipIndex": 0
        },
        "anonymizeFileLogger": {
          "fileLogger": {
            "category": "debug-file",
            "context": {},
            "callStackSkipIndex": 0
          }
        }
      }
    },
    {
      "head": {
        "id": "e1a0d5b1-5bdd-454c-95f9-d285fb35ad29",
        "name": "configure project task",
        "description": "Configure project task.",
        "type": "duration"
      },
      "body": {
        "pid": 9272,
        "tid": "Main Thread",
        "startTime": 43901773123000,
        "endTime": 43901773805200
      },
      "additional": {
        "children": [],
        "state": "success",
        "targetName": "",
        "moduleName": "",
        "category": "",
        "taskRunReasons": [],
        "parent": "36f148a7-dd88-481b-94e7-676fffd68039",
        "logId": "ff984727-c686-4b05-8844-3f5b3b7702cc"
      },
      "log": {
        "_logger": {
          "category": "DurationEvent",
          "context": {},
          "callStackSkipIndex": 0
        },
        "_filelogger": {
          "category": "debug-file",
          "context": {},
          "callStackSkipIndex": 0
        },
        "anonymizeFileLogger": {
          "fileLogger": {
            "category": "debug-file",
            "context": {},
            "callStackSkipIndex": 0
          }
        }
      }
    },
    {
      "head": {
        "id": "f5cd7121-065f-430c-afa7-74cae5a3b678",
        "name": "eval project",
        "description": "Evaluate project.",
        "type": "duration"
      },
      "body": {
        "pid": 9272,
        "tid": "Main Thread",
        "startTime": 43901773816700,
        "endTime": 43901841932200
      },
      "additional": {
        "children": [
          "394c4bb9-79f2-47ee-8564-1e5bd5631b9c",
          "e99041da-3561-428d-9b87-2011044f1720",
          "1718f1d2-c947-408a-ab74-d3535355356d"
        ],
        "state": "success",
        "targetName": "",
        "moduleName": "",
        "category": "",
        "taskRunReasons": [],
        "parent": "36f148a7-dd88-481b-94e7-676fffd68039",
        "logId": "4496e1cf-6929-496b-879f-f500705e3d6d"
      },
      "log": {
        "_logger": {
          "category": "DurationEvent",
          "context": {},
          "callStackSkipIndex": 0
        },
        "_filelogger": {
          "category": "debug-file",
          "context": {},
          "callStackSkipIndex": 0
        },
        "anonymizeFileLogger": {
          "fileLogger": {
            "category": "debug-file",
            "context": {},
            "callStackSkipIndex": 0
          }
        }
      }
    },
    {
      "head": {
        "id": "52358597-677a-4f29-88b6-aec9065f73cb",
        "name": "eval modules",
        "description": "Evaluate modules.",
        "type": "duration"
      },
      "body": {
        "pid": 9272,
        "tid": "Main Thread",
        "startTime": 43901841945100,
        "endTime": 43901855112800
      },
      "additional": {
        "children": [
          "59c46a0d-ce63-4a89-a478-308650519c77"
        ],
        "state": "success",
        "targetName": "",
        "moduleName": "",
        "category": "",
        "taskRunReasons": [],
        "parent": "36f148a7-dd88-481b-94e7-676fffd68039",
        "logId": "8410ef2f-b640-4f8e-8c7e-53f792aad310"
      },
      "log": {
        "_logger": {
          "category": "DurationEvent",
          "context": {},
          "callStackSkipIndex": 0
        },
        "_filelogger": {
          "category": "debug-file",
          "context": {},
          "callStackSkipIndex": 0
        },
        "anonymizeFileLogger": {
          "fileLogger": {
            "category": "debug-file",
            "context": {},
            "callStackSkipIndex": 0
          }
        }
      }
    },
    {
      "head": {
        "id": "65a2ac18-ddda-4f84-a1e4-3c509e3c43fd",
        "name": "add config dependencies",
        "description": "Add configuration dependencies.",
        "type": "duration"
      },
      "body": {
        "pid": 9272,
        "tid": "Main Thread",
        "startTime": 43901855122000,
        "endTime": 43901880140000
      },
      "additional": {
        "children": [],
        "state": "success",
        "targetName": "",
        "moduleName": "",
        "category": "",
        "taskRunReasons": [],
        "parent": "36f148a7-dd88-481b-94e7-676fffd68039",
        "logId": "de6ace20-5df8-47fd-a987-00ffe327b668"
      },
      "log": {
        "_logger": {
          "category": "DurationEvent",
          "context": {},
          "callStackSkipIndex": 0
        },
        "_filelogger": {
          "category": "debug-file",
          "context": {},
          "callStackSkipIndex": 0
        },
        "anonymizeFileLogger": {
          "fileLogger": {
            "category": "debug-file",
            "context": {},
            "callStackSkipIndex": 0
          }
        }
      }
    },
    {
      "head": {
        "id": "6029cbb6-3e9e-44fd-95f8-95cc20b7570d",
        "name": "ohpm install",
        "description": "Ohpm install event.",
        "type": "duration"
      },
      "body": {
        "pid": 9272,
        "tid": "Main Thread",
        "startTime": 43901880605000,
        "endTime": 43901886426900
      },
      "additional": {
        "children": [],
        "state": "success",
        "targetName": "",
        "moduleName": "",
        "category": "",
        "taskRunReasons": [],
        "parent": "36f148a7-dd88-481b-94e7-676fffd68039",
        "logId": "aa74363e-4609-46e4-9cab-9e9623a0d78a"
      },
      "log": {
        "_logger": {
          "category": "DurationEvent",
          "context": {},
          "callStackSkipIndex": 0
        },
        "_filelogger": {
          "category": "debug-file",
          "context": {},
          "callStackSkipIndex": 0
        },
        "anonymizeFileLogger": {
          "fileLogger": {
            "category": "debug-file",
            "context": {},
            "callStackSkipIndex": 0
          }
        }
      }
    },
    {
      "head": {
        "id": "30cd3266-e649-4fec-8284-520050633924",
        "name": "eval hook",
        "description": "EvaluateEvent hook.",
        "type": "duration"
      },
      "body": {
        "pid": 9272,
        "tid": "Main Thread",
        "startTime": 43901886454600,
        "endTime": 43901899736500
      },
      "additional": {
        "children": [],
        "state": "success",
        "targetName": "",
        "moduleName": "",
        "category": "",
        "taskRunReasons": [],
        "parent": "36f148a7-dd88-481b-94e7-676fffd68039",
        "logId": "181e69fb-40ba-4ebc-9ca8-652e55c660af"
      },
      "log": {
        "_logger": {
          "category": "DurationEvent",
          "context": {},
          "callStackSkipIndex": 0
        },
        "_filelogger": {
          "category": "debug-file",
          "context": {},
          "callStackSkipIndex": 0
        },
        "anonymizeFileLogger": {
          "fileLogger": {
            "category": "debug-file",
            "context": {},
            "callStackSkipIndex": 0
          }
        }
      }
    },
    {
      "head": {
        "id": "823526e6-6228-4901-ac34-f46ca9fd3d7e",
        "name": "fin configuration",
        "description": "Finish configuration.",
        "type": "duration"
      },
      "body": {
        "pid": 9272,
        "tid": "Main Thread",
        "startTime": 43901899759700,
        "endTime": 43901899900500
      },
      "additional": {
        "children": [],
        "state": "success",
        "targetName": "",
        "moduleName": "",
        "category": "",
        "taskRunReasons": [],
        "parent": "36f148a7-dd88-481b-94e7-676fffd68039",
        "logId": "1ce657cd-d72a-4dca-afc4-5979a9e2e37f"
      },
      "log": {
        "_logger": {
          "category": "DurationEvent",
          "context": {},
          "callStackSkipIndex": 0
        },
        "_filelogger": {
          "category": "debug-file",
          "context": {},
          "callStackSkipIndex": 0
        },
        "anonymizeFileLogger": {
          "fileLogger": {
            "category": "debug-file",
            "context": {},
            "callStackSkipIndex": 0
          }
        }
      }
    },
    {
      "head": {
        "id": "3b33d216-fa29-4e7d-8047-172ec2178cc9",
        "name": "init configuration",
        "description": "",
        "type": "log"
      },
      "body": {
        "pid": 9272,
        "tid": "Main Thread",
        "startTime": 43901773106900,
        "endTime": 43901773115500
      },
      "additional": {
        "logType": "info",
        "children": [],
        "durationId": "9121cc1a-5cde-41d4-8401-cece5fefbac3",
        "parent": "d9502846-1e45-4c55-8d28-b9e3cde2e790"
      }
    },
    {
      "head": {
        "id": "ff984727-c686-4b05-8844-3f5b3b7702cc",
        "name": "configure project task",
        "description": "",
        "type": "log"
      },
      "body": {
        "pid": 9272,
        "tid": "Main Thread",
        "startTime": 43901773123000,
        "endTime": 43901773805200
      },
      "additional": {
        "logType": "info",
        "children": [],
        "durationId": "e1a0d5b1-5bdd-454c-95f9-d285fb35ad29",
        "parent": "d9502846-1e45-4c55-8d28-b9e3cde2e790"
      }
    },
    {
      "head": {
        "id": "394c4bb9-79f2-47ee-8564-1e5bd5631b9c",
        "name": "\"beforeNodeEvaluate\" hook function",
        "description": "",
        "type": "duration"
      },
      "body": {
        "pid": 9272,
        "tid": "Main Thread",
        "startTime": 43901773851800,
        "endTime": 43901773865800
      },
      "additional": {
        "children": [],
        "state": "success",
        "targetName": "",
        "moduleName": "",
        "category": "",
        "taskRunReasons": [],
        "parent": "f5cd7121-065f-430c-afa7-74cae5a3b678",
        "logId": "e8654cab-46a8-48c8-88e1-beb9e6446e16"
      },
      "log": {
        "_logger": {
          "category": "DurationEvent",
          "context": {},
          "callStackSkipIndex": 0
        },
        "_filelogger": {
          "category": "debug-file",
          "context": {},
          "callStackSkipIndex": 0
        },
        "anonymizeFileLogger": {
          "fileLogger": {
            "category": "debug-file",
            "context": {},
            "callStackSkipIndex": 0
          }
        }
      }
    },
    {
      "head": {
        "id": "e8654cab-46a8-48c8-88e1-beb9e6446e16",
        "name": "\"beforeNodeEvaluate\" hook function",
        "description": "",
        "type": "log"
      },
      "body": {
        "pid": 9272,
        "tid": "Main Thread",
        "startTime": 43901773851800,
        "endTime": 43901773865800
      },
      "additional": {
        "logType": "info",
        "children": [],
        "durationId": "394c4bb9-79f2-47ee-8564-1e5bd5631b9c",
        "parent": "4496e1cf-6929-496b-879f-f500705e3d6d"
      }
    },
    {
      "head": {
        "id": "e99041da-3561-428d-9b87-2011044f1720",
        "name": "eval hvigorfile",
        "description": "Evaluate hvigorfile.",
        "type": "duration"
      },
      "body": {
        "pid": 9272,
        "tid": "Main Thread",
        "startTime": 43901774026500,
        "endTime": 43901841874200
      },
      "additional": {
        "children": [
          "97b263ab-22c6-4522-9cda-26fbcfee0b8b",
          "ff7b0c93-a040-4e5a-9ee7-91267f569ff7"
        ],
        "state": "success",
        "targetName": "",
        "moduleName": "",
        "category": "",
        "taskRunReasons": [],
        "parent": "f5cd7121-065f-430c-afa7-74cae5a3b678",
        "logId": "706e2289-ddea-432c-824e-2e3e8c61aa1a"
      },
      "log": {
        "_logger": {
          "category": "DurationEvent",
          "context": {},
          "callStackSkipIndex": 0
        },
        "_filelogger": {
          "category": "debug-file",
          "context": {},
          "callStackSkipIndex": 0
        },
        "anonymizeFileLogger": {
          "fileLogger": {
            "category": "debug-file",
            "context": {},
            "callStackSkipIndex": 0
          }
        }
      }
    },
    {
      "head": {
        "id": "97b263ab-22c6-4522-9cda-26fbcfee0b8b",
        "name": "require hvigorfile",
        "description": "Require hvigorfile.",
        "type": "duration"
      },
      "body": {
        "pid": 9272,
        "tid": "Main Thread",
        "startTime": 43901774026900,
        "endTime": 43901782810200
      },
      "additional": {
        "children": [],
        "state": "success",
        "targetName": "",
        "moduleName": "",
        "category": "",
        "taskRunReasons": [],
        "parent": "e99041da-3561-428d-9b87-2011044f1720",
        "logId": "80878c15-22fa-4861-b519-c2d4eb341ca1"
      },
      "log": {
        "_logger": {
          "category": "DurationEvent",
          "context": {},
          "callStackSkipIndex": 0
        },
        "_filelogger": {
          "category": "debug-file",
          "context": {},
          "callStackSkipIndex": 0
        },
        "anonymizeFileLogger": {
          "fileLogger": {
            "category": "debug-file",
            "context": {},
            "callStackSkipIndex": 0
          }
        }
      }
    },
    {
      "head": {
        "id": "ff7b0c93-a040-4e5a-9ee7-91267f569ff7",
        "name": "bind plugins",
        "description": "Bind plugins.",
        "type": "duration"
      },
      "body": {
        "pid": 9272,
        "tid": "Main Thread",
        "startTime": 43901782846800,
        "endTime": 43901841860700
      },
      "additional": {
        "children": [],
        "state": "success",
        "targetName": "",
        "moduleName": "",
        "category": "",
        "taskRunReasons": [],
        "parent": "e99041da-3561-428d-9b87-2011044f1720",
        "logId": "2c8f1d8d-f670-4e55-bc0c-77c8eb17f05d"
      },
      "log": {
        "_logger": {
          "category": "DurationEvent",
          "context": {},
          "callStackSkipIndex": 0
        },
        "_filelogger": {
          "category": "debug-file",
          "context": {},
          "callStackSkipIndex": 0
        },
        "anonymizeFileLogger": {
          "fileLogger": {
            "category": "debug-file",
            "context": {},
            "callStackSkipIndex": 0
          }
        }
      }
    },
    {
      "head": {
        "id": "4834d647-396d-494b-a799-78a71907618a",
        "name": "hvigorfile, resolving F:\\DevEcoStudioProject\\ui_project\\hvigorfile.ts",
        "description": "",
        "type": "log"
      },
      "body": {
        "pid": 9272,
        "tid": "Main Thread",
        "startTime": 43901774031200
      },
      "additional": {
        "logType": "debug",
        "children": []
      }
    },
    {
      "head": {
        "id": "240e87f6-627e-4ee1-ac9b-e606f45c4811",
        "name": "hvigorfile, require result:  { default: { system: [Function: appTasks], plugins: [] } }",
        "description": "",
        "type": "log"
      },
      "body": {
        "pid": 9272,
        "tid": "Main Thread",
        "startTime": 43901782587400
      },
      "additional": {
        "logType": "debug",
        "children": []
      }
    },
    {
      "head": {
        "id": "80878c15-22fa-4861-b519-c2d4eb341ca1",
        "name": "require hvigorfile",
        "description": "",
        "type": "log"
      },
      "body": {
        "pid": 9272,
        "tid": "Main Thread",
        "startTime": 43901774026900,
        "endTime": 43901782810200
      },
      "additional": {
        "logType": "info",
        "children": [],
        "durationId": "97b263ab-22c6-4522-9cda-26fbcfee0b8b",
        "parent": "706e2289-ddea-432c-824e-2e3e8c61aa1a"
      }
    },
    {
      "head": {
        "id": "6118e959-84d9-4bfe-a9d6-58be98b67709",
        "name": "hvigorfile, binding system plugins [Function: appTasks]",
        "description": "",
        "type": "log"
      },
      "body": {
        "pid": 9272,
        "tid": "Main Thread",
        "startTime": 43901782878300
      },
      "additional": {
        "logType": "debug",
        "children": []
      }
    },
    {
      "head": {
        "id": "67445380-95bb-40f3-a516-47a09031b260",
        "name": "Start initialize project's product build option map with build mode debug.",
        "description": "",
        "type": "log"
      },
      "body": {
        "pid": 9272,
        "tid": "Main Thread",
        "startTime": 43901792948500
      },
      "additional": {
        "logType": "debug",
        "children": []
      }
    },
    {
      "head": {
        "id": "f0bbeea2-1efa-4520-b8c4-8399a6f29519",
        "name": "Picking option from product 'default' with build mode 'debug'.",
        "description": "",
        "type": "log"
      },
      "body": {
        "pid": 9272,
        "tid": "Main Thread",
        "startTime": 43901793129900
      },
      "additional": {
        "logType": "debug",
        "children": []
      }
    },
    {
      "head": {
        "id": "ce72a9a5-bcad-4b1b-823d-a4d753561813",
        "name": "Product 'default' build option initialized",
        "description": "",
        "type": "log"
      },
      "body": {
        "pid": 9272,
        "tid": "Main Thread",
        "startTime": 43901793320900
      },
      "additional": {
        "logType": "debug",
        "children": []
      }
    },
    {
      "head": {
        "id": "aca6d3c9-97ea-4e0f-b122-35f0b5765ff9",
        "name": "End initialize project's product build option map with build mode 'debug'.",
        "description": "",
        "type": "log"
      },
      "body": {
        "pid": 9272,
        "tid": "Main Thread",
        "startTime": 43901793512900
      },
      "additional": {
        "logType": "debug",
        "children": []
      }
    },
    {
      "head": {
        "id": "52b67306-983d-41d4-b473-958ddbbdc640",
        "name": "Obtain build option for product 'default'in this build.",
        "description": "",
        "type": "log"
      },
      "body": {
        "pid": 9272,
        "tid": "Main Thread",
        "startTime": 43901796810600
      },
      "additional": {
        "logType": "debug",
        "children": []
      }
    },
    {
      "head": {
        "id": "fd485a35-41cb-4a75-8fdb-6f797411b461",
        "name": "No signingConfig found, initRemoteHspCache failed.",
        "description": "",
        "type": "log"
      },
      "body": {
        "pid": 9272,
        "tid": "Main Thread",
        "startTime": 43901800806000
      },
      "additional": {
        "logType": "debug",
        "children": []
      }
    },
    {
      "head": {
        "id": "b7a48a8c-38bd-4bc8-9a70-32dad08712f5",
        "name": "Start recording SDK configuration permission data.",
        "description": "",
        "type": "log"
      },
      "body": {
        "pid": 9272,
        "tid": "Main Thread",
        "startTime": 43901803869400
      },
      "additional": {
        "logType": "debug",
        "children": []
      }
    },
    {
      "head": {
        "id": "cdc1d6c9-5f9d-458a-962f-a18c6e58142e",
        "name": "Sdk init in 36 ms ",
        "description": "",
        "type": "log"
      },
      "body": {
        "pid": 9272,
        "tid": "Main Thread",
        "startTime": 43901837416600
      },
      "additional": {
        "logType": "debug",
        "children": []
      }
    },
    {
      "head": {
        "id": "eca18db0-7583-42b5-9b45-775464d29442",
        "name": "sdkVersion",
        "description": "5.1.1.208",
        "type": "mark"
      },
      "body": {
        "pid": 9272,
        "tid": "Main Thread",
        "startTime": 43901838150600
      },
      "additional": {
        "time": {
          "year": 2025,
          "month": 9,
          "day": 29,
          "hour": 9,
          "minute": 54,
          "second": 27
        },
        "markType": "other"
      }
    },
    {
      "head": {
        "id": "5d3200b7-1044-436a-a2fa-32322acc912b",
        "name": "caseSensitiveCheckOn",
        "description": "caseSensitiveCheck check is on",
        "type": "mark"
      },
      "body": {
        "pid": 9272,
        "tid": "Main Thread",
        "startTime": 43901838258000
      },
      "additional": {
        "time": {
          "year": 2025,
          "month": 9,
          "day": 29,
          "hour": 9,
          "minute": 54,
          "second": 27
        },
        "markType": "other"
      }
    },
    {
      "head": {
        "id": "abcf7392-a5d6-4e67-92de-a0913575d44f",
        "name": "Project task initialization takes 3 ms ",
        "description": "",
        "type": "log"
      },
      "body": {
        "pid": 9272,
        "tid": "Main Thread",
        "startTime": 43901841534900
      },
      "additional": {
        "logType": "debug",
        "children": []
      }
    },
    {
      "head": {
        "id": "a473cf58-5132-4263-8da9-a8636dfa8c7c",
        "name": "hvigorfile, binding custom plugins []",
        "description": "",
        "type": "log"
      },
      "body": {
        "pid": 9272,
        "tid": "Main Thread",
        "startTime": 43901841670300
      },
      "additional": {
        "logType": "debug",
        "children": []
      }
    },
    {
      "head": {
        "id": "28818274-b51e-4593-8a60-e3c905ebcf3f",
        "name": "hvigorfile, no custom plugins were found in F:\\DevEcoStudioProject\\ui_project\\hvigorfile.ts",
        "description": "",
        "type": "log"
      },
      "body": {
        "pid": 9272,
        "tid": "Main Thread",
        "startTime": 43901841745800
      },
      "additional": {
        "logType": "debug",
        "children": []
      }
    },
    {
      "head": {
        "id": "161af32b-e6d9-4851-9c56-76fe4ed79333",
        "name": "hvigorfile, resolve finished F:\\DevEcoStudioProject\\ui_project\\hvigorfile.ts",
        "description": "",
        "type": "log"
      },
      "body": {
        "pid": 9272,
        "tid": "Main Thread",
        "startTime": 43901841805700
      },
      "additional": {
        "logType": "debug",
        "children": []
      }
    },
    {
      "head": {
        "id": "2c8f1d8d-f670-4e55-bc0c-77c8eb17f05d",
        "name": "bind plugins",
        "description": "",
        "type": "log"
      },
      "body": {
        "pid": 9272,
        "tid": "Main Thread",
        "startTime": 43901782846800,
        "endTime": 43901841860700
      },
      "additional": {
        "logType": "info",
        "children": [],
        "durationId": "ff7b0c93-a040-4e5a-9ee7-91267f569ff7",
        "parent": "706e2289-ddea-432c-824e-2e3e8c61aa1a"
      }
    },
    {
      "head": {
        "id": "706e2289-ddea-432c-824e-2e3e8c61aa1a",
        "name": "eval hvigorfile",
        "description": "",
        "type": "log"
      },
      "body": {
        "pid": 9272,
        "tid": "Main Thread",
        "startTime": 43901774026500,
        "endTime": 43901841874200
      },
      "additional": {
        "logType": "info",
        "children": [
          "80878c15-22fa-4861-b519-c2d4eb341ca1",
          "2c8f1d8d-f670-4e55-bc0c-77c8eb17f05d"
        ],
        "durationId": "e99041da-3561-428d-9b87-2011044f1720",
        "parent": "4496e1cf-6929-496b-879f-f500705e3d6d"
      }
    },
    {
      "head": {
        "id": "1718f1d2-c947-408a-ab74-d3535355356d",
        "name": "\"afterNodeEvaluate\" hook function",
        "description": "",
        "type": "duration"
      },
      "body": {
        "pid": 9272,
        "tid": "Main Thread",
        "startTime": 43901841914200,
        "endTime": 43901841924100
      },
      "additional": {
        "children": [],
        "state": "success",
        "targetName": "",
        "moduleName": "",
        "category": "",
        "taskRunReasons": [],
        "parent": "f5cd7121-065f-430c-afa7-74cae5a3b678",
        "logId": "5f7529ab-1d78-4800-bd3f-e6b10048f950"
      },
      "log": {
        "_logger": {
          "category": "DurationEvent",
          "context": {},
          "callStackSkipIndex": 0
        },
        "_filelogger": {
          "category": "debug-file",
          "context": {},
          "callStackSkipIndex": 0
        },
        "anonymizeFileLogger": {
          "fileLogger": {
            "category": "debug-file",
            "context": {},
            "callStackSkipIndex": 0
          }
        }
      }
    },
    {
      "head": {
        "id": "5f7529ab-1d78-4800-bd3f-e6b10048f950",
        "name": "\"afterNodeEvaluate\" hook function",
        "description": "",
        "type": "log"
      },
      "body": {
        "pid": 9272,
        "tid": "Main Thread",
        "startTime": 43901841914200,
        "endTime": 43901841924100
      },
      "additional": {
        "logType": "info",
        "children": [],
        "durationId": "1718f1d2-c947-408a-ab74-d3535355356d",
        "parent": "4496e1cf-6929-496b-879f-f500705e3d6d"
      }
    },
    {
      "head": {
        "id": "4496e1cf-6929-496b-879f-f500705e3d6d",
        "name": "eval project",
        "description": "",
        "type": "log"
      },
      "body": {
        "pid": 9272,
        "tid": "Main Thread",
        "startTime": 43901773816700,
        "endTime": 43901841932200
      },
      "additional": {
        "logType": "info",
        "children": [
          "e8654cab-46a8-48c8-88e1-beb9e6446e16",
          "706e2289-ddea-432c-824e-2e3e8c61aa1a",
          "5f7529ab-1d78-4800-bd3f-e6b10048f950"
        ],
        "durationId": "f5cd7121-065f-430c-afa7-74cae5a3b678",
        "parent": "d9502846-1e45-4c55-8d28-b9e3cde2e790"
      }
    },
    {
      "head": {
        "id": "59c46a0d-ce63-4a89-a478-308650519c77",
        "name": "eval submodule",
        "description": "Evaluate submodule.",
        "type": "duration"
      },
      "body": {
        "pid": 9272,
        "tid": "Main Thread",
        "startTime": 43901841953800,
        "endTime": 43901855092700
      },
      "additional": {
        "children": [
          "e758bae1-9edc-4d7c-b934-89391273722f",
          "4d8a9ce2-2dfe-4f84-9a18-e5a29522f040",
          "8cff1b29-52c5-4990-bc2d-54af0e513c2b"
        ],
        "state": "success",
        "targetName": "",
        "moduleName": "",
        "category": "",
        "taskRunReasons": [],
        "parent": "52358597-677a-4f29-88b6-aec9065f73cb",
        "logId": "5d6ebd72-e2de-4b8a-9db3-3f8e5dfeb2c4"
      },
      "log": {
        "_logger": {
          "category": "DurationEvent",
          "context": {},
          "callStackSkipIndex": 0
        },
        "_filelogger": {
          "category": "debug-file",
          "context": {},
          "callStackSkipIndex": 0
        },
        "anonymizeFileLogger": {
          "fileLogger": {
            "category": "debug-file",
            "context": {},
            "callStackSkipIndex": 0
          }
        }
      }
    },
    {
      "head": {
        "id": "e758bae1-9edc-4d7c-b934-89391273722f",
        "name": "\"beforeNodeEvaluate\" hook function",
        "description": "",
        "type": "duration"
      },
      "body": {
        "pid": 9272,
        "tid": "Main Thread",
        "startTime": 43901842037500,
        "endTime": 43901842043800
      },
      "additional": {
        "children": [],
        "state": "success",
        "targetName": "",
        "moduleName": "",
        "category": "",
        "taskRunReasons": [],
        "parent": "59c46a0d-ce63-4a89-a478-308650519c77",
        "logId": "610304c5-677d-48de-810a-48870b7b45c0"
      },
      "log": {
        "_logger": {
          "category": "DurationEvent",
          "context": {},
          "callStackSkipIndex": 0
        },
        "_filelogger": {
          "category": "debug-file",
          "context": {},
          "callStackSkipIndex": 0
        },
        "anonymizeFileLogger": {
          "fileLogger": {
            "category": "debug-file",
            "context": {},
            "callStackSkipIndex": 0
          }
        }
      }
    },
    {
      "head": {
        "id": "610304c5-677d-48de-810a-48870b7b45c0",
        "name": "\"beforeNodeEvaluate\" hook function",
        "description": "",
        "type": "log"
      },
      "body": {
        "pid": 9272,
        "tid": "Main Thread",
        "startTime": 43901842037500,
        "endTime": 43901842043800
      },
      "additional": {
        "logType": "info",
        "children": [],
        "durationId": "e758bae1-9edc-4d7c-b934-89391273722f",
        "parent": "5d6ebd72-e2de-4b8a-9db3-3f8e5dfeb2c4"
      }
    },
    {
      "head": {
        "id": "4d8a9ce2-2dfe-4f84-9a18-e5a29522f040",
        "name": "eval hvigorfile",
        "description": "Evaluate hvigorfile.",
        "type": "duration"
      },
      "body": {
        "pid": 9272,
        "tid": "Main Thread",
        "startTime": 43901842178600,
        "endTime": 43901854444200
      },
      "additional": {
        "children": [
          "d009c66d-af19-4124-bdb9-66f246b68d48",
          "66005d22-7c18-47d0-b6f6-a4b2b081f7cf"
        ],
        "state": "success",
        "targetName": "",
        "moduleName": "",
        "category": "",
        "taskRunReasons": [],
        "parent": "59c46a0d-ce63-4a89-a478-308650519c77",
        "logId": "a0f2c9d2-2118-4a99-a3a5-43af2481827b"
      },
      "log": {
        "_logger": {
          "category": "DurationEvent",
          "context": {},
          "callStackSkipIndex": 0
        },
        "_filelogger": {
          "category": "debug-file",
          "context": {},
          "callStackSkipIndex": 0
        },
        "anonymizeFileLogger": {
          "fileLogger": {
            "category": "debug-file",
            "context": {},
            "callStackSkipIndex": 0
          }
        }
      }
    },
    {
      "head": {
        "id": "d009c66d-af19-4124-bdb9-66f246b68d48",
        "name": "require hvigorfile",
        "description": "Require hvigorfile.",
        "type": "duration"
      },
      "body": {
        "pid": 9272,
        "tid": "Main Thread",
        "startTime": 43901842179000,
        "endTime": 43901846397700
      },
      "additional": {
        "children": [],
        "state": "success",
        "targetName": "",
        "moduleName": "",
        "category": "",
        "taskRunReasons": [],
        "parent": "4d8a9ce2-2dfe-4f84-9a18-e5a29522f040",
        "logId": "2707490b-5e00-4be7-b4fa-e845cf3c2a31"
      },
      "log": {
        "_logger": {
          "category": "DurationEvent",
          "context": {},
          "callStackSkipIndex": 0
        },
        "_filelogger": {
          "category": "debug-file",
          "context": {},
          "callStackSkipIndex": 0
        },
        "anonymizeFileLogger": {
          "fileLogger": {
            "category": "debug-file",
            "context": {},
            "callStackSkipIndex": 0
          }
        }
      }
    },
    {
      "head": {
        "id": "66005d22-7c18-47d0-b6f6-a4b2b081f7cf",
        "name": "bind plugins",
        "description": "Bind plugins.",
        "type": "duration"
      },
      "body": {
        "pid": 9272,
        "tid": "Main Thread",
        "startTime": 43901846417600,
        "endTime": 43901854421800
      },
      "additional": {
        "children": [],
        "state": "success",
        "targetName": "",
        "moduleName": "",
        "category": "",
        "taskRunReasons": [],
        "parent": "4d8a9ce2-2dfe-4f84-9a18-e5a29522f040",
        "logId": "50c205f3-d0fb-4855-b07b-5faa09149efc"
      },
      "log": {
        "_logger": {
          "category": "DurationEvent",
          "context": {},
          "callStackSkipIndex": 0
        },
        "_filelogger": {
          "category": "debug-file",
          "context": {},
          "callStackSkipIndex": 0
        },
        "anonymizeFileLogger": {
          "fileLogger": {
            "category": "debug-file",
            "context": {},
            "callStackSkipIndex": 0
          }
        }
      }
    },
    {
      "head": {
        "id": "a0ebf08a-d032-4192-9f23-cd5a42e135fa",
        "name": "hvigorfile, resolving F:\\DevEcoStudioProject\\ui_project\\entry\\hvigorfile.ts",
        "description": "",
        "type": "log"
      },
      "body": {
        "pid": 9272,
        "tid": "Main Thread",
        "startTime": 43901842181600
      },
      "additional": {
        "logType": "debug",
        "children": []
      }
    },
    {
      "head": {
        "id": "d8b2fb05-485d-4e3e-8405-a91cf25c76fe",
        "name": "hvigorfile, require result:  { default: { system: [Function: hapTasks], plugins: [] } }",
        "description": "",
        "type": "log"
      },
      "body": {
        "pid": 9272,
        "tid": "Main Thread",
        "startTime": 43901846245400
      },
      "additional": {
        "logType": "debug",
        "children": []
      }
    },
    {
      "head": {
        "id": "2707490b-5e00-4be7-b4fa-e845cf3c2a31",
        "name": "require hvigorfile",
        "description": "",
        "type": "log"
      },
      "body": {
        "pid": 9272,
        "tid": "Main Thread",
        "startTime": 43901842179000,
        "endTime": 43901846397700
      },
      "additional": {
        "logType": "info",
        "children": [],
        "durationId": "d009c66d-af19-4124-bdb9-66f246b68d48",
        "parent": "a0f2c9d2-2118-4a99-a3a5-43af2481827b"
      }
    },
    {
      "head": {
        "id": "2fc2c950-6e0f-4adb-bdfe-d209dc1a4648",
        "name": "hvigorfile, binding system plugins [Function: hapTasks]",
        "description": "",
        "type": "log"
      },
      "body": {
        "pid": 9272,
        "tid": "Main Thread",
        "startTime": 43901846436800
      },
      "additional": {
        "logType": "debug",
        "children": []
      }
    },
    {
      "head": {
        "id": "08b9390e-0c23-469c-89a4-773112409cbe",
        "name": "failed to load cangjie to dynamically generate schemas: Error: Cannot find module '@ohos/cangjie-build-support/index'\nRequire stack:\n- F:\\deveco5.1.1\\DevEco Studio\\tools\\hvigor\\hvigor-ohos-plugin\\src\\plugin\\factory\\plugin-factory.js\n- F:\\deveco5.1.1\\DevEco Studio\\tools\\hvigor\\hvigor-ohos-plugin\\index.js\n- F:\\DevEcoStudioProject\\ui_project\\hvigorfile.ts\n- F:\\deveco5.1.1\\DevEco Studio\\tools\\hvigor\\hvigor\\src\\base\\internal\\lifecycle\\configuration.js\n- F:\\deveco5.1.1\\DevEco Studio\\tools\\hvigor\\hvigor\\src\\base\\boot\\index.js\n- F:\\deveco5.1.1\\DevEco Studio\\tools\\hvigor\\hvigor\\src\\base\\daemon\\cluster\\worker-process-lifecycle.js\n- F:\\deveco5.1.1\\DevEco Studio\\tools\\hvigor\\hvigor\\src\\base\\daemon\\process\\daemon-process-boot-script.js",
        "description": "",
        "type": "log"
      },
      "body": {
        "pid": 9272,
        "tid": "Main Thread",
        "startTime": 43901847298900
      },
      "additional": {
        "logType": "debug",
        "children": []
      }
    },
    {
      "head": {
        "id": "4258ee54-ef3b-4aad-b20c-ce4f3b092c15",
        "name": "Start initialize module-target build option map, moduleName=entry, buildMode=debug",
        "description": "",
        "type": "log"
      },
      "body": {
        "pid": 9272,
        "tid": "Main Thread",
        "startTime": 43901849345900
      },
      "additional": {
        "logType": "debug",
        "children": []
      }
    },
    {
      "head": {
        "id": "5b77e0a6-584b-4247-a710-a902301814b1",
        "name": "Target 'default' config initialized",
        "description": "",
        "type": "log"
      },
      "body": {
        "pid": 9272,
        "tid": "Main Thread",
        "startTime": 43901849486300
      },
      "additional": {
        "logType": "debug",
        "children": []
      }
    },
    {
      "head": {
        "id": "7116b4e3-7957-4270-a180-84122901ce41",
        "name": "Target 'ohosTest' config initialized",
        "description": "",
        "type": "log"
      },
      "body": {
        "pid": 9272,
        "tid": "Main Thread",
        "startTime": 43901849684900
      },
      "additional": {
        "logType": "debug",
        "children": []
      }
    },
    {
      "head": {
        "id": "6b631554-e166-4699-97a9-d2fe8fbf27a9",
        "name": "Module 'entry' target 'default' build option initialized",
        "description": "",
        "type": "log"
      },
      "body": {
        "pid": 9272,
        "tid": "Main Thread",
        "startTime": 43901849839700
      },
      "additional": {
        "logType": "debug",
        "children": []
      }
    },
    {
      "head": {
        "id": "dab5eb92-619a-4032-af35-b74d14431eec",
        "name": "Module 'entry' target 'ohosTest' build option initialized",
        "description": "",
        "type": "log"
      },
      "body": {
        "pid": 9272,
        "tid": "Main Thread",
        "startTime": 43901849905600
      },
      "additional": {
        "logType": "debug",
        "children": []
      }
    },
    {
      "head": {
        "id": "86474f6c-6a3d-47f2-8eaa-ba2078b3db6c",
        "name": "End initialize module-target build option map, moduleName=entry",
        "description": "",
        "type": "log"
      },
      "body": {
        "pid": 9272,
        "tid": "Main Thread",
        "startTime": 43901849959500
      },
      "additional": {
        "logType": "debug",
        "children": []
      }
    },
    {
      "head": {
        "id": "daaa44f2-e564-4e59-8c12-3a41aaf382f4",
        "name": "Start initialize module-target build option map, moduleName=entry, buildMode=release",
        "description": "",
        "type": "log"
      },
      "body": {
        "pid": 9272,
        "tid": "Main Thread",
        "startTime": 43901850963700
      },
      "additional": {
        "logType": "debug",
        "children": []
      }
    },
    {
      "head": {
        "id": "375aef84-8ccc-4fc4-b1ab-4888a5e3cbc7",
        "name": "Target 'default' config initialized",
        "description": "",
        "type": "log"
      },
      "body": {
        "pid": 9272,
        "tid": "Main Thread",
        "startTime": 43901851094600
      },
      "additional": {
        "logType": "debug",
        "children": []
      }
    },
    {
      "head": {
        "id": "5c3765ea-9c98-422a-85fd-e5c4a5a73d8e",
        "name": "Target 'ohosTest' config initialized",
        "description": "",
        "type": "log"
      },
      "body": {
        "pid": 9272,
        "tid": "Main Thread",
        "startTime": 43901851416700
      },
      "additional": {
        "logType": "debug",
        "children": []
      }
    },
    {
      "head": {
        "id": "6be967e3-7f85-4dc1-ab45-f6bdcd4b30b1",
        "name": "Module 'entry' target 'default' build option initialized",
        "description": "",
        "type": "log"
      },
      "body": {
        "pid": 9272,
        "tid": "Main Thread",
        "startTime": 43901851611800
      },
      "additional": {
        "logType": "debug",
        "children": []
      }
    },
    {
      "head": {
        "id": "f2fc5b31-4e6a-40c5-8dbb-98157ee1500b",
        "name": "Module 'entry' target 'ohosTest' build option initialized",
        "description": "",
        "type": "log"
      },
      "body": {
        "pid": 9272,
        "tid": "Main Thread",
        "startTime": 43901851680200
      },
      "additional": {
        "logType": "debug",
        "children": []
      }
    },
    {
      "head": {
        "id": "a09a1ba3-5f7c-4123-8937-9eb4c3149f45",
        "name": "End initialize module-target build option map, moduleName=entry",
        "description": "",
        "type": "log"
      },
      "body": {
        "pid": 9272,
        "tid": "Main Thread",
        "startTime": 43901851738400
      },
      "additional": {
        "logType": "debug",
        "children": []
      }
    },
    {
      "head": {
        "id": "1268eb10-231a-4ef1-9cf6-1341e92e391d",
        "name": "Start initialize module-target build option map, moduleName=entry, buildMode=debug",
        "description": "",
        "type": "log"
      },
      "body": {
        "pid": 9272,
        "tid": "Main Thread",
        "startTime": 43901851836100
      },
      "additional": {
        "logType": "debug",
        "children": []
      }
    },
    {
      "head": {
        "id": "24993b44-8ba9-4ade-b87b-3e11d98b79b6",
        "name": "Target 'default' config initialized",
        "description": "",
        "type": "log"
      },
      "body": {
        "pid": 9272,
        "tid": "Main Thread",
        "startTime": 43901851907100
      },
      "additional": {
        "logType": "debug",
        "children": []
      }
    },
    {
      "head": {
        "id": "5525a3b6-1f9d-42e8-8d27-8aa104ae6b15",
        "name": "Target 'ohosTest' config initialized",
        "description": "",
        "type": "log"
      },
      "body": {
        "pid": 9272,
        "tid": "Main Thread",
        "startTime": 43901852047900
      },
      "additional": {
        "logType": "debug",
        "children": []
      }
    },
    {
      "head": {
        "id": "0cb6afd8-9e54-4ac1-9447-a5749831f05a",
        "name": "Module 'entry' target 'default' build option initialized",
        "description": "",
        "type": "log"
      },
      "body": {
        "pid": 9272,
        "tid": "Main Thread",
        "startTime": 43901852186500
      },
      "additional": {
        "logType": "debug",
        "children": []
      }
    },
    {
      "head": {
        "id": "cd161404-3482-4e73-a623-3a63b263f4eb",
        "name": "Module 'entry' target 'ohosTest' build option initialized",
        "description": "",
        "type": "log"
      },
      "body": {
        "pid": 9272,
        "tid": "Main Thread",
        "startTime": 43901852245400
      },
      "additional": {
        "logType": "debug",
        "children": []
      }
    },
    {
      "head": {
        "id": "9b7e1c74-2708-417c-96ac-9d79686d31f2",
        "name": "End initialize module-target build option map, moduleName=entry",
        "description": "",
        "type": "log"
      },
      "body": {
        "pid": 9272,
        "tid": "Main Thread",
        "startTime": 43901852296300
      },
      "additional": {
        "logType": "debug",
        "children": []
      }
    },
    {
      "head": {
        "id": "6ac8630c-324d-4dd0-a090-9e427bdd390e",
        "name": "Obtain build option for module 'entry' target 'default'in this build.",
        "description": "",
        "type": "log"
      },
      "body": {
        "pid": 9272,
        "tid": "Main Thread",
        "startTime": 43901852361700
      },
      "additional": {
        "logType": "debug",
        "children": []
      }
    },
    {
      "head": {
        "id": "458f0df1-bafd-464f-a613-1d79ff693bab",
        "name": "Module entry task initialization takes 1 ms ",
        "description": "",
        "type": "log"
      },
      "body": {
        "pid": 9272,
        "tid": "Main Thread",
        "startTime": 43901853807700
      },
      "additional": {
        "logType": "debug",
        "children": []
      }
    },
    {
      "head": {
        "id": "766dd768-c6fc-465e-a8ae-07b396c8c3a7",
        "name": "hvigorfile, binding custom plugins []",
        "description": "",
        "type": "log"
      },
      "body": {
        "pid": 9272,
        "tid": "Main Thread",
        "startTime": 43901853999500
      },
      "additional": {
        "logType": "debug",
        "children": []
      }
    },
    {
      "head": {
        "id": "0fde0c79-00d7-4cc3-a963-ac337e8dd57b",
        "name": "hvigorfile, no custom plugins were found in F:\\DevEcoStudioProject\\ui_project\\entry\\hvigorfile.ts",
        "description": "",
        "type": "log"
      },
      "body": {
        "pid": 9272,
        "tid": "Main Thread",
        "startTime": 43901854101200
      },
      "additional": {
        "logType": "debug",
        "children": []
      }
    },
    {
      "head": {
        "id": "282cbcd1-b1e0-496b-8b12-f6dfac237eee",
        "name": "hvigorfile, resolve finished F:\\DevEcoStudioProject\\ui_project\\entry\\hvigorfile.ts",
        "description": "",
        "type": "log"
      },
      "body": {
        "pid": 9272,
        "tid": "Main Thread",
        "startTime": 43901854274000
      },
      "additional": {
        "logType": "debug",
        "children": []
      }
    },
    {
      "head": {
        "id": "50c205f3-d0fb-4855-b07b-5faa09149efc",
        "name": "bind plugins",
        "description": "",
        "type": "log"
      },
      "body": {
        "pid": 9272,
        "tid": "Main Thread",
        "startTime": 43901846417600,
        "endTime": 43901854421800
      },
      "additional": {
        "logType": "info",
        "children": [],
        "durationId": "66005d22-7c18-47d0-b6f6-a4b2b081f7cf",
        "parent": "a0f2c9d2-2118-4a99-a3a5-43af2481827b"
      }
    },
    {
      "head": {
        "id": "a0f2c9d2-2118-4a99-a3a5-43af2481827b",
        "name": "eval hvigorfile",
        "description": "",
        "type": "log"
      },
      "body": {
        "pid": 9272,
        "tid": "Main Thread",
        "startTime": 43901842178600,
        "endTime": 43901854444200
      },
      "additional": {
        "logType": "info",
        "children": [
          "2707490b-5e00-4be7-b4fa-e845cf3c2a31",
          "50c205f3-d0fb-4855-b07b-5faa09149efc"
        ],
        "durationId": "4d8a9ce2-2dfe-4f84-9a18-e5a29522f040",
        "parent": "5d6ebd72-e2de-4b8a-9db3-3f8e5dfeb2c4"
      }
    },
    {
      "head": {
        "id": "8cff1b29-52c5-4990-bc2d-54af0e513c2b",
        "name": "\"afterNodeEvaluate\" hook function",
        "description": "",
        "type": "duration"
      },
      "body": {
        "pid": 9272,
        "tid": "Main Thread",
        "startTime": 43901855057400,
        "endTime": 43901855072600
      },
      "additional": {
        "children": [],
        "state": "success",
        "targetName": "",
        "moduleName": "",
        "category": "",
        "taskRunReasons": [],
        "parent": "59c46a0d-ce63-4a89-a478-308650519c77",
        "logId": "98874ffb-3854-47b8-91ec-cf6df154912a"
      },
      "log": {
        "_logger": {
          "category": "DurationEvent",
          "context": {},
          "callStackSkipIndex": 0
        },
        "_filelogger": {
          "category": "debug-file",
          "context": {},
          "callStackSkipIndex": 0
        },
        "anonymizeFileLogger": {
          "fileLogger": {
            "category": "debug-file",
            "context": {},
            "callStackSkipIndex": 0
          }
        }
      }
    },
    {
      "head": {
        "id": "98874ffb-3854-47b8-91ec-cf6df154912a",
        "name": "\"afterNodeEvaluate\" hook function",
        "description": "",
        "type": "log"
      },
      "body": {
        "pid": 9272,
        "tid": "Main Thread",
        "startTime": 43901855057400,
        "endTime": 43901855072600
      },
      "additional": {
        "logType": "info",
        "children": [],
        "durationId": "8cff1b29-52c5-4990-bc2d-54af0e513c2b",
        "parent": "5d6ebd72-e2de-4b8a-9db3-3f8e5dfeb2c4"
      }
    },
    {
      "head": {
        "id": "5d6ebd72-e2de-4b8a-9db3-3f8e5dfeb2c4",
        "name": "eval submodule",
        "description": "",
        "type": "log"
      },
      "body": {
        "pid": 9272,
        "tid": "Main Thread",
        "startTime": 43901841953800,
        "endTime": 43901855092700
      },
      "additional": {
        "logType": "info",
        "children": [
          "610304c5-677d-48de-810a-48870b7b45c0",
          "a0f2c9d2-2118-4a99-a3a5-43af2481827b",
          "98874ffb-3854-47b8-91ec-cf6df154912a"
        ],
        "durationId": "59c46a0d-ce63-4a89-a478-308650519c77",
        "parent": "8410ef2f-b640-4f8e-8c7e-53f792aad310"
      }
    },
    {
      "head": {
        "id": "8410ef2f-b640-4f8e-8c7e-53f792aad310",
        "name": "eval modules",
        "description": "",
        "type": "log"
      },
      "body": {
        "pid": 9272,
        "tid": "Main Thread",
        "startTime": 43901841945100,
        "endTime": 43901855112800
      },
      "additional": {
        "logType": "info",
        "children": [
          "5d6ebd72-e2de-4b8a-9db3-3f8e5dfeb2c4"
        ],
        "durationId": "52358597-677a-4f29-88b6-aec9065f73cb",
        "parent": "d9502846-1e45-4c55-8d28-b9e3cde2e790"
      }
    },
    {
      "head": {
        "id": "a39953b6-c74d-45ef-aa24-791016862d7d",
        "name": "watch files: [\n  'F:\\\\DevEcoStudioProject\\\\ui_project\\\\hvigorfile.ts',\n  'F:\\\\DevEcoStudioProject\\\\ui_project\\\\entry\\\\hvigorfile.ts'\n]",
        "description": "",
        "type": "log"
      },
      "body": {
        "pid": 9272,
        "tid": "Main Thread",
        "startTime": 43901879420800
      },
      "additional": {
        "logType": "debug",
        "children": []
      }
    },
    {
      "head": {
        "id": "a9cf036b-7325-4293-8b93-4ee49c6d541d",
        "name": "hvigorfile, resolve hvigorfile dependencies in 25 ms ",
        "description": "",
        "type": "log"
      },
      "body": {
        "pid": 9272,
        "tid": "Main Thread",
        "startTime": 43901880039900
      },
      "additional": {
        "logType": "debug",
        "children": []
      }
    },
    {
      "head": {
        "id": "de6ace20-5df8-47fd-a987-00ffe327b668",
        "name": "add config dependencies",
        "description": "",
        "type": "log"
      },
      "body": {
        "pid": 9272,
        "tid": "Main Thread",
        "startTime": 43901855122000,
        "endTime": 43901880140000
      },
      "additional": {
        "logType": "info",
        "children": [],
        "durationId": "65a2ac18-ddda-4f84-a1e4-3c509e3c43fd",
        "parent": "d9502846-1e45-4c55-8d28-b9e3cde2e790"
      }
    },
    {
      "head": {
        "id": "81781cc6-4251-42cd-befd-94f4ccec35e0",
        "name": "\"nodesEvaluated\" hook function",
        "description": "",
        "type": "duration"
      },
      "body": {
        "pid": 9272,
        "tid": "Main Thread",
        "startTime": 43901880201300,
        "endTime": 43901880587700
      },
      "additional": {
        "children": [],
        "state": "success",
        "targetName": "",
        "moduleName": "",
        "category": "",
        "taskRunReasons": [],
        "parent": "36f148a7-dd88-481b-94e7-676fffd68039",
        "logId": "6572936a-bca9-467c-b85d-2f65e593b046"
      },
      "log": {
        "_logger": {
          "category": "DurationEvent",
          "context": {},
          "callStackSkipIndex": 0
        },
        "_filelogger": {
          "category": "debug-file",
          "context": {},
          "callStackSkipIndex": 0
        },
        "anonymizeFileLogger": {
          "fileLogger": {
            "category": "debug-file",
            "context": {},
            "callStackSkipIndex": 0
          }
        }
      }
    },
    {
      "head": {
        "id": "5f2adaaf-1ced-4dac-a15a-6572d9d57d27",
        "name": "project has submodules:entry",
        "description": "",
        "type": "log"
      },
      "body": {
        "pid": 9272,
        "tid": "Main Thread",
        "startTime": 43901880240400
      },
      "additional": {
        "logType": "debug",
        "children": []
      }
    },
    {
      "head": {
        "id": "6572936a-bca9-467c-b85d-2f65e593b046",
        "name": "\"nodesEvaluated\" hook function",
        "description": "",
        "type": "log"
      },
      "body": {
        "pid": 9272,
        "tid": "Main Thread",
        "startTime": 43901880201300,
        "endTime": 43901880587700
      },
      "additional": {
        "logType": "info",
        "children": [],
        "durationId": "81781cc6-4251-42cd-befd-94f4ccec35e0",
        "parent": "d9502846-1e45-4c55-8d28-b9e3cde2e790"
      }
    },
    {
      "head": {
        "id": "0e5fb3a3-962f-4ca9-9299-65d9a01516dd",
        "name": "start to load updatedOhPackageInfo to the disk",
        "description": "",
        "type": "log"
      },
      "body": {
        "pid": 9272,
        "tid": "Main Thread",
        "startTime": 43901881275500
      },
      "additional": {
        "logType": "debug",
        "children": []
      }
    },
    {
      "head": {
        "id": "3e64ca92-eb02-4756-a0b4-fa94e23e5569",
        "name": "load to the disk finished",
        "description": "",
        "type": "log"
      },
      "body": {
        "pid": 9272,
        "tid": "Main Thread",
        "startTime": 43901885229700
      },
      "additional": {
        "logType": "debug",
        "children": []
      }
    },
    {
      "head": {
        "id": "aa74363e-4609-46e4-9cab-9e9623a0d78a",
        "name": "ohpm install",
        "description": "",
        "type": "log"
      },
      "body": {
        "pid": 9272,
        "tid": "Main Thread",
        "startTime": 43901880605000,
        "endTime": 43901886426900
      },
      "additional": {
        "logType": "info",
        "children": [],
        "durationId": "6029cbb6-3e9e-44fd-95f8-95cc20b7570d",
        "parent": "d9502846-1e45-4c55-8d28-b9e3cde2e790"
      }
    },
    {
      "head": {
        "id": "10668c19-05c0-4255-9bd9-53a1f1de449d",
        "name": "Start to initialize dependency information.",
        "description": "",
        "type": "log"
      },
      "body": {
        "pid": 9272,
        "tid": "Main Thread",
        "startTime": 43901886477800
      },
      "additional": {
        "logType": "debug",
        "children": []
      }
    },
    {
      "head": {
        "id": "c0297712-b0b9-4cf2-b8a4-41319049f40f",
        "name": "Module ui_project Collected Dependency: ",
        "description": "",
        "type": "log"
      },
      "body": {
        "pid": 9272,
        "tid": "Main Thread",
        "startTime": 43901894676500
      },
      "additional": {
        "logType": "debug",
        "children": []
      }
    },
    {
      "head": {
        "id": "64581c55-bfb0-4b97-8771-78a8a7b5a7b2",
        "name": "Module ui_project's total dependency: 0",
        "description": "",
        "type": "log"
      },
      "body": {
        "pid": 9272,
        "tid": "Main Thread",
        "startTime": 43901894820200
      },
      "additional": {
        "logType": "debug",
        "children": []
      }
    },
    {
      "head": {
        "id": "1c949129-b252-4fcf-87dc-606ec461c51c",
        "name": "Start to initialize dependency information.",
        "description": "",
        "type": "log"
      },
      "body": {
        "pid": 9272,
        "tid": "Main Thread",
        "startTime": 43901895375100
      },
      "additional": {
        "logType": "debug",
        "children": []
      }
    },
    {
      "head": {
        "id": "102a7cbe-0603-4715-8fff-8f7f7dee03da",
        "name": "Module entry Collected Dependency: ",
        "description": "",
        "type": "log"
      },
      "body": {
        "pid": 9272,
        "tid": "Main Thread",
        "startTime": 43901897673200
      },
      "additional": {
        "logType": "debug",
        "children": []
      }
    },
    {
      "head": {
        "id": "a5fc8973-aad2-4753-9bec-e1b8952777cd",
        "name": "Module entry's total dependency: 0",
        "description": "",
        "type": "log"
      },
      "body": {
        "pid": 9272,
        "tid": "Main Thread",
        "startTime": 43901897871500
      },
      "additional": {
        "logType": "debug",
        "children": []
      }
    },
    {
      "head": {
        "id": "181e69fb-40ba-4ebc-9ca8-652e55c660af",
        "name": "eval hook",
        "description": "",
        "type": "log"
      },
      "body": {
        "pid": 9272,
        "tid": "Main Thread",
        "startTime": 43901886454600,
        "endTime": 43901899736500
      },
      "additional": {
        "logType": "info",
        "children": [],
        "durationId": "30cd3266-e649-4fec-8284-520050633924",
        "parent": "d9502846-1e45-4c55-8d28-b9e3cde2e790"
      }
    },
    {
      "head": {
        "id": "30839dc1-6cc1-46d2-8f62-3423f639058c",
        "name": "Configuration phase cost:127 ms ",
        "description": "",
        "type": "log"
      },
      "body": {
        "pid": 9272,
        "tid": "Main Thread",
        "startTime": 43901899787900
      },
      "additional": {
        "logType": "debug",
        "children": []
      }
    },
    {
      "head": {
        "id": "1ce657cd-d72a-4dca-afc4-5979a9e2e37f",
        "name": "fin configuration",
        "description": "",
        "type": "log"
      },
      "body": {
        "pid": 9272,
        "tid": "Main Thread",
        "startTime": 43901899759700,
        "endTime": 43901899900500
      },
      "additional": {
        "logType": "info",
        "children": [],
        "durationId": "823526e6-6228-4901-ac34-f46ca9fd3d7e",
        "parent": "d9502846-1e45-4c55-8d28-b9e3cde2e790"
      }
    },
    {
      "head": {
        "id": "d9502846-1e45-4c55-8d28-b9e3cde2e790",
        "name": "configure hvigor plugin",
        "description": "",
        "type": "log"
      },
      "body": {
        "pid": 9272,
        "tid": "Main Thread",
        "startTime": 43901773066000,
        "endTime": 43901899913900
      },
      "additional": {
        "logType": "info",
        "children": [
          "3b33d216-fa29-4e7d-8047-172ec2178cc9",
          "ff984727-c686-4b05-8844-3f5b3b7702cc",
          "4496e1cf-6929-496b-879f-f500705e3d6d",
          "8410ef2f-b640-4f8e-8c7e-53f792aad310",
          "de6ace20-5df8-47fd-a987-00ffe327b668",
          "aa74363e-4609-46e4-9cab-9e9623a0d78a",
          "181e69fb-40ba-4ebc-9ca8-652e55c660af",
          "1ce657cd-d72a-4dca-afc4-5979a9e2e37f",
          "6572936a-bca9-467c-b85d-2f65e593b046"
        ],
        "durationId": "36f148a7-dd88-481b-94e7-676fffd68039",
        "parent": "24e1837c-18b0-4636-b042-ca3db56727e0"
      }
    },
    {
      "head": {
        "id": "1cc733a8-cb13-482c-8595-04cb27e37df2",
        "name": "\"taskGraphResolved\" hook function",
        "description": "",
        "type": "duration"
      },
      "body": {
        "pid": 9272,
        "tid": "Main Thread",
        "startTime": 43901900580500,
        "endTime": 43901900594300
      },
      "additional": {
        "children": [],
        "state": "success",
        "targetName": "",
        "moduleName": "",
        "category": "",
        "taskRunReasons": [],
        "parent": "7789671b-f923-4e8b-96f5-351a4d6a8d94",
        "logId": "fad4f7b0-f5c0-4280-ae03-1ddf7076abe6"
      },
      "log": {
        "_logger": {
          "category": "DurationEvent",
          "context": {},
          "callStackSkipIndex": 0
        },
        "_filelogger": {
          "category": "debug-file",
          "context": {},
          "callStackSkipIndex": 0
        },
        "anonymizeFileLogger": {
          "fileLogger": {
            "category": "debug-file",
            "context": {},
            "callStackSkipIndex": 0
          }
        }
      }
    },
    {
      "head": {
        "id": "fad4f7b0-f5c0-4280-ae03-1ddf7076abe6",
        "name": "\"taskGraphResolved\" hook function",
        "description": "",
        "type": "log"
      },
      "body": {
        "pid": 9272,
        "tid": "Main Thread",
        "startTime": 43901900580500,
        "endTime": 43901900594300
      },
      "additional": {
        "logType": "info",
        "children": [],
        "durationId": "1cc733a8-cb13-482c-8595-04cb27e37df2",
        "parent": "24e1837c-18b0-4636-b042-ca3db56727e0"
      }
    },
    {
      "head": {
        "id": "780f0f0d-e41c-4091-9db8-9cd37fd25fb3",
        "name": "build task graph",
        "description": "",
        "type": "log"
      },
      "body": {
        "pid": 9272,
        "tid": "Main Thread",
        "startTime": 43901899941500,
        "endTime": 43901900605200
      },
      "additional": {
        "logType": "info",
        "children": [],
        "durationId": "df0fa946-16c6-425b-bd96-ce4f10b2de86",
        "parent": "24e1837c-18b0-4636-b042-ca3db56727e0"
      }
    },
    {
      "head": {
        "id": "be42b176-5ec4-4ec9-bdb7-06a6bafc4778",
        "name": "init task execution option",
        "description": "",
        "type": "log"
      },
      "body": {
        "pid": 9272,
        "tid": "Main Thread",
        "startTime": 43901900613200,
        "endTime": 43901900634900
      },
      "additional": {
        "logType": "info",
        "children": [],
        "durationId": "4846ad28-48d3-4e7f-8373-2eea9d242b9c",
        "parent": "24e1837c-18b0-4636-b042-ca3db56727e0"
      }
    },
    {
      "head": {
        "id": "24e1837c-18b0-4636-b042-ca3db56727e0",
        "name": "init",
        "description": "",
        "type": "log"
      },
      "body": {
        "pid": 9272,
        "tid": "Main Thread",
        "startTime": 43901768143700,
        "endTime": 43901900640400
      },
      "additional": {
        "logType": "info",
        "children": [
          "9701e2ba-9bf8-4363-9d97-195a8aa89d95",
          "d9502846-1e45-4c55-8d28-b9e3cde2e790",
          "780f0f0d-e41c-4091-9db8-9cd37fd25fb3",
          "be42b176-5ec4-4ec9-bdb7-06a6bafc4778",
          "ca5c1613-99e8-4ad6-b11c-83fe419032db",
          "fb86892c-5cff-4782-894e-32cfac38ded9",
          "fad4f7b0-f5c0-4280-ae03-1ddf7076abe6"
        ],
        "durationId": "7789671b-f923-4e8b-96f5-351a4d6a8d94"
      }
    },
    {
      "head": {
        "id": "f2347a8d-5b61-431f-9bd2-1607834eed0f",
        "name": "Configuration task cost before running: 133 ms ",
        "description": "",
        "type": "log"
      },
      "body": {
        "pid": 9272,
        "tid": "Main Thread",
        "startTime": 43901900799000
      },
      "additional": {
        "logType": "debug",
        "children": []
      }
    },
    {
      "head": {
        "id": "16aed2c5-51af-46b1-9836-8c99c818bc18",
        "name": "entry:default@PreBuild",
        "description": "Pre-build in the stage model.",
        "type": "duration"
      },
      "body": {
        "pid": 9272,
        "tid": "Main Thread",
        "startTime": 43901905237600,
        "endTime": 43901915838200
      },
      "additional": {
        "children": [],
        "state": "failed",
        "targetName": "default",
        "moduleName": "entry",
        "category": "Verification",
        "taskRunReasons": [],
        "detailId": "3797557c-215a-48e2-97d5-2a2961b1bf25",
        "logId": "33ef60df-845a-4c1b-95bb-058bf4067000"
      },
      "log": {
        "_logger": {
          "category": "DurationEvent",
          "context": {},
          "callStackSkipIndex": 0
        },
        "_filelogger": {
          "category": "debug-file",
          "context": {},
          "callStackSkipIndex": 0
        },
        "anonymizeFileLogger": {
          "fileLogger": {
            "category": "debug-file",
            "context": {},
            "callStackSkipIndex": 0
          }
        }
      }
    },
    {
      "head": {
        "id": "3797557c-215a-48e2-97d5-2a2961b1bf25",
        "name": "create entry:default@PreBuild task",
        "description": "",
        "type": "log"
      },
      "body": {
        "pid": 9272,
        "tid": "Main Thread",
        "startTime": 43901901027200
      },
      "additional": {
        "logType": "detail",
        "children": [],
        "durationId": "16aed2c5-51af-46b1-9836-8c99c818bc18"
      }
    },
    {
      "head": {
        "id": "a6abe7fd-125c-4030-8f53-3a3252a5a195",
        "name": "jsonObjWithoutParam {} at undefined",
        "description": "",
        "type": "log"
      },
      "body": {
        "pid": 9272,
        "tid": "Main Thread",
        "startTime": 43901901753800
      },
      "additional": {
        "logType": "debug",
        "children": []
      }
    },
    {
      "head": {
        "id": "20832cb0-4b63-463c-95c1-ccb0eaafa339",
        "name": "jsonObjWithoutParam {\"name\":\"entry\",\"version\":\"1.0.0\",\"description\":\"Please describe the basic information.\",\"main\":\"\",\"author\":\"\",\"license\":\"\",\"dependencies\":{}} at undefined",
        "description": "",
        "type": "log"
      },
      "body": {
        "pid": 9272,
        "tid": "Main Thread",
        "startTime": 43901901852400
      },
      "additional": {
        "logType": "debug",
        "children": []
      }
    },
    {
      "head": {
        "id": "0c8962c9-c4ad-48b3-a035-f4f394d02011",
        "name": "Executing task :entry:default@PreBuild",
        "description": "",
        "type": "log"
      },
      "body": {
        "pid": 9272,
        "tid": "Main Thread",
        "startTime": 43901905259700
      },
      "additional": {
        "logType": "debug",
        "children": []
      }
    },
    {
      "head": {
        "id": "f677f71b-dc3f-407e-87e0-d2c2372e3570",
        "name": "jsonObjWithoutParam {} at undefined",
        "description": "",
        "type": "log"
      },
      "body": {
        "pid": 9272,
        "tid": "Main Thread",
        "startTime": 43901909134400
      },
      "additional": {
        "logType": "debug",
        "children": []
      }
    },
    {
      "head": {
        "id": "291a7927-054a-4e3a-9fca-b73712bd02fb",
        "name": "jsonObjWithoutParam {\"name\":\"entry\",\"version\":\"1.0.0\",\"description\":\"Please describe the basic information.\",\"main\":\"\",\"author\":\"\",\"license\":\"\",\"dependencies\":{}} at undefined",
        "description": "",
        "type": "log"
      },
      "body": {
        "pid": 9272,
        "tid": "Main Thread",
        "startTime": 43901909263100
      },
      "additional": {
        "logType": "debug",
        "children": []
      }
    },
    {
      "head": {
        "id": "80f04e9e-e555-4545-b7b0-34d9613600cd",
        "name": "current product is not Atomic service.",
        "description": "",
        "type": "log"
      },
      "body": {
        "pid": 9272,
        "tid": "Main Thread",
        "startTime": 43901913123300
      },
      "additional": {
        "logType": "debug",
        "children": []
      }
    },
    {
      "head": {
        "id": "277a9c76-7ccd-40d6-9d5b-eb72d06d34e5",
        "name": "Use tool [win32: JAVA_HOME, CLASSPATH]\n [\n  { JAVA_HOME: 'F:\\\\deveco5.1.1\\\\DevEco Studio\\\\jbr' },\n  { CLASSPATH: undefined }\n]",
        "description": "",
        "type": "log"
      },
      "body": {
        "pid": 9272,
        "tid": "Main Thread",
        "startTime": 43901913657100
      },
      "additional": {
        "logType": "debug",
        "children": []
      }
    },
    {
      "head": {
        "id": "de03507c-6bee-4925-a5f6-648673fbbeb7",
        "name": "Use tool [win32: NODE_HOME]\n [ { NODE_HOME: 'F:\\\\deveco5.1.1\\\\DevEco Studio\\\\tools\\\\node' } ]",
        "description": "",
        "type": "log"
      },
      "body": {
        "pid": 9272,
        "tid": "Main Thread",
        "startTime": 43901913835200
      },
      "additional": {
        "logType": "debug",
        "children": []
      }
    },
    {
      "head": {
        "id": "33ef60df-845a-4c1b-95bb-058bf4067000",
        "name": "Failed :entry:default@PreBuild",
        "description": "Pre-build in the stage model.",
        "type": "log"
      },
      "body": {
        "pid": 9272,
        "tid": "Main Thread",
        "startTime": 43901905237600,
        "endTime": 43901915838200
      },
      "additional": {
        "logType": "error",
        "children": [],
        "durationId": "16aed2c5-51af-46b1-9836-8c99c818bc18"
      }
    },
    {
      "head": {
        "id": "f48a0f76-832e-4f20-ac66-89eb7b8d38da",
        "name": "hvigor build process will be closed with an error.",
        "description": "",
        "type": "log"
      },
      "body": {
        "pid": 9272,
        "tid": "Main Thread",
        "startTime": 43901916030100
      },
      "additional": {
        "logType": "debug",
        "children": [],
        "durationId": "16aed2c5-51af-46b1-9836-8c99c818bc18"
      }
    },
    {
      "head": {
        "id": "8a61d559-7578-4149-8357-a6a60282be35",
        "name": "\u001b[31m00303214 Configuration Error\r\nError Message: The type of target device does not match the device type configured by module: entry.\nRequired device type:tablet, current module device type:phone\r\n\r\n* Try the following:\r\n  > Make sure the deviceTypes field set in module.json5 under src/main of the module directory contains the required type.\r\n  > Make sure the device types specified under target in the build-profile.json5 file of the module directory contain the required one.\r\n  > Check whether the hvigorfile.ts or hvigorconfig.ts file contains any code that may change the module deviceTypes settings.\r\n\u001b[39m",
        "description": "",
        "type": "log"
      },
      "body": {
        "pid": 9272,
        "tid": "Main Thread",
        "startTime": 43901916091800
      },
      "additional": {
        "logType": "error",
        "children": [],
        "durationId": "16aed2c5-51af-46b1-9836-8c99c818bc18"
      }
    },
    {
      "head": {
        "id": "1509b09f-bf0a-4ee4-81e2-2fc9d20781c5",
        "name": "ERROR: stacktrace = AdaptorError: \u001b[31m00303214 Configuration Error\r\nError Message: The type of target device does not match the device type configured by module: entry.\nRequired device type:tablet, current module device type:phone\r\n\r\n* Try the following:\r\n  > Make sure the deviceTypes field set in module.json5 under src/main of the module directory contains the required type.\r\n  > Make sure the device types specified under target in the build-profile.json5 file of the module directory contain the required one.\r\n  > Check whether the hvigorfile.ts or hvigorconfig.ts file contains any code that may change the module deviceTypes settings.\r\n\u001b[39m\n    at OhosLogger.printErrorExit (F:\\deveco5.1.1\\DevEco Studio\\tools\\hvigor\\hvigor\\src\\base\\log\\hvigor-log.js:1:5062)\n    at PreBuild.checkDeviceTypes (F:\\deveco5.1.1\\DevEco Studio\\tools\\hvigor\\hvigor-ohos-plugin\\src\\tasks\\abstract\\abstract-pre-build.js:1:8586)\n    at PreBuild.doTaskAction (F:\\deveco5.1.1\\DevEco Studio\\tools\\hvigor\\hvigor-ohos-plugin\\src\\tasks\\abstract\\abstract-pre-build.js:1:7388)\n    at process.processTicksAndRejections (node:internal/process/task_queues:95:5)\n    at async PreBuild.<anonymous> (F:\\deveco5.1.1\\DevEco Studio\\tools\\hvigor\\hvigor-ohos-plugin\\src\\tasks\\task\\ohos-module-task.js:1:2035)\n    at async PreBuild.execute (F:\\deveco5.1.1\\DevEco Studio\\tools\\hvigor\\hvigor\\src\\base\\external\\task\\core-task-impl.js:1:2191)\n    at async TaskProxy.execute (F:\\deveco5.1.1\\DevEco Studio\\tools\\hvigor\\hvigor\\src\\base\\internal\\task\\proxy\\task-proxy.js:1:6131)\n    at async doIncrementalTask (F:\\deveco5.1.1\\DevEco Studio\\tools\\hvigor\\hvigor\\src\\base\\internal\\core\\incremental-task-executor.js:1:941)\n    at async executeOneTask (F:\\deveco5.1.1\\DevEco Studio\\tools\\hvigor\\hvigor\\src\\base\\internal\\task\\core\\task-runner.js:1:4215)\n    at async runTaskFromQueue (F:\\deveco5.1.1\\DevEco Studio\\tools\\hvigor\\hvigor\\src\\base\\internal\\task\\core\\task-runner.js:1:2306)",
        "description": "",
        "type": "log"
      },
      "body": {
        "pid": 9272,
        "tid": "Main Thread",
        "startTime": 43901916258900
      },
      "additional": {
        "logType": "debug",
        "children": [],
        "durationId": "16aed2c5-51af-46b1-9836-8c99c818bc18"
      }
    },
    {
      "head": {
        "id": "6faf1636-bee8-463d-a429-8c1dfd839aac",
        "name": "\"buildFinished\" hook function",
        "description": "",
        "type": "duration"
      },
      "body": {
        "pid": 9272,
        "tid": "Main Thread",
        "startTime": 43901921325700,
        "endTime": 43901921345700
      },
      "additional": {
        "children": [],
        "state": "success",
        "targetName": "",
        "moduleName": "",
        "category": "",
        "taskRunReasons": [],
        "parent": "2f37b90e-1022-4bf7-8d20-d3ca0b141a52",
        "logId": "81307cf7-944c-47a9-85f5-0e827676cf5a"
      },
      "log": {
        "_logger": {
          "category": "DurationEvent",
          "context": {},
          "callStackSkipIndex": 0
        },
        "_filelogger": {
          "category": "debug-file",
          "context": {},
          "callStackSkipIndex": 0
        },
        "anonymizeFileLogger": {
          "fileLogger": {
            "category": "debug-file",
            "context": {},
            "callStackSkipIndex": 0
          }
        }
      }
    },
    {
      "head": {
        "id": "81307cf7-944c-47a9-85f5-0e827676cf5a",
        "name": "\"buildFinished\" hook function",
        "description": "",
        "type": "log"
      },
      "body": {
        "pid": 9272,
        "tid": "Main Thread",
        "startTime": 43901921325700,
        "endTime": 43901921345700
      },
      "additional": {
        "logType": "info",
        "children": [],
        "durationId": "6faf1636-bee8-463d-a429-8c1dfd839aac"
      }
    },
    {
      "head": {
        "id": "5741a4fd-d097-40fc-abe0-5640f979199b",
        "name": "assembleHap",
        "description": "",
        "type": "mark"
      },
      "body": {
        "pid": 9272,
        "tid": "Main Thread",
        "startTime": 43901767842400,
        "endTime": 43901921589900
      },
      "additional": {
        "time": {
          "year": 2025,
          "month": 9,
          "day": 29,
          "hour": 9,
          "minute": 54,
          "second": 27
        },
        "completeCommand": "{\"mode\":\"module\",\"completeCommand\":\"--mode module -p module=entry@default -p product=default -p requiredDeviceType=tablet assembleHap --analyze=normal --parallel --incremental --daemon\",\"parallel\":true,\"prop\":[\"module=entry@default\",\"product=default\",\"requiredDeviceType=tablet\"],\"incremental\":true,\"_\":[\"assembleHap\"],\"daemon\":true,\"analyze\":\"normal\"};--mode module -p module=entry@default -p product=default -p requiredDeviceType=tablet assembleHap --analyze=normal --parallel --incremental --daemon",
        "hvigorVersion": "5.19.6",
        "markType": "history",
        "nodeVersion": "v18.20.1",
        "category": "build",
        "state": "failed"
      }
    },
    {
      "head": {
        "id": "d75abe93-5433-452f-8bba-c1703361c244",
        "name": "BUILD FAILED in 154 ms ",
        "description": "",
        "type": "log"
      },
      "body": {
        "pid": 9272,
        "tid": "Main Thread",
        "startTime": 43901921627700
      },
      "additional": {
        "logType": "error",
        "children": []
      }
    },
    {
      "head": {
        "id": "94ba797b-19d9-44ae-84ca-2d872d1c8617",
        "name": "Update task entry:default@PreBuild input file:F:\\DevEcoStudioProject\\ui_project\\AppScope\\app.json5 cache by regenerate.",
        "description": "",
        "type": "log"
      },
      "body": {
        "pid": 9272,
        "tid": "Main Thread",
        "startTime": 43901922787600
      },
      "additional": {
        "logType": "debug",
        "children": []
      }
    },
    {
      "head": {
        "id": "13ef50e2-597e-4f5a-893a-c33e138d6510",
        "name": "Update task entry:default@PreBuild input file:F:\\DevEcoStudioProject\\ui_project\\entry\\src\\main\\module.json5 cache by regenerate.",
        "description": "",
        "type": "log"
      },
      "body": {
        "pid": 9272,
        "tid": "Main Thread",
        "startTime": 43901923134000
      },
      "additional": {
        "logType": "debug",
        "children": []
      }
    },
    {
      "head": {
        "id": "b9ecc81d-822f-43dc-bc3d-33ff3bf4e551",
        "name": "Update task entry:default@PreBuild input file:F:\\DevEcoStudioProject\\ui_project\\build-profile.json5 cache by regenerate.",
        "description": "",
        "type": "log"
      },
      "body": {
        "pid": 9272,
        "tid": "Main Thread",
        "startTime": 43901923516500
      },
      "additional": {
        "logType": "debug",
        "children": []
      }
    },
    {
      "head": {
        "id": "6369ed04-d6fb-47e1-9199-f8770b497d97",
        "name": "Update task entry:default@PreBuild input file:F:\\DevEcoStudioProject\\ui_project\\entry\\build-profile.json5 cache by regenerate.",
        "description": "",
        "type": "log"
      },
      "body": {
        "pid": 9272,
        "tid": "Main Thread",
        "startTime": 43901924089000
      },
      "additional": {
        "logType": "debug",
        "children": []
      }
    },
    {
      "head": {
        "id": "88a2e7fb-8e8a-4edd-8b00-21f9b05f79de",
        "name": "Update task entry:default@PreBuild input file:F:\\DevEcoStudioProject\\ui_project\\entry\\src\\main\\resources\\base\\profile\\main_pages.json cache by regenerate.",
        "description": "",
        "type": "log"
      },
      "body": {
        "pid": 9272,
        "tid": "Main Thread",
        "startTime": 43901926282800
      },
      "additional": {
        "logType": "debug",
        "children": []
      }
    },
    {
      "head": {
        "id": "6215b107-38c8-4936-ac84-b650a706c78f",
        "name": "Update task entry:default@PreBuild input file:F:\\DevEcoStudioProject\\ui_project\\hvigor\\hvigor-config.json5 cache by regenerate.",
        "description": "",
        "type": "log"
      },
      "body": {
        "pid": 9272,
        "tid": "Main Thread",
        "startTime": 43901927051400
      },
      "additional": {
        "logType": "debug",
        "children": []
      }
    },
    {
      "head": {
        "id": "b3f8d010-170a-401a-ac36-4dc8d7b7115e",
        "name": "Update task entry:default@PreBuild input file:F:\\DevEcoStudioProject\\ui_project\\entry\\src\\mock\\mock-config.json5 cache by regenerate.",
        "description": "",
        "type": "log"
      },
      "body": {
        "pid": 9272,
        "tid": "Main Thread",
        "startTime": 43901927322800
      },
      "additional": {
        "logType": "debug",
        "children": []
      }
    },
    {
      "head": {
        "id": "d544f9de-5d61-41b5-9d49-9f847f3c4e28",
        "name": "Update task entry:default@PreBuild input file:F:\\DevEcoStudioProject\\ui_project\\entry\\oh-package.json5 cache by regenerate.",
        "description": "",
        "type": "log"
      },
      "body": {
        "pid": 9272,
        "tid": "Main Thread",
        "startTime": 43901927719600
      },
      "additional": {
        "logType": "debug",
        "children": []
      }
    },
    {
      "head": {
        "id": "7ecf5a14-d622-44e0-b761-8aa220516c7f",
        "name": "Update task entry:default@PreBuild input file:F:\\DevEcoStudioProject\\ui_project\\oh-package.json5 cache by regenerate.",
        "description": "",
        "type": "log"
      },
      "body": {
        "pid": 9272,
        "tid": "Main Thread",
        "startTime": 43901928019300
      },
      "additional": {
        "logType": "debug",
        "children": []
      }
    },
    {
      "head": {
        "id": "2f0c8fbd-7899-4476-9796-9ade593bc4b6",
        "name": "Incremental task entry:default@PreBuild post-execution cost:7 ms .",
        "description": "",
        "type": "log"
      },
      "body": {
        "pid": 9272,
        "tid": "Main Thread",
        "startTime": 43901928384000
      },
      "additional": {
        "logType": "debug",
        "children": []
      }
    }
  ],
  "workLog": []
}